system:index,date,day,location,maximum_2m_air_temperature,mean_2m_air_temperature,minimum_2m_air_temperature,month,total_precipitation,year,.geo
1_20190101,2019-01-01T00:00:00,1.0,Point1,310.32794859852953,300.5084204037162,292.5709280409373,1.0,0.0,2019.0,"{""type"":""MultiPoint"",""coordinates"":[]}"
1_20190102,2019-01-02T00:00:00,2.0,Point1,308.71569585397197,300.5627784537067,294.32018013442143,1.0,0.0,2019.0,"{""type"":""MultiPoint"",""coordinates"":[]}"
1_20190103,2019-01-03T00:00:00,3.0,Point1,307.0030270587145,297.79893616715515,291.1661112669199,1.0,0.0,2019.0,"{""type"":""MultiPoint"",""coordinates"":[]}"
1_20190104,2019-01-04T00:00:00,4.0,Point1,303.1156128773464,295.2793626836059,289.81599289342194,1.0,0.0,2019.0,"{""type"":""MultiPoint"",""coordinates"":[]}"
1_20190105,2019-01-05T00:00:00,5.0,Point1,306.04396917974765,297.32881816986816,290.8617120090306,1.0,0.0,2019.0,"{""type"":""MultiPoint"",""coordinates"":[]}"
1_20190106,2019-01-06T00:00:00,6.0,Point1,305.33873735325096,296.97508647397495,290.9018937607002,1.0,0.0,2019.0,"{""type"":""MultiPoint"",""coordinates"":[]}"
1_20190107,2019-01-07T00:00:00,7.0,Point1,304.2525070687602,297.1337318019766,291.71964342815085,1.0,0.0,2019.0,"{""type"":""MultiPoint"",""coordinates"":[]}"
1_20190108,2019-01-08T00:00:00,8.0,Point1,307.90466036527994,297.39012752218224,288.8603940792958,1.0,0.0,2019.0,"{""type"":""MultiPoint"",""coordinates"":[]}"
1_20190109,2019-01-09T00:00:00,9.0,Point1,308.1341281071132,297.6153059424551,289.3813666218416,1.0,0.0,2019.0,"{""type"":""MultiPoint"",""coordinates"":[]}"
1_20190110,2019-01-10T00:00:00,10.0,Point1,304.0196056558835,295.74295260703457,289.32736848726177,1.0,1.862645149230957E-9,2019.0,"{""type"":""MultiPoint"",""coordinates"":[]}"
1_20190111,2019-01-11T00:00:00,11.0,Point1,304.26103689359496,295.9239570558418,288.7082550062245,1.0,4.284083843231201E-8,2019.0,"{""type"":""MultiPoint"",""coordinates"":[]}"
1_20190112,2019-01-12T00:00:00,12.0,Point1,308.6487755815751,297.84438469734766,289.63315378226076,1.0,0.0,2019.0,"{""type"":""MultiPoint"",""coordinates"":[]}"
1_20190113,2019-01-13T00:00:00,13.0,Point1,309.9226413503377,298.83686472244415,289.41002493988736,1.0,0.0,2019.0,"{""type"":""MultiPoint"",""coordinates"":[]}"
1_20190114,2019-01-14T00:00:00,14.0,Point1,309.8174308451495,299.3324709306168,290.99548882931714,1.0,0.0,2019.0,"{""type"":""MultiPoint"",""coordinates"":[]}"
1_20190115,2019-01-15T00:00:00,15.0,Point1,309.02030438185625,298.70959368153194,290.9055607836573,1.0,0.0,2019.0,"{""type"":""MultiPoint"",""coordinates"":[]}"
1_20190116,2019-01-16T00:00:00,16.0,Point1,308.16179111770117,298.2039266681992,290.95339592829356,1.0,0.0,2019.0,"{""type"":""MultiPoint"",""coordinates"":[]}"
1_20190117,2019-01-17T00:00:00,17.0,Point1,307.1313766010645,297.7861762505924,290.2875290494668,1.0,8.568167686462402E-8,2019.0,"{""type"":""MultiPoint"",""coordinates"":[]}"
1_20190118,2019-01-18T00:00:00,18.0,Point1,303.80664242734247,296.70509006905934,290.68084826070407,1.0,0.0,2019.0,"{""type"":""MultiPoint"",""coordinates"":[]}"
1_20190119,2019-01-19T00:00:00,19.0,Point1,302.03676607125345,295.44448772335573,289.9212481649799,1.0,0.0,2019.0,"{""type"":""MultiPoint"",""coordinates"":[]}"
1_20190120,2019-01-20T00:00:00,20.0,Point1,304.0457239337814,295.17672398540964,287.90344885574126,1.0,0.0,2019.0,"{""type"":""MultiPoint"",""coordinates"":[]}"
1_20190121,2019-01-21T00:00:00,21.0,Point1,304.84978082561923,294.9425016359127,287.2172533998409,1.0,0.0,2019.0,"{""type"":""MultiPoint"",""coordinates"":[]}"
1_20190122,2019-01-22T00:00:00,22.0,Point1,304.0789821725942,294.9928120601033,287.16692918899804,1.0,0.0,2019.0,"{""type"":""MultiPoint"",""coordinates"":[]}"
1_20190123,2019-01-23T00:00:00,23.0,Point1,302.87868873156793,294.8896226844268,288.460439561534,1.0,0.0,2019.0,"{""type"":""MultiPoint"",""coordinates"":[]}"
1_20190124,2019-01-24T00:00:00,24.0,Point1,306.096609703244,296.7424555660128,289.30530149649826,1.0,1.862645149230957E-9,2019.0,"{""type"":""MultiPoint"",""coordinates"":[]}"
1_20190125,2019-01-25T00:00:00,25.0,Point1,306.70511517961006,297.6134326482551,290.1282291402104,1.0,4.284083843231201E-8,2019.0,"{""type"":""MultiPoint"",""coordinates"":[]}"
1_20190126,2019-01-26T00:00:00,26.0,Point1,307.8993695301814,298.92997716579725,291.52128445065006,1.0,0.0,2019.0,"{""type"":""MultiPoint"",""coordinates"":[]}"
1_20190127,2019-01-27T00:00:00,27.0,Point1,308.507517176726,300.04087641529054,292.70490515528496,1.0,0.0,2019.0,"{""type"":""MultiPoint"",""coordinates"":[]}"
1_20190128,2019-01-28T00:00:00,28.0,Point1,307.582683808278,298.9651506565668,291.5178913539275,1.0,0.0,2019.0,"{""type"":""MultiPoint"",""coordinates"":[]}"
1_20190129,2019-01-29T00:00:00,29.0,Point1,307.17520014587865,297.9343754329199,291.1606665052183,1.0,0.0,2019.0,"{""type"":""MultiPoint"",""coordinates"":[]}"
1_20190130,2019-01-30T00:00:00,30.0,Point1,307.6540005201122,297.01013474592304,288.8085748425483,1.0,0.0,2019.0,"{""type"":""MultiPoint"",""coordinates"":[]}"
1_20190131,2019-01-31T00:00:00,31.0,Point1,306.0831678944977,296.87343053690574,290.20235998539334,1.0,0.0,2019.0,"{""type"":""MultiPoint"",""coordinates"":[]}"
1_20190201,2019-02-01T00:00:00,1.0,Point1,307.4577933576028,297.0363555918638,289.19181797716516,2.0,0.0,2019.0,"{""type"":""MultiPoint"",""coordinates"":[]}"
1_20190202,2019-02-02T00:00:00,2.0,Point1,307.0251120356332,297.3888355423025,289.62187500655943,2.0,0.0,2019.0,"{""type"":""MultiPoint"",""coordinates"":[]}"
1_20190203,2019-02-03T00:00:00,3.0,Point1,307.5263780999456,297.70861301195714,290.38004555403364,2.0,0.0,2019.0,"{""type"":""MultiPoint"",""coordinates"":[]}"
1_20190204,2019-02-04T00:00:00,4.0,Point1,306.8556361397583,297.51969878883546,290.2564893361674,2.0,4.470348358154297E-8,2019.0,"{""type"":""MultiPoint"",""coordinates"":[]}"
1_20190205,2019-02-05T00:00:00,5.0,Point1,307.7216022091369,298.07939792484177,290.12080786330785,2.0,4.284083843231201E-8,2019.0,"{""type"":""MultiPoint"",""coordinates"":[]}"
1_20190206,2019-02-06T00:00:00,6.0,Point1,308.31895471747765,298.51479564668807,290.6161799190228,2.0,1.862645149230957E-9,2019.0,"{""type"":""MultiPoint"",""coordinates"":[]}"
1_20190207,2019-02-07T00:00:00,7.0,Point1,308.21798337536046,299.06239681477757,292.0937251622604,2.0,4.284083843231201E-8,2019.0,"{""type"":""MultiPoint"",""coordinates"":[]}"
1_20190208,2019-02-08T00:00:00,8.0,Point1,307.0636872785429,299.08877954953095,293.02216354652614,2.0,0.0,2019.0,"{""type"":""MultiPoint"",""coordinates"":[]}"
1_20190209,2019-02-09T00:00:00,9.0,Point1,309.3958798195563,299.56562024533434,291.85890786235865,2.0,1.862645149230957E-9,2019.0,"{""type"":""MultiPoint"",""coordinates"":[]}"
1_20190210,2019-02-10T00:00:00,10.0,Point1,310.11530421465113,300.3203493712451,293.0338247646824,2.0,4.284083843231201E-8,2019.0,"{""type"":""MultiPoint"",""coordinates"":[]}"
1_20190211,2019-02-11T00:00:00,11.0,Point1,311.0278293508434,301.58377293146077,294.4383024970681,2.0,0.0,2019.0,"{""type"":""MultiPoint"",""coordinates"":[]}"
1_20190212,2019-02-12T00:00:00,12.0,Point1,310.55364288975585,300.9832777491325,292.8833083931281,2.0,0.0,2019.0,"{""type"":""MultiPoint"",""coordinates"":[]}"
1_20190213,2019-02-13T00:00:00,13.0,Point1,309.79853904060366,301.0612860947919,294.19427575655584,2.0,0.0,2019.0,"{""type"":""MultiPoint"",""coordinates"":[]}"
1_20190214,2019-02-14T00:00:00,14.0,Point1,310.0661168406155,301.8311261148226,296.10550149926274,2.0,0.0,2019.0,"{""type"":""MultiPoint"",""coordinates"":[]}"
1_20190215,2019-02-15T00:00:00,15.0,Point1,309.42190614966506,301.98378637344695,296.69204610392546,2.0,0.0,2019.0,"{""type"":""MultiPoint"",""coordinates"":[]}"
1_20190216,2019-02-16T00:00:00,16.0,Point1,306.6012832636384,300.6432813978249,295.6792958937744,2.0,0.0,2019.0,"{""type"":""MultiPoint"",""coordinates"":[]}"
1_20190217,2019-02-17T00:00:00,17.0,Point1,307.97948307292467,299.8695260952113,293.4148111205954,2.0,0.0,2019.0,"{""type"":""MultiPoint"",""coordinates"":[]}"
1_20190218,2019-02-18T00:00:00,18.0,Point1,306.61310588908805,298.25740074600105,291.88727646690216,2.0,0.0,2019.0,"{""type"":""MultiPoint"",""coordinates"":[]}"
1_20190219,2019-02-19T00:00:00,19.0,Point1,305.95438874020005,298.25128013123003,293.6736686094954,2.0,1.862645149230957E-9,2019.0,"{""type"":""MultiPoint"",""coordinates"":[]}"
1_20190220,2019-02-20T00:00:00,20.0,Point1,308.615375249901,298.31209585042507,290.15455756318585,2.0,4.0978193283081055E-8,2019.0,"{""type"":""MultiPoint"",""coordinates"":[]}"
1_20190221,2019-02-21T00:00:00,21.0,Point1,309.00553979389633,299.6855959974032,292.0255616298787,2.0,0.0,2019.0,"{""type"":""MultiPoint"",""coordinates"":[]}"
1_20190222,2019-02-22T00:00:00,22.0,Point1,311.09174302834276,301.4156294660524,293.4205030879478,2.0,0.0,2019.0,"{""type"":""MultiPoint"",""coordinates"":[]}"
1_20190223,2019-02-23T00:00:00,23.0,Point1,308.8131899676915,301.4781163114871,295.1013366496474,2.0,0.0,2019.0,"{""type"":""MultiPoint"",""coordinates"":[]}"
1_20190224,2019-02-24T00:00:00,24.0,Point1,307.48244785019824,300.3445906071442,295.42280983879454,2.0,0.0,2019.0,"{""type"":""MultiPoint"",""coordinates"":[]}"
1_20190225,2019-02-25T00:00:00,25.0,Point1,306.9423100628633,298.5147701962414,291.4397377206843,2.0,0.0,2019.0,"{""type"":""MultiPoint"",""coordinates"":[]}"
1_20190226,2019-02-26T00:00:00,26.0,Point1,305.95856187552187,297.95688200143707,291.37582056819707,2.0,0.0,2019.0,"{""type"":""MultiPoint"",""coordinates"":[]}"
1_20190227,2019-02-27T00:00:00,27.0,Point1,304.8909816998171,297.64568380698995,292.4192084395875,2.0,0.0,2019.0,"{""type"":""MultiPoint"",""coordinates"":[]}"
1_20190228,2019-02-28T00:00:00,28.0,Point1,305.20522218717,297.7078181729809,291.2812403189316,2.0,0.0,2019.0,"{""type"":""MultiPoint"",""coordinates"":[]}"
1_20190301,2019-03-01T00:00:00,1.0,Point1,304.48331965322143,297.5882039061046,291.8682969707194,3.0,0.0,2019.0,"{""type"":""MultiPoint"",""coordinates"":[]}"
1_20190302,2019-03-02T00:00:00,2.0,Point1,306.0594465516531,297.3271623404327,290.33679825342676,3.0,0.0,2019.0,"{""type"":""MultiPoint"",""coordinates"":[]}"
1_20190303,2019-03-03T00:00:00,3.0,Point1,307.3622368365376,296.94795143791214,288.4829451923558,3.0,0.0,2019.0,"{""type"":""MultiPoint"",""coordinates"":[]}"
1_20190304,2019-03-04T00:00:00,4.0,Point1,308.08158974169794,297.71041262180665,289.38659440775217,3.0,0.0,2019.0,"{""type"":""MultiPoint"",""coordinates"":[]}"
1_20190305,2019-03-05T00:00:00,5.0,Point1,309.8175319298752,298.15098663385237,289.43191011022697,3.0,0.0,2019.0,"{""type"":""MultiPoint"",""coordinates"":[]}"
1_20190306,2019-03-06T00:00:00,6.0,Point1,308.8419698864567,298.9097863822008,291.6986130749869,3.0,0.0,2019.0,"{""type"":""MultiPoint"",""coordinates"":[]}"
1_20190307,2019-03-07T00:00:00,7.0,Point1,309.33816082132483,298.40567072654557,290.39481230957483,3.0,0.0,2019.0,"{""type"":""MultiPoint"",""coordinates"":[]}"
1_20190308,2019-03-08T00:00:00,8.0,Point1,308.6046294070298,298.6986720469159,290.4860806301398,3.0,0.0,2019.0,"{""type"":""MultiPoint"",""coordinates"":[]}"
1_20190309,2019-03-09T00:00:00,9.0,Point1,308.396044925453,299.0296466561477,291.42326067485243,3.0,0.0,2019.0,"{""type"":""MultiPoint"",""coordinates"":[]}"
1_20190310,2019-03-10T00:00:00,10.0,Point1,310.03635595710284,299.43251306756406,291.4499816790177,3.0,0.0,2019.0,"{""type"":""MultiPoint"",""coordinates"":[]}"
1_20190311,2019-03-11T00:00:00,11.0,Point1,311.13639788236065,300.4575044327188,290.92414771504843,3.0,0.0,2019.0,"{""type"":""MultiPoint"",""coordinates"":[]}"
1_20190312,2019-03-12T00:00:00,12.0,Point1,309.7149246631,300.9169802628208,292.97601633955657,3.0,0.0,2019.0,"{""type"":""MultiPoint"",""coordinates"":[]}"
1_20190313,2019-03-13T00:00:00,13.0,Point1,309.4965919791667,301.44843389322807,295.61639732564703,3.0,0.0,2019.0,"{""type"":""MultiPoint"",""coordinates"":[]}"
1_20190314,2019-03-14T00:00:00,14.0,Point1,310.0205615503311,301.29451157003075,294.23768616840744,3.0,0.0,2019.0,"{""type"":""MultiPoint"",""coordinates"":[]}"
1_20190315,2019-03-15T00:00:00,15.0,Point1,310.8936385090947,300.44884846478465,291.8253943110811,3.0,0.0,2019.0,"{""type"":""MultiPoint"",""coordinates"":[]}"
1_20190316,2019-03-16T00:00:00,16.0,Point1,311.5440694341137,300.11135534350143,289.7948160317326,3.0,4.284083843231201E-8,2019.0,"{""type"":""MultiPoint"",""coordinates"":[]}"
1_20190317,2019-03-17T00:00:00,17.0,Point1,311.40775476958544,300.76708748236837,291.48081138737183,3.0,0.0,2019.0,"{""type"":""MultiPoint"",""coordinates"":[]}"
1_20190318,2019-03-18T00:00:00,18.0,Point1,312.8262650496935,301.6063409629853,292.01591363567434,3.0,0.0,2019.0,"{""type"":""MultiPoint"",""coordinates"":[]}"
1_20190319,2019-03-19T00:00:00,19.0,Point1,312.1012074012714,302.36714021422705,294.85464341431646,3.0,0.0,2019.0,"{""type"":""MultiPoint"",""coordinates"":[]}"
1_20190320,2019-03-20T00:00:00,20.0,Point1,312.5803534406333,302.37285599068696,293.9236817103931,3.0,0.0,2019.0,"{""type"":""MultiPoint"",""coordinates"":[]}"
1_20190321,2019-03-21T00:00:00,21.0,Point1,310.86185673757535,300.4817772312266,291.986364071967,3.0,0.0,2019.0,"{""type"":""MultiPoint"",""coordinates"":[]}"
1_20190322,2019-03-22T00:00:00,22.0,Point1,304.6949828084857,297.94083165160436,292.5304603817048,3.0,1.862645149230957E-9,2019.0,"{""type"":""MultiPoint"",""coordinates"":[]}"
1_20190323,2019-03-23T00:00:00,23.0,Point1,304.6244031503528,297.5357495948442,291.736108318234,3.0,4.284083843231201E-8,2019.0,"{""type"":""MultiPoint"",""coordinates"":[]}"
1_20190324,2019-03-24T00:00:00,24.0,Point1,304.9125913040739,296.9549969569781,289.6464316851812,3.0,0.0,2019.0,"{""type"":""MultiPoint"",""coordinates"":[]}"
1_20190325,2019-03-25T00:00:00,25.0,Point1,304.7180978770272,297.3281436629652,290.65642704846516,3.0,0.0,2019.0,"{""type"":""MultiPoint"",""coordinates"":[]}"
1_20190326,2019-03-26T00:00:00,26.0,Point1,304.73408703368204,297.30488785220126,291.3754475056749,3.0,0.0,2019.0,"{""type"":""MultiPoint"",""coordinates"":[]}"
1_20190327,2019-03-27T00:00:00,27.0,Point1,306.08744158681225,298.36677480085206,291.7525685049339,3.0,1.862645149230957E-9,2019.0,"{""type"":""MultiPoint"",""coordinates"":[]}"
1_20190328,2019-03-28T00:00:00,28.0,Point1,307.03622116902085,299.4285414889867,293.1553914350256,3.0,4.0978193283081055E-8,2019.0,"{""type"":""MultiPoint"",""coordinates"":[]}"
1_20190329,2019-03-29T00:00:00,29.0,Point1,307.5718837296582,300.3030091137047,294.45465612343946,3.0,1.3907901368768469E-5,2019.0,"{""type"":""MultiPoint"",""coordinates"":[]}"
1_20190330,2019-03-30T00:00:00,30.0,Point1,307.6804866845744,300.45375306043405,294.0450510577822,3.0,1.8174304222843404E-4,2019.0,"{""type"":""MultiPoint"",""coordinates"":[]}"
1_20190331,2019-03-31T00:00:00,31.0,Point1,309.22159728959184,301.78340718624025,294.473527207756,3.0,0.0,2019.0,"{""type"":""MultiPoint"",""coordinates"":[]}"
1_20190401,2019-04-01T00:00:00,1.0,Point1,310.6242335274191,303.2879190322425,296.70412538800605,4.0,0.0,2019.0,"{""type"":""MultiPoint"",""coordinates"":[]}"
1_20190402,2019-04-02T00:00:00,2.0,Point1,309.83548753604333,302.51170280172926,296.2833873261856,4.0,0.0,2019.0,"{""type"":""MultiPoint"",""coordinates"":[]}"
1_20190403,2019-04-03T00:00:00,3.0,Point1,308.43011292586215,300.9732831714849,295.1356844022251,4.0,0.0,2019.0,"{""type"":""MultiPoint"",""coordinates"":[]}"
1_20190404,2019-04-04T00:00:00,4.0,Point1,306.9591936926995,299.867350708145,293.8620230688859,4.0,0.0,2019.0,"{""type"":""MultiPoint"",""coordinates"":[]}"
1_20190405,2019-04-05T00:00:00,5.0,Point1,308.7562318546307,301.54156854310963,294.79169970265445,4.0,0.0,2019.0,"{""type"":""MultiPoint"",""coordinates"":[]}"
1_20190406,2019-04-06T00:00:00,6.0,Point1,310.5138417931064,303.0621455706276,296.47547300412447,4.0,0.0,2019.0,"{""type"":""MultiPoint"",""coordinates"":[]}"
1_20190407,2019-04-07T00:00:00,7.0,Point1,310.90103699657715,304.0361902474437,297.41389250288285,4.0,0.0,2019.0,"{""type"":""MultiPoint"",""coordinates"":[]}"
1_20190408,2019-04-08T00:00:00,8.0,Point1,312.82638857648953,305.13829749612694,298.94982438327156,4.0,0.0,2019.0,"{""type"":""MultiPoint"",""coordinates"":[]}"
1_20190409,2019-04-09T00:00:00,9.0,Point1,312.71960098142125,304.86648802118805,297.33347941947375,4.0,4.0978193283081055E-8,2019.0,"{""type"":""MultiPoint"",""coordinates"":[]}"
1_20190410,2019-04-10T00:00:00,10.0,Point1,311.8635929643039,304.6738575200274,297.9640392821324,4.0,0.0,2019.0,"{""type"":""MultiPoint"",""coordinates"":[]}"
1_20190411,2019-04-11T00:00:00,11.0,Point1,310.5985627268716,302.6965156940168,295.14966045269887,4.0,4.284083843231201E-8,2019.0,"{""type"":""MultiPoint"",""coordinates"":[]}"
1_20190412,2019-04-12T00:00:00,12.0,Point1,308.5671897367532,301.07622532958453,293.94062527668723,4.0,0.0,2019.0,"{""type"":""MultiPoint"",""coordinates"":[]}"
1_20190413,2019-04-13T00:00:00,13.0,Point1,309.26661907757136,299.928011530245,291.2046979544806,4.0,0.0,2019.0,"{""type"":""MultiPoint"",""coordinates"":[]}"
1_20190414,2019-04-14T00:00:00,14.0,Point1,310.5105262522669,300.51305933647615,290.91626358349026,4.0,0.0,2019.0,"{""type"":""MultiPoint"",""coordinates"":[]}"
1_20190415,2019-04-15T00:00:00,15.0,Point1,311.2404207392947,301.7450839924968,293.53200788424783,4.0,0.0,2019.0,"{""type"":""MultiPoint"",""coordinates"":[]}"
1_20190416,2019-04-16T00:00:00,16.0,Point1,312.73907452813876,301.9722928104062,292.514005883788,4.0,0.0,2019.0,"{""type"":""MultiPoint"",""coordinates"":[]}"
1_20190417,2019-04-17T00:00:00,17.0,Point1,311.5163298545331,301.94433895333026,293.6809407123736,4.0,1.862645149230957E-9,2019.0,"{""type"":""MultiPoint"",""coordinates"":[]}"
1_20190418,2019-04-18T00:00:00,18.0,Point1,311.3811832763589,302.37487662675323,293.86787601568034,4.0,4.284083843231201E-8,2019.0,"{""type"":""MultiPoint"",""coordinates"":[]}"
1_20190419,2019-04-19T00:00:00,19.0,Point1,312.08373184133285,303.5144007264779,296.585392163953,4.0,0.0,2019.0,"{""type"":""MultiPoint"",""coordinates"":[]}"
1_20190420,2019-04-20T00:00:00,20.0,Point1,311.4863127178793,301.7777902494044,293.79646871116853,4.0,0.0,2019.0,"{""type"":""MultiPoint"",""coordinates"":[]}"
1_20190421,2019-04-21T00:00:00,21.0,Point1,308.48318700141454,300.01144791115274,292.4866551465431,4.0,0.0,2019.0,"{""type"":""MultiPoint"",""coordinates"":[]}"
1_20190422,2019-04-22T00:00:00,22.0,Point1,307.13834829564786,299.152877095774,291.93899757065105,4.0,0.0,2019.0,"{""type"":""MultiPoint"",""coordinates"":[]}"
1_20190423,2019-04-23T00:00:00,23.0,Point1,307.41901439483945,298.7991747084433,290.9293772078919,4.0,0.0,2019.0,"{""type"":""MultiPoint"",""coordinates"":[]}"
1_20190424,2019-04-24T00:00:00,24.0,Point1,309.7786785850806,300.422967262747,291.74369614857216,4.0,0.0,2019.0,"{""type"":""MultiPoint"",""coordinates"":[]}"
1_20190425,2019-04-25T00:00:00,25.0,Point1,312.05431604900156,303.00132702343933,294.8233082704077,4.0,0.0,2019.0,"{""type"":""MultiPoint"",""coordinates"":[]}"
1_20190426,2019-04-26T00:00:00,26.0,Point1,314.570897316142,304.82596535398744,296.4905425427591,4.0,0.0,2019.0,"{""type"":""MultiPoint"",""coordinates"":[]}"
1_20190427,2019-04-27T00:00:00,27.0,Point1,313.633380078354,305.6707085862914,298.4390020608542,4.0,0.0,2019.0,"{""type"":""MultiPoint"",""coordinates"":[]}"
1_20190428,2019-04-28T00:00:00,28.0,Point1,314.1647465538018,305.3537232834712,297.40015378319106,4.0,1.862645149230957E-9,2019.0,"{""type"":""MultiPoint"",""coordinates"":[]}"
1_20190429,2019-04-29T00:00:00,29.0,Point1,314.37047061656494,305.43044611472584,297.89345146351764,4.0,4.284083843231201E-8,2019.0,"{""type"":""MultiPoint"",""coordinates"":[]}"
1_20190430,2019-04-30T00:00:00,30.0,Point1,311.3279000008778,302.4882630611001,294.90508065841664,4.0,0.0,2019.0,"{""type"":""MultiPoint"",""coordinates"":[]}"
1_20190501,2019-05-01T00:00:00,1.0,Point1,306.882671273277,298.71852319704453,292.1036246793888,5.0,1.862645149230957E-9,2019.0,"{""type"":""MultiPoint"",""coordinates"":[]}"
1_20190502,2019-05-02T00:00:00,2.0,Point1,306.6182072754861,298.63769263954725,291.8590520229194,5.0,4.0978193283081055E-8,2019.0,"{""type"":""MultiPoint"",""coordinates"":[]}"
1_20190503,2019-05-03T00:00:00,3.0,Point1,306.17385641089356,298.2914493261333,291.43921058546334,5.0,0.0,2019.0,"{""type"":""MultiPoint"",""coordinates"":[]}"
1_20190504,2019-05-04T00:00:00,4.0,Point1,308.2327243196884,299.6376315298524,291.73724980475674,5.0,4.0978193283081055E-8,2019.0,"{""type"":""MultiPoint"",""coordinates"":[]}"
1_20190505,2019-05-05T00:00:00,5.0,Point1,311.8666984375859,302.15619447622504,293.9390623923663,5.0,0.0,2019.0,"{""type"":""MultiPoint"",""coordinates"":[]}"
1_20190506,2019-05-06T00:00:00,6.0,Point1,315.56517384879317,304.888110370048,296.2053160997953,5.0,1.862645149230957E-9,2019.0,"{""type"":""MultiPoint"",""coordinates"":[]}"
1_20190507,2019-05-07T00:00:00,7.0,Point1,316.35358574044386,306.81980329130323,298.18945832033785,5.0,4.284083843231201E-8,2019.0,"{""type"":""MultiPoint"",""coordinates"":[]}"
1_20190508,2019-05-08T00:00:00,8.0,Point1,316.5014997292879,305.91583070079037,296.113718414195,5.0,0.0,2019.0,"{""type"":""MultiPoint"",""coordinates"":[]}"
1_20190509,2019-05-09T00:00:00,9.0,Point1,315.4842883176154,304.22633567468296,295.53442477029233,5.0,0.0,2019.0,"{""type"":""MultiPoint"",""coordinates"":[]}"
1_20190510,2019-05-10T00:00:00,10.0,Point1,310.35811801001216,301.1602086789338,293.7758949871995,5.0,0.0,2019.0,"{""type"":""MultiPoint"",""coordinates"":[]}"
1_20190511,2019-05-11T00:00:00,11.0,Point1,309.9478609987838,300.797779036479,293.40073999767634,5.0,0.0,2019.0,"{""type"":""MultiPoint"",""coordinates"":[]}"
1_20190512,2019-05-12T00:00:00,12.0,Point1,310.405787981667,300.80908772301467,293.1222051974822,5.0,0.0,2019.0,"{""type"":""MultiPoint"",""coordinates"":[]}"
1_20190513,2019-05-13T00:00:00,13.0,Point1,309.5336340413727,299.70419043184614,291.71230488458,5.0,0.0,2019.0,"{""type"":""MultiPoint"",""coordinates"":[]}"
1_20190514,2019-05-14T00:00:00,14.0,Point1,309.9959492033295,299.80537638986397,291.78703647330457,5.0,0.0,2019.0,"{""type"":""MultiPoint"",""coordinates"":[]}"
1_20190515,2019-05-15T00:00:00,15.0,Point1,307.4393748520559,299.0695136776832,292.0842890469008,5.0,0.0,2019.0,"{""type"":""MultiPoint"",""coordinates"":[]}"
1_20190516,2019-05-16T00:00:00,16.0,Point1,307.30911480436504,299.42007136506805,292.639494855265,5.0,3.936378647699814E-6,2019.0,"{""type"":""MultiPoint"",""coordinates"":[]}"
1_20190517,2019-05-17T00:00:00,17.0,Point1,307.97305321852974,300.0732695103554,292.5822782022196,5.0,0.0,2019.0,"{""type"":""MultiPoint"",""coordinates"":[]}"
1_20190518,2019-05-18T00:00:00,18.0,Point1,306.7963249993298,299.9603429699928,293.91470080054177,5.0,2.556420923819628E-5,2019.0,"{""type"":""MultiPoint"",""coordinates"":[]}"
1_20190519,2019-05-19T00:00:00,19.0,Point1,307.3417801992329,300.65404266719696,294.1195296298301,5.0,8.128573058445939E-7,2019.0,"{""type"":""MultiPoint"",""coordinates"":[]}"
1_20190520,2019-05-20T00:00:00,20.0,Point1,308.4899775330039,300.71771060596444,293.88444343504653,5.0,0.0,2019.0,"{""type"":""MultiPoint"",""coordinates"":[]}"
1_20190521,2019-05-21T00:00:00,21.0,Point1,310.89256178465655,302.26080678709036,294.34457556526235,5.0,0.0,2019.0,"{""type"":""MultiPoint"",""coordinates"":[]}"
1_20190522,2019-05-22T00:00:00,22.0,Point1,310.6802146903794,302.3103335024026,295.0823270383947,5.0,4.284083843231201E-8,2019.0,"{""type"":""MultiPoint"",""coordinates"":[]}"
1_20190523,2019-05-23T00:00:00,23.0,Point1,310.7644362202504,301.85523491805816,294.441503937258,5.0,0.0,2019.0,"{""type"":""MultiPoint"",""coordinates"":[]}"
1_20190524,2019-05-24T00:00:00,24.0,Point1,311.18030749834327,301.782498810126,294.1396232732815,5.0,0.0,2019.0,"{""type"":""MultiPoint"",""coordinates"":[]}"
1_20190525,2019-05-25T00:00:00,25.0,Point1,309.8663024171867,301.4677540857985,294.22139463414896,5.0,0.0,2019.0,"{""type"":""MultiPoint"",""coordinates"":[]}"
1_20190526,2019-05-26T00:00:00,26.0,Point1,307.2854891794695,300.38526284789594,293.9585301220945,5.0,0.0,2019.0,"{""type"":""MultiPoint"",""coordinates"":[]}"
1_20190527,2019-05-27T00:00:00,27.0,Point1,308.87754490900664,301.208917910455,294.4820877514228,5.0,0.0,2019.0,"{""type"":""MultiPoint"",""coordinates"":[]}"
1_20190528,2019-05-28T00:00:00,28.0,Point1,309.8032418260775,300.99951014598633,293.9097041288973,5.0,0.0,2019.0,"{""type"":""MultiPoint"",""coordinates"":[]}"
1_20190529,2019-05-29T00:00:00,29.0,Point1,311.96007504411256,302.56503302159683,294.80101586310616,5.0,0.0,2019.0,"{""type"":""MultiPoint"",""coordinates"":[]}"
1_20190530,2019-05-30T00:00:00,30.0,Point1,314.2502557910023,304.92976703115517,298.1191673008607,5.0,0.0,2019.0,"{""type"":""MultiPoint"",""coordinates"":[]}"
1_20190531,2019-05-31T00:00:00,31.0,Point1,310.75327946864763,302.67521195874986,295.49774046486016,5.0,0.0,2019.0,"{""type"":""MultiPoint"",""coordinates"":[]}"
1_20190601,2019-06-01T00:00:00,1.0,Point1,310.3190728879326,302.15393045237295,295.2439802687005,6.0,0.0,2019.0,"{""type"":""MultiPoint"",""coordinates"":[]}"
1_20190602,2019-06-02T00:00:00,2.0,Point1,308.1690115116878,300.18132940861375,293.1552413128706,6.0,0.0,2019.0,"{""type"":""MultiPoint"",""coordinates"":[]}"
1_20190603,2019-06-03T00:00:00,3.0,Point1,308.45198351049584,299.7961412453756,291.9085921894606,6.0,0.0,2019.0,"{""type"":""MultiPoint"",""coordinates"":[]}"
1_20190604,2019-06-04T00:00:00,4.0,Point1,307.00286523102375,299.9525851842789,294.7552730308176,6.0,0.0,2019.0,"{""type"":""MultiPoint"",""coordinates"":[]}"
1_20190605,2019-06-05T00:00:00,5.0,Point1,306.7743740695799,300.07694111147094,294.53896588311557,6.0,6.966835155280218E-7,2019.0,"{""type"":""MultiPoint"",""coordinates"":[]}"
1_20190606,2019-06-06T00:00:00,6.0,Point1,307.8652432152735,300.5951721555155,295.13626117118383,6.0,1.3204135052023774E-6,2019.0,"{""type"":""MultiPoint"",""coordinates"":[]}"
1_20190607,2019-06-07T00:00:00,7.0,Point1,308.7255520150004,300.43702503580954,293.447197511662,6.0,0.0,2019.0,"{""type"":""MultiPoint"",""coordinates"":[]}"
1_20190608,2019-06-08T00:00:00,8.0,Point1,309.67967163968484,300.40542553939935,292.9933800394747,6.0,0.0,2019.0,"{""type"":""MultiPoint"",""coordinates"":[]}"
1_20190609,2019-06-09T00:00:00,9.0,Point1,310.38848697911516,301.7499341571065,294.02350628120365,6.0,0.0,2019.0,"{""type"":""MultiPoint"",""coordinates"":[]}"
1_20190610,2019-06-10T00:00:00,10.0,Point1,308.921864403598,302.23384819423956,296.77850207925616,6.0,4.284083843231201E-8,2019.0,"{""type"":""MultiPoint"",""coordinates"":[]}"
1_20190611,2019-06-11T00:00:00,11.0,Point1,308.74852334188796,302.6569000344023,297.8145218748975,6.0,0.0,2019.0,"{""type"":""MultiPoint"",""coordinates"":[]}"
1_20190612,2019-06-12T00:00:00,12.0,Point1,308.10265175884297,300.918584866375,295.05665508249956,6.0,1.862645149230957E-9,2019.0,"{""type"":""MultiPoint"",""coordinates"":[]}"
1_20190613,2019-06-13T00:00:00,13.0,Point1,308.8838808761194,300.937814692865,294.57185988477227,6.0,4.0978193283081055E-8,2019.0,"{""type"":""MultiPoint"",""coordinates"":[]}"
1_20190614,2019-06-14T00:00:00,14.0,Point1,309.25130222147817,301.30138983648936,294.07836182093814,6.0,0.0,2019.0,"{""type"":""MultiPoint"",""coordinates"":[]}"
1_20190615,2019-06-15T00:00:00,15.0,Point1,311.4848439444563,302.3954759502462,294.93954431249557,6.0,0.0,2019.0,"{""type"":""MultiPoint"",""coordinates"":[]}"
1_20190616,2019-06-16T00:00:00,16.0,Point1,312.1952205641374,303.3557180919259,295.8944585793742,6.0,1.862645149230957E-9,2019.0,"{""type"":""MultiPoint"",""coordinates"":[]}"
1_20190617,2019-06-17T00:00:00,17.0,Point1,311.8811067953217,303.7558445254277,296.8582137995184,6.0,4.284083843231201E-8,2019.0,"{""type"":""MultiPoint"",""coordinates"":[]}"
1_20190618,2019-06-18T00:00:00,18.0,Point1,309.573763516167,303.31243369198586,298.4999923866313,6.0,1.862645149230957E-9,2019.0,"{""type"":""MultiPoint"",""coordinates"":[]}"
1_20190619,2019-06-19T00:00:00,19.0,Point1,311.17609009009703,303.844821108703,298.29110268604063,6.0,4.284083843231201E-8,2019.0,"{""type"":""MultiPoint"",""coordinates"":[]}"
1_20190620,2019-06-20T00:00:00,20.0,Point1,310.42092636859013,302.4188919801587,295.43091617576965,6.0,0.0,2019.0,"{""type"":""MultiPoint"",""coordinates"":[]}"
1_20190621,2019-06-21T00:00:00,21.0,Point1,310.72714685847507,303.2045054019945,296.7449314374031,6.0,0.0,2019.0,"{""type"":""MultiPoint"",""coordinates"":[]}"
1_20190622,2019-06-22T00:00:00,22.0,Point1,309.40757324731584,302.4210258194304,296.9407256607504,6.0,0.0,2019.0,"{""type"":""MultiPoint"",""coordinates"":[]}"
1_20190623,2019-06-23T00:00:00,23.0,Point1,308.21228274513624,301.2897646472926,295.28527280445894,6.0,1.862645149230957E-9,2019.0,"{""type"":""MultiPoint"",""coordinates"":[]}"
1_20190624,2019-06-24T00:00:00,24.0,Point1,309.25178003751415,301.7507009800187,295.4098922731729,6.0,4.284083843231201E-8,2019.0,"{""type"":""MultiPoint"",""coordinates"":[]}"
1_20190625,2019-06-25T00:00:00,25.0,Point1,312.4561351980919,303.16356572135396,295.0581609000972,6.0,0.0,2019.0,"{""type"":""MultiPoint"",""coordinates"":[]}"
1_20190626,2019-06-26T00:00:00,26.0,Point1,310.566467437215,303.0612024819052,297.4139758220877,6.0,0.0,2019.0,"{""type"":""MultiPoint"",""coordinates"":[]}"
1_20190627,2019-06-27T00:00:00,27.0,Point1,309.83658361069234,303.03429214084724,298.0094271364446,6.0,0.0,2019.0,"{""type"":""MultiPoint"",""coordinates"":[]}"
1_20190628,2019-06-28T00:00:00,28.0,Point1,308.08415894580344,302.44967458461383,298.2048394361255,6.0,0.0,2019.0,"{""type"":""MultiPoint"",""coordinates"":[]}"
1_20190629,2019-06-29T00:00:00,29.0,Point1,309.05913988360976,302.05614389554944,296.22774016754073,6.0,0.0,2019.0,"{""type"":""MultiPoint"",""coordinates"":[]}"
1_20190630,2019-06-30T00:00:00,30.0,Point1,307.61882529855734,301.96438125611104,296.846080843201,6.0,0.0,2019.0,"{""type"":""MultiPoint"",""coordinates"":[]}"
1_20190701,2019-07-01T00:00:00,1.0,Point1,306.94475995011095,302.3865185781822,298.9694127447179,7.0,1.9018519670681096E-4,2019.0,"{""type"":""MultiPoint"",""coordinates"":[]}"
1_20190702,2019-07-02T00:00:00,2.0,Point1,310.27775155047374,302.99995471484203,297.70042757018757,7.0,0.0022387244028420216,2019.0,"{""type"":""MultiPoint"",""coordinates"":[]}"
1_20190703,2019-07-03T00:00:00,3.0,Point1,310.93586383085557,304.01722019976927,297.79111611490805,7.0,0.0,2019.0,"{""type"":""MultiPoint"",""coordinates"":[]}"
1_20190704,2019-07-04T00:00:00,4.0,Point1,308.9755397489346,302.95062741552647,298.113897542286,7.0,0.0,2019.0,"{""type"":""MultiPoint"",""coordinates"":[]}"
1_20190705,2019-07-05T00:00:00,5.0,Point1,307.60390221478053,301.9493300122211,297.52593401559056,7.0,1.862645149230957E-9,2019.0,"{""type"":""MultiPoint"",""coordinates"":[]}"
1_20190706,2019-07-06T00:00:00,6.0,Point1,306.71468366054853,301.394669036023,296.90453851858314,7.0,6.522450660332692E-6,2019.0,"{""type"":""MultiPoint"",""coordinates"":[]}"
1_20190707,2019-07-07T00:00:00,7.0,Point1,309.4466863411103,303.3637555746497,298.5256830248718,7.0,5.753738797917561E-4,2019.0,"{""type"":""MultiPoint"",""coordinates"":[]}"
1_20190708,2019-07-08T00:00:00,8.0,Point1,307.6952470655779,302.2720521963497,297.7485986347804,7.0,5.355182035889065E-5,2019.0,"{""type"":""MultiPoint"",""coordinates"":[]}"
1_20190709,2019-07-09T00:00:00,9.0,Point1,310.09067474316043,303.4759905119447,298.3025155074201,7.0,4.284083843231201E-8,2019.0,"{""type"":""MultiPoint"",""coordinates"":[]}"
1_20190710,2019-07-10T00:00:00,10.0,Point1,308.74809045471574,303.10292314629396,298.2978915151693,7.0,1.3567481425992851E-6,2019.0,"{""type"":""MultiPoint"",""coordinates"":[]}"
1_20190711,2019-07-11T00:00:00,11.0,Point1,309.7883588082684,302.63205156116203,297.42266315137647,7.0,1.888211548494365E-6,2019.0,"{""type"":""MultiPoint"",""coordinates"":[]}"
1_20190712,2019-07-12T00:00:00,12.0,Point1,310.62126839683276,302.64256666693234,296.4097384166359,7.0,0.0,2019.0,"{""type"":""MultiPoint"",""coordinates"":[]}"
1_20190713,2019-07-13T00:00:00,13.0,Point1,310.3320555749143,303.07471720874526,297.3559103730917,7.0,6.477062517492198E-5,2019.0,"{""type"":""MultiPoint"",""coordinates"":[]}"
1_20190714,2019-07-14T00:00:00,14.0,Point1,308.6770973296876,303.6018692515266,299.5679053486917,7.0,1.5133386666631148E-5,2019.0,"{""type"":""MultiPoint"",""coordinates"":[]}"
1_20190715,2019-07-15T00:00:00,15.0,Point1,308.97031088370585,302.7339101014971,298.29095081073876,7.0,0.0,2019.0,"{""type"":""MultiPoint"",""coordinates"":[]}"
1_20190716,2019-07-16T00:00:00,16.0,Point1,307.70327784579416,301.45245723436466,295.79000877002835,7.0,0.0,2019.0,"{""type"":""MultiPoint"",""coordinates"":[]}"
1_20190717,2019-07-17T00:00:00,17.0,Point1,308.6920651604542,303.2938086505186,298.84010927424777,7.0,1.8327180684707612E-4,2019.0,"{""type"":""MultiPoint"",""coordinates"":[]}"
1_20190718,2019-07-18T00:00:00,18.0,Point1,308.1867806790228,302.65489443425446,299.31890466185155,7.0,8.928838970431611E-7,2019.0,"{""type"":""MultiPoint"",""coordinates"":[]}"
1_20190719,2019-07-19T00:00:00,19.0,Point1,308.55043028816164,302.2646126753887,296.9810754193576,7.0,0.0,2019.0,"{""type"":""MultiPoint"",""coordinates"":[]}"
1_20190720,2019-07-20T00:00:00,20.0,Point1,309.1101195120299,302.8446452349657,297.2765083024151,7.0,0.0,2019.0,"{""type"":""MultiPoint"",""coordinates"":[]}"
1_20190721,2019-07-21T00:00:00,21.0,Point1,311.93576134629575,304.31754053460674,299.12879432140437,7.0,7.813040697197848E-5,2019.0,"{""type"":""MultiPoint"",""coordinates"":[]}"
1_20190722,2019-07-22T00:00:00,22.0,Point1,308.68252068540517,303.0832216889781,299.02972769745406,7.0,0.0,2019.0,"{""type"":""MultiPoint"",""coordinates"":[]}"
1_20190723,2019-07-23T00:00:00,23.0,Point1,311.87918569059735,303.95328022953737,297.0853407755775,7.0,1.3932937845441422E-6,2019.0,"{""type"":""MultiPoint"",""coordinates"":[]}"
1_20190724,2019-07-24T00:00:00,24.0,Point1,309.34004820778534,303.36967030049516,299.9672433594967,7.0,0.004111941438600487,2019.0,"{""type"":""MultiPoint"",""coordinates"":[]}"
1_20190725,2019-07-25T00:00:00,25.0,Point1,307.3434835037696,302.1125760704788,297.9058435158774,7.0,0.0019494579924515002,2019.0,"{""type"":""MultiPoint"",""coordinates"":[]}"
1_20190726,2019-07-26T00:00:00,26.0,Point1,308.9860477541615,303.1358647423131,298.06117086413764,7.0,1.774755949882867E-5,2019.0,"{""type"":""MultiPoint"",""coordinates"":[]}"
1_20190727,2019-07-27T00:00:00,27.0,Point1,309.15153274062806,303.19437179800224,298.608092974,7.0,1.2126281319924838E-4,2019.0,"{""type"":""MultiPoint"",""coordinates"":[]}"
1_20190728,2019-07-28T00:00:00,28.0,Point1,307.6009626076886,302.30748916453797,299.11634604460716,7.0,0.0021845720718197074,2019.0,"{""type"":""MultiPoint"",""coordinates"":[]}"
1_20190729,2019-07-29T00:00:00,29.0,Point1,308.6105471516871,302.30753287246,298.2312840811178,7.0,2.2975069170301924E-4,2019.0,"{""type"":""MultiPoint"",""coordinates"":[]}"
1_20190730,2019-07-30T00:00:00,30.0,Point1,309.52525083090836,303.83189919748327,298.81428036846523,7.0,6.407508139331702E-6,2019.0,"{""type"":""MultiPoint"",""coordinates"":[]}"
1_20190731,2019-07-31T00:00:00,31.0,Point1,308.3955627742543,303.63834718949556,300.2933320613875,7.0,0.0013347717607023082,2019.0,"{""type"":""MultiPoint"",""coordinates"":[]}"
1_20190801,2019-08-01T00:00:00,1.0,Point1,310.79886921512787,303.7572897267758,298.38088086744904,8.0,0.0,2019.0,"{""type"":""MultiPoint"",""coordinates"":[]}"
1_20190802,2019-08-02T00:00:00,2.0,Point1,310.88853968235077,304.06126628691436,299.00361477738807,8.0,0.0,2019.0,"{""type"":""MultiPoint"",""coordinates"":[]}"
1_20190803,2019-08-03T00:00:00,3.0,Point1,311.0311124882791,303.554405125565,297.9447053595587,8.0,0.0,2019.0,"{""type"":""MultiPoint"",""coordinates"":[]}"
1_20190804,2019-08-04T00:00:00,4.0,Point1,311.0212614286698,303.80499874471104,298.1190549473951,8.0,0.0,2019.0,"{""type"":""MultiPoint"",""coordinates"":[]}"
1_20190805,2019-08-05T00:00:00,5.0,Point1,310.44171757968496,304.2266627886539,300.26251489489186,8.0,0.0,2019.0,"{""type"":""MultiPoint"",""coordinates"":[]}"
1_20190806,2019-08-06T00:00:00,6.0,Point1,310.38765086962775,303.00021873042914,298.120105483455,8.0,2.048060732531645E-6,2019.0,"{""type"":""MultiPoint"",""coordinates"":[]}"
1_20190807,2019-08-07T00:00:00,7.0,Point1,309.3592068246053,302.44012703112213,296.4227266582314,8.0,0.0,2019.0,"{""type"":""MultiPoint"",""coordinates"":[]}"
1_20190808,2019-08-08T00:00:00,8.0,Point1,308.6337224429147,303.46265751459146,298.758209851658,8.0,2.1843066093545595E-4,2019.0,"{""type"":""MultiPoint"",""coordinates"":[]}"
1_20190809,2019-08-09T00:00:00,9.0,Point1,310.36608875985195,303.4979452878844,299.20987922534664,8.0,0.003672585399222418,2019.0,"{""type"":""MultiPoint"",""coordinates"":[]}"
1_20190810,2019-08-10T00:00:00,10.0,Point1,312.0867929105027,304.45456761784163,298.8010912484262,8.0,2.7102531844220583E-5,2019.0,"{""type"":""MultiPoint"",""coordinates"":[]}"
1_20190811,2019-08-11T00:00:00,11.0,Point1,311.18208842584767,304.07486913026116,298.9936467563394,8.0,7.423444811527162E-6,2019.0,"{""type"":""MultiPoint"",""coordinates"":[]}"
1_20190812,2019-08-12T00:00:00,12.0,Point1,310.09507388685665,303.1431977819566,299.370649725276,8.0,8.023758904059326E-4,2019.0,"{""type"":""MultiPoint"",""coordinates"":[]}"
1_20190813,2019-08-13T00:00:00,13.0,Point1,311.5091578286195,304.51985553746863,300.04687083478524,8.0,1.572776575080582E-4,2019.0,"{""type"":""MultiPoint"",""coordinates"":[]}"
1_20190814,2019-08-14T00:00:00,14.0,Point1,309.5398725985108,302.8696175748979,298.43346279021847,8.0,0.0,2019.0,"{""type"":""MultiPoint"",""coordinates"":[]}"
1_20190815,2019-08-15T00:00:00,15.0,Point1,309.4740856059406,303.18113133431075,297.69407714259376,8.0,0.0,2019.0,"{""type"":""MultiPoint"",""coordinates"":[]}"
1_20190816,2019-08-16T00:00:00,16.0,Point1,310.1937382724008,303.20133827935854,299.1640562939194,8.0,0.008086510217985109,2019.0,"{""type"":""MultiPoint"",""coordinates"":[]}"
1_20190817,2019-08-17T00:00:00,17.0,Point1,306.6600027288866,301.90429937502347,299.2772524387707,8.0,0.0013804365617145428,2019.0,"{""type"":""MultiPoint"",""coordinates"":[]}"
1_20190818,2019-08-18T00:00:00,18.0,Point1,306.2085251309923,300.8230422497332,297.61452439370447,8.0,0.00826922324593672,2019.0,"{""type"":""MultiPoint"",""coordinates"":[]}"
1_20190819,2019-08-19T00:00:00,19.0,Point1,305.6390268589395,300.58862058263014,296.79532932812396,8.0,0.004844499646787153,2019.0,"{""type"":""MultiPoint"",""coordinates"":[]}"
1_20190820,2019-08-20T00:00:00,20.0,Point1,309.354103535983,303.3346036219945,299.3095325125044,8.0,2.9822202000566277E-4,2019.0,"{""type"":""MultiPoint"",""coordinates"":[]}"
1_20190821,2019-08-21T00:00:00,21.0,Point1,304.4284094513777,301.3189669775803,299.8547078111619,8.0,0.01243319922401118,2019.0,"{""type"":""MultiPoint"",""coordinates"":[]}"
1_20190822,2019-08-22T00:00:00,22.0,Point1,302.79865246891524,299.11859892941646,297.37546269365237,8.0,0.029320735205660944,2019.0,"{""type"":""MultiPoint"",""coordinates"":[]}"
1_20190823,2019-08-23T00:00:00,23.0,Point1,304.5848764390951,300.1480452124919,297.21129752125535,8.0,0.0046610369665817455,2019.0,"{""type"":""MultiPoint"",""coordinates"":[]}"
1_20190824,2019-08-24T00:00:00,24.0,Point1,306.7739150566416,302.1174580302575,298.39725917950153,8.0,7.796567541203042E-4,2019.0,"{""type"":""MultiPoint"",""coordinates"":[]}"
1_20190825,2019-08-25T00:00:00,25.0,Point1,305.3509545291992,301.66048889771383,299.06168204959727,8.0,0.001211502902425586,2019.0,"{""type"":""MultiPoint"",""coordinates"":[]}"
1_20190826,2019-08-26T00:00:00,26.0,Point1,304.03128339327594,300.6171125544573,299.15140794518584,8.0,0.011358594213880843,2019.0,"{""type"":""MultiPoint"",""coordinates"":[]}"
1_20190827,2019-08-27T00:00:00,27.0,Point1,305.5055777802383,300.89804277508097,297.8517692401561,8.0,0.013475250443521455,2019.0,"{""type"":""MultiPoint"",""coordinates"":[]}"
1_20190828,2019-08-28T00:00:00,28.0,Point1,305.5816788212427,301.5579956823927,298.6048666409118,8.0,0.00835934642022286,2019.0,"{""type"":""MultiPoint"",""coordinates"":[]}"
1_20190829,2019-08-29T00:00:00,29.0,Point1,303.76940679594424,300.43484470236433,298.22761919592665,8.0,0.02361558766859175,2019.0,"{""type"":""MultiPoint"",""coordinates"":[]}"
1_20190830,2019-08-30T00:00:00,30.0,Point1,304.5028924927575,299.8738543944765,297.77087997459637,8.0,0.01665254965015813,2019.0,"{""type"":""MultiPoint"",""coordinates"":[]}"
1_20190831,2019-08-31T00:00:00,31.0,Point1,304.41394869452324,300.25145558456984,297.5878280319879,8.0,0.005710184544100677,2019.0,"{""type"":""MultiPoint"",""coordinates"":[]}"
1_20190901,2019-09-01T00:00:00,1.0,Point1,304.81598327794745,300.4028915338936,298.6975239100626,9.0,0.01757572382247406,2019.0,"{""type"":""MultiPoint"",""coordinates"":[]}"
1_20190902,2019-09-02T00:00:00,2.0,Point1,305.6160615309153,301.0073796232632,298.08082670683524,9.0,0.008691390200988624,2019.0,"{""type"":""MultiPoint"",""coordinates"":[]}"
1_20190903,2019-09-03T00:00:00,3.0,Point1,306.60938891336804,301.96379858518895,297.4414252215549,9.0,3.6700620399633796E-4,2019.0,"{""type"":""MultiPoint"",""coordinates"":[]}"
1_20190904,2019-09-04T00:00:00,4.0,Point1,306.4069989649635,302.31885717929674,299.57097803842316,9.0,0.01655804534067346,2019.0,"{""type"":""MultiPoint"",""coordinates"":[]}"
1_20190905,2019-09-05T00:00:00,5.0,Point1,304.4585161863649,301.15665487558056,298.3845569647307,9.0,6.325307446076778E-4,2019.0,"{""type"":""MultiPoint"",""coordinates"":[]}"
1_20190906,2019-09-06T00:00:00,6.0,Point1,305.2592397956948,301.18921612665997,297.8763168012209,9.0,0.0033178493339783306,2019.0,"{""type"":""MultiPoint"",""coordinates"":[]}"
1_20190907,2019-09-07T00:00:00,7.0,Point1,305.08591896225977,300.8408096296333,298.4372263182521,9.0,0.0035800480137167284,2019.0,"{""type"":""MultiPoint"",""coordinates"":[]}"
1_20190908,2019-09-08T00:00:00,8.0,Point1,306.01690486140023,301.5881673359952,298.5784037339717,9.0,0.0032832289643152206,2019.0,"{""type"":""MultiPoint"",""coordinates"":[]}"
1_20190909,2019-09-09T00:00:00,9.0,Point1,305.65607887138736,301.27974412873465,297.85259517363886,9.0,0.004939397945119321,2019.0,"{""type"":""MultiPoint"",""coordinates"":[]}"
1_20190910,2019-09-10T00:00:00,10.0,Point1,306.9470711971238,301.5081397317419,298.4523767670052,9.0,0.015856557754578355,2019.0,"{""type"":""MultiPoint"",""coordinates"":[]}"
1_20190911,2019-09-11T00:00:00,11.0,Point1,307.442524899398,302.0543285237754,297.7196485295702,9.0,6.276064847491032E-4,2019.0,"{""type"":""MultiPoint"",""coordinates"":[]}"
1_20190912,2019-09-12T00:00:00,12.0,Point1,307.72143704659095,302.22270190337866,298.6492592608141,9.0,0.0015238655846547583,2019.0,"{""type"":""MultiPoint"",""coordinates"":[]}"
1_20190913,2019-09-13T00:00:00,13.0,Point1,305.3447276194568,301.0742690680019,298.27077527922273,9.0,0.012952448607126566,2019.0,"{""type"":""MultiPoint"",""coordinates"":[]}"
1_20190914,2019-09-14T00:00:00,14.0,Point1,305.7350729850592,300.5773602880199,297.98281408051565,9.0,0.007935250891973727,2019.0,"{""type"":""MultiPoint"",""coordinates"":[]}"
1_20190915,2019-09-15T00:00:00,15.0,Point1,306.85038871591837,302.3753952615968,298.24562183294603,9.0,4.3884323345107175E-5,2019.0,"{""type"":""MultiPoint"",""coordinates"":[]}"
1_20190916,2019-09-16T00:00:00,16.0,Point1,305.56025307082166,300.58402686794346,296.84657947487557,9.0,2.5835288300470437E-5,2019.0,"{""type"":""MultiPoint"",""coordinates"":[]}"
1_20190917,2019-09-17T00:00:00,17.0,Point1,306.72246664476864,301.1855062216683,296.8641930697958,9.0,4.486478422937883E-6,2019.0,"{""type"":""MultiPoint"",""coordinates"":[]}"
1_20190918,2019-09-18T00:00:00,18.0,Point1,305.7684336040781,301.94846757273194,298.5356196950011,9.0,0.0015665278056899688,2019.0,"{""type"":""MultiPoint"",""coordinates"":[]}"
1_20190919,2019-09-19T00:00:00,19.0,Point1,304.1227369615478,300.234609241904,296.9210998362229,9.0,0.0069326534425987844,2019.0,"{""type"":""MultiPoint"",""coordinates"":[]}"
1_20190920,2019-09-20T00:00:00,20.0,Point1,305.44993275339624,301.2797844839123,297.9044849462278,9.0,1.9425398366550617E-4,2019.0,"{""type"":""MultiPoint"",""coordinates"":[]}"
1_20190921,2019-09-21T00:00:00,21.0,Point1,306.159450000105,300.3938043573956,295.7126326828149,9.0,4.0036652301415454E-4,2019.0,"{""type"":""MultiPoint"",""coordinates"":[]}"
1_20190922,2019-09-22T00:00:00,22.0,Point1,305.0635010245653,300.86964977853825,298.2953218459432,9.0,0.006860880619489561,2019.0,"{""type"":""MultiPoint"",""coordinates"":[]}"
1_20190923,2019-09-23T00:00:00,23.0,Point1,305.2405473176995,301.3476429120697,298.77638216080646,9.0,0.0012622394052947265,2019.0,"{""type"":""MultiPoint"",""coordinates"":[]}"
1_20190924,2019-09-24T00:00:00,24.0,Point1,306.5544041625266,301.6843327327592,297.35645379946067,9.0,2.5186756859887384E-4,2019.0,"{""type"":""MultiPoint"",""coordinates"":[]}"
1_20190925,2019-09-25T00:00:00,25.0,Point1,307.2480462548392,302.28743591353316,298.39636479129393,9.0,1.555509631623044E-5,2019.0,"{""type"":""MultiPoint"",""coordinates"":[]}"
1_20190926,2019-09-26T00:00:00,26.0,Point1,306.5000122049443,301.7819028862477,298.1426453259862,9.0,2.7817725890674257E-6,2019.0,"{""type"":""MultiPoint"",""coordinates"":[]}"
1_20190927,2019-09-27T00:00:00,27.0,Point1,306.2897670847036,301.93430096293326,298.5873376368242,9.0,3.5744809987466865E-5,2019.0,"{""type"":""MultiPoint"",""coordinates"":[]}"
1_20190928,2019-09-28T00:00:00,28.0,Point1,306.74301070835304,301.94405812780644,298.01200331437815,9.0,0.0,2019.0,"{""type"":""MultiPoint"",""coordinates"":[]}"
1_20190929,2019-09-29T00:00:00,29.0,Point1,304.3401237108764,300.6929620382498,297.8617986452015,9.0,3.0720910987974666E-6,2019.0,"{""type"":""MultiPoint"",""coordinates"":[]}"
1_20190930,2019-09-30T00:00:00,30.0,Point1,307.34870488830825,301.57690332041994,296.12231803544825,9.0,0.0,2019.0,"{""type"":""MultiPoint"",""coordinates"":[]}"
1_20191001,2019-10-01T00:00:00,1.0,Point1,308.20384473839334,302.72157374584157,298.4074148886497,10.0,0.0,2019.0,"{""type"":""MultiPoint"",""coordinates"":[]}"
1_20191002,2019-10-02T00:00:00,2.0,Point1,306.7356821052448,301.71030517745095,297.64553621616454,10.0,5.359339917357134E-5,2019.0,"{""type"":""MultiPoint"",""coordinates"":[]}"
1_20191003,2019-10-03T00:00:00,3.0,Point1,307.76270274250396,301.8822862309172,296.6215172065532,10.0,5.821573921212186E-4,2019.0,"{""type"":""MultiPoint"",""coordinates"":[]}"
1_20191004,2019-10-04T00:00:00,4.0,Point1,308.2173534693515,302.4001972093574,298.4723791842013,10.0,0.003058538733085804,2019.0,"{""type"":""MultiPoint"",""coordinates"":[]}"
1_20191005,2019-10-05T00:00:00,5.0,Point1,304.28280712845304,301.04276389865123,298.8076442151826,10.0,0.001666782360843676,2019.0,"{""type"":""MultiPoint"",""coordinates"":[]}"
1_20191006,2019-10-06T00:00:00,6.0,Point1,307.74177423435907,302.83198993625655,299.10950683784574,10.0,5.73043166866091E-4,2019.0,"{""type"":""MultiPoint"",""coordinates"":[]}"
1_20191007,2019-10-07T00:00:00,7.0,Point1,304.50119064917675,300.78610010050664,297.0503998406498,10.0,2.3097615206977093E-5,2019.0,"{""type"":""MultiPoint"",""coordinates"":[]}"
1_20191008,2019-10-08T00:00:00,8.0,Point1,305.46897781369836,300.94995874946534,297.43401111377125,10.0,0.007552241787236529,2019.0,"{""type"":""MultiPoint"",""coordinates"":[]}"
1_20191009,2019-10-09T00:00:00,9.0,Point1,303.03444452599297,300.3033377870224,297.83505115748494,10.0,0.004138742066247574,2019.0,"{""type"":""MultiPoint"",""coordinates"":[]}"
1_20191010,2019-10-10T00:00:00,10.0,Point1,307.5710448428643,302.3866425030142,298.2089103298832,10.0,5.805673611173702E-4,2019.0,"{""type"":""MultiPoint"",""coordinates"":[]}"
1_20191011,2019-10-11T00:00:00,11.0,Point1,308.54951750383685,302.42341541392597,297.0904039236934,10.0,0.0,2019.0,"{""type"":""MultiPoint"",""coordinates"":[]}"
1_20191012,2019-10-12T00:00:00,12.0,Point1,309.50694740246587,302.4271299731056,297.1724260367563,10.0,1.862645149230957E-9,2019.0,"{""type"":""MultiPoint"",""coordinates"":[]}"
1_20191013,2019-10-13T00:00:00,13.0,Point1,306.18457553616247,301.37449066906004,298.3190429264122,10.0,0.007707975640979241,2019.0,"{""type"":""MultiPoint"",""coordinates"":[]}"
1_20191014,2019-10-14T00:00:00,14.0,Point1,305.2184297256877,301.1251778892602,298.6275174817974,10.0,0.003423919504537766,2019.0,"{""type"":""MultiPoint"",""coordinates"":[]}"
1_20191015,2019-10-15T00:00:00,15.0,Point1,306.6875726780796,301.31487705710924,297.6867729478831,10.0,0.003430375092961362,2019.0,"{""type"":""MultiPoint"",""coordinates"":[]}"
1_20191016,2019-10-16T00:00:00,16.0,Point1,307.70905312936986,302.1934045692211,297.4422431451238,10.0,6.141322844848164E-5,2019.0,"{""type"":""MultiPoint"",""coordinates"":[]}"
1_20191017,2019-10-17T00:00:00,17.0,Point1,309.00202721782154,303.4473594153821,299.1594103545343,10.0,-4.284083843231201E-8,2019.0,"{""type"":""MultiPoint"",""coordinates"":[]}"
1_20191018,2019-10-18T00:00:00,18.0,Point1,308.92609565216446,303.3453629295114,299.5099720297326,10.0,0.0,2019.0,"{""type"":""MultiPoint"",""coordinates"":[]}"
1_20191019,2019-10-19T00:00:00,19.0,Point1,309.00521994892597,303.3139998679297,298.8345200985541,10.0,2.268129650065374E-6,2019.0,"{""type"":""MultiPoint"",""coordinates"":[]}"
1_20191020,2019-10-20T00:00:00,20.0,Point1,310.4439329358191,303.3958590307511,298.4276616462342,10.0,0.0,2019.0,"{""type"":""MultiPoint"",""coordinates"":[]}"
1_20191021,2019-10-21T00:00:00,21.0,Point1,308.70164990570703,301.6488596819439,294.8949732770906,10.0,0.0,2019.0,"{""type"":""MultiPoint"",""coordinates"":[]}"
1_20191022,2019-10-22T00:00:00,22.0,Point1,309.0633179682921,301.4990292679064,295.2878950427516,10.0,0.0,2019.0,"{""type"":""MultiPoint"",""coordinates"":[]}"
1_20191023,2019-10-23T00:00:00,23.0,Point1,310.6753383955313,302.76619500831123,296.6349341015306,10.0,0.0,2019.0,"{""type"":""MultiPoint"",""coordinates"":[]}"
1_20191024,2019-10-24T00:00:00,24.0,Point1,309.1791215152805,303.0091297827401,298.84064691046126,10.0,0.0012636082522142717,2019.0,"{""type"":""MultiPoint"",""coordinates"":[]}"
1_20191025,2019-10-25T00:00:00,25.0,Point1,308.2747039653299,301.6442875819496,297.1614568331206,10.0,0.005465883296551759,2019.0,"{""type"":""MultiPoint"",""coordinates"":[]}"
1_20191026,2019-10-26T00:00:00,26.0,Point1,310.060387551805,303.4052980888933,298.1595238484403,10.0,1.9250459181802963E-5,2019.0,"{""type"":""MultiPoint"",""coordinates"":[]}"
1_20191027,2019-10-27T00:00:00,27.0,Point1,311.55770202878233,303.37663293566175,297.27753410807094,10.0,0.0,2019.0,"{""type"":""MultiPoint"",""coordinates"":[]}"
1_20191028,2019-10-28T00:00:00,28.0,Point1,310.6358469454861,300.2573404279057,292.45937285805985,10.0,0.0,2019.0,"{""type"":""MultiPoint"",""coordinates"":[]}"
1_20191029,2019-10-29T00:00:00,29.0,Point1,310.9401200319512,299.927145714159,289.4140088411798,10.0,0.0,2019.0,"{""type"":""MultiPoint"",""coordinates"":[]}"
1_20191030,2019-10-30T00:00:00,30.0,Point1,311.61238679470773,301.73546320934014,292.1182109651449,10.0,0.0,2019.0,"{""type"":""MultiPoint"",""coordinates"":[]}"
1_20191031,2019-10-31T00:00:00,31.0,Point1,310.5909082918557,300.94832912331583,293.15368522199424,10.0,0.0,2019.0,"{""type"":""MultiPoint"",""coordinates"":[]}"
1_20191101,2019-11-01T00:00:00,1.0,Point1,311.67939197845334,301.6801799718082,293.67406170202,11.0,0.0,2019.0,"{""type"":""MultiPoint"",""coordinates"":[]}"
1_20191102,2019-11-02T00:00:00,2.0,Point1,312.87648418352546,302.73799804073303,294.34073253290774,11.0,0.0,2019.0,"{""type"":""MultiPoint"",""coordinates"":[]}"
1_20191103,2019-11-03T00:00:00,3.0,Point1,311.1542665944546,303.65248344122875,297.31752108302373,11.0,1.8825751702604158E-5,2019.0,"{""type"":""MultiPoint"",""coordinates"":[]}"
1_20191104,2019-11-04T00:00:00,4.0,Point1,313.38884688707174,304.01547261336356,295.5227684478291,11.0,0.0,2019.0,"{""type"":""MultiPoint"",""coordinates"":[]}"
1_20191105,2019-11-05T00:00:00,5.0,Point1,312.4045452032015,303.1071710214321,295.406167751169,11.0,0.0,2019.0,"{""type"":""MultiPoint"",""coordinates"":[]}"
1_20191106,2019-11-06T00:00:00,6.0,Point1,312.2902987951015,302.6901516467369,294.2982361457024,11.0,-1.862645149230957E-9,2019.0,"{""type"":""MultiPoint"",""coordinates"":[]}"
1_20191107,2019-11-07T00:00:00,7.0,Point1,310.1712478250841,301.7522150549983,295.6157606515368,11.0,-4.470348358154297E-8,2019.0,"{""type"":""MultiPoint"",""coordinates"":[]}"
1_20191108,2019-11-08T00:00:00,8.0,Point1,309.4028642095474,301.4305957300185,294.81886248047937,11.0,-4.284083843231201E-8,2019.0,"{""type"":""MultiPoint"",""coordinates"":[]}"
1_20191109,2019-11-09T00:00:00,9.0,Point1,310.1476038040714,301.4105997559358,294.28979433152955,11.0,0.0,2019.0,"{""type"":""MultiPoint"",""coordinates"":[]}"
1_20191110,2019-11-10T00:00:00,10.0,Point1,310.89812227045763,302.0700857864909,294.8417278880699,11.0,0.0,2019.0,"{""type"":""MultiPoint"",""coordinates"":[]}"
1_20191111,2019-11-11T00:00:00,11.0,Point1,310.92664853300494,302.3055821490926,295.9714457377872,11.0,0.0,2019.0,"{""type"":""MultiPoint"",""coordinates"":[]}"
1_20191112,2019-11-12T00:00:00,12.0,Point1,310.79311627523157,301.51513918001325,295.14422400651887,11.0,0.0,2019.0,"{""type"":""MultiPoint"",""coordinates"":[]}"
1_20191113,2019-11-13T00:00:00,13.0,Point1,310.9605066402768,300.7973968787615,293.06924433855175,11.0,-1.862645149230957E-9,2019.0,"{""type"":""MultiPoint"",""coordinates"":[]}"
1_20191114,2019-11-14T00:00:00,14.0,Point1,310.64039643346223,300.5247494964653,291.196486021706,11.0,-4.284083843231201E-8,2019.0,"{""type"":""MultiPoint"",""coordinates"":[]}"
1_20191115,2019-11-15T00:00:00,15.0,Point1,308.6826261067845,300.53402599792946,293.89912978285935,11.0,-3.725290298461914E-9,2019.0,"{""type"":""MultiPoint"",""coordinates"":[]}"
1_20191116,2019-11-16T00:00:00,16.0,Point1,307.0509752351173,300.45760032657904,294.40805866181273,11.0,-8.568167686462402E-8,2019.0,"{""type"":""MultiPoint"",""coordinates"":[]}"
1_20191117,2019-11-17T00:00:00,17.0,Point1,309.4597790082499,301.58211375673454,295.486602914391,11.0,1.862645149230957E-9,2019.0,"{""type"":""MultiPoint"",""coordinates"":[]}"
1_20191118,2019-11-18T00:00:00,18.0,Point1,309.5131333517776,302.0660763289069,295.90208553202217,11.0,4.284083843231201E-8,2019.0,"{""type"":""MultiPoint"",""coordinates"":[]}"
1_20191119,2019-11-19T00:00:00,19.0,Point1,308.3492645834637,301.74222400898776,297.06178962215944,11.0,1.1142055574040417E-6,2019.0,"{""type"":""MultiPoint"",""coordinates"":[]}"
1_20191120,2019-11-20T00:00:00,20.0,Point1,308.629477848964,301.3743397463609,295.96569018456904,11.0,0.0,2019.0,"{""type"":""MultiPoint"",""coordinates"":[]}"
1_20191121,2019-11-21T00:00:00,21.0,Point1,309.46803839376395,301.0051772457837,294.85228832073994,11.0,0.0,2019.0,"{""type"":""MultiPoint"",""coordinates"":[]}"
1_20191122,2019-11-22T00:00:00,22.0,Point1,309.59323357298905,301.2461839699849,294.6722802408195,11.0,0.0,2019.0,"{""type"":""MultiPoint"",""coordinates"":[]}"
1_20191123,2019-11-23T00:00:00,23.0,Point1,310.5306414641969,301.02724920677855,294.224034648398,11.0,0.0,2019.0,"{""type"":""MultiPoint"",""coordinates"":[]}"
1_20191124,2019-11-24T00:00:00,24.0,Point1,311.23042829046847,301.4728026735516,293.7329834172212,11.0,0.0,2019.0,"{""type"":""MultiPoint"",""coordinates"":[]}"
1_20191125,2019-11-25T00:00:00,25.0,Point1,310.61424535859703,301.2914793502662,293.81981917845246,11.0,0.0,2019.0,"{""type"":""MultiPoint"",""coordinates"":[]}"
1_20191126,2019-11-26T00:00:00,26.0,Point1,310.1093493065577,301.463153787866,295.0775215462362,11.0,0.0,2019.0,"{""type"":""MultiPoint"",""coordinates"":[]}"
1_20191127,2019-11-27T00:00:00,27.0,Point1,309.1951987467003,300.6064322250192,293.7085694575845,11.0,1.862645149230957E-9,2019.0,"{""type"":""MultiPoint"",""coordinates"":[]}"
1_20191128,2019-11-28T00:00:00,28.0,Point1,308.31696385211296,300.1599250030556,293.27991694639104,11.0,4.284083843231201E-8,2019.0,"{""type"":""MultiPoint"",""coordinates"":[]}"
1_20191129,2019-11-29T00:00:00,29.0,Point1,309.9301890625309,300.68187945549795,292.92397829187803,11.0,-1.862645149230957E-9,2019.0,"{""type"":""MultiPoint"",""coordinates"":[]}"
1_20191130,2019-11-30T00:00:00,30.0,Point1,310.7320328120301,301.32752403880556,293.80262535191747,11.0,-4.284083843231201E-8,2019.0,"{""type"":""MultiPoint"",""coordinates"":[]}"
1_20191201,2019-12-01T00:00:00,1.0,Point1,309.7958184844567,300.8243441849832,293.15592868065704,12.0,1.862645149230957E-9,2019.0,"{""type"":""MultiPoint"",""coordinates"":[]}"
1_20191202,2019-12-02T00:00:00,2.0,Point1,310.9440818265969,300.47810717156875,292.7243008032419,12.0,4.284083843231201E-8,2019.0,"{""type"":""MultiPoint"",""coordinates"":[]}"
1_20191203,2019-12-03T00:00:00,3.0,Point1,310.21964820905424,300.2231161574009,291.8191412487388,12.0,0.0,2019.0,"{""type"":""MultiPoint"",""coordinates"":[]}"
1_20191204,2019-12-04T00:00:00,4.0,Point1,308.17144887496625,299.73183189482666,293.30927543198493,12.0,0.0,2019.0,"{""type"":""MultiPoint"",""coordinates"":[]}"
1_20191205,2019-12-05T00:00:00,5.0,Point1,305.56899527689086,298.19376655382206,292.4467654667755,12.0,0.0,2019.0,"{""type"":""MultiPoint"",""coordinates"":[]}"
1_20191206,2019-12-06T00:00:00,6.0,Point1,302.53816354705106,295.879879658028,289.90207519054206,12.0,0.0,2019.0,"{""type"":""MultiPoint"",""coordinates"":[]}"
1_20191207,2019-12-07T00:00:00,7.0,Point1,303.7847817488837,296.6831142583373,289.77449949412767,12.0,6.027113980928063E-6,2019.0,"{""type"":""MultiPoint"",""coordinates"":[]}"
1_20191208,2019-12-08T00:00:00,8.0,Point1,303.43263634391064,297.843470604126,293.49244838496764,12.0,-4.284083843231201E-8,2019.0,"{""type"":""MultiPoint"",""coordinates"":[]}"
1_20191209,2019-12-09T00:00:00,9.0,Point1,306.1831653992448,299.0961426505766,292.8269352706292,12.0,0.0,2019.0,"{""type"":""MultiPoint"",""coordinates"":[]}"
1_20191210,2019-12-10T00:00:00,10.0,Point1,307.8831988572201,299.32531883780524,293.2240125268436,12.0,0.0,2019.0,"{""type"":""MultiPoint"",""coordinates"":[]}"
1_20191211,2019-12-11T00:00:00,11.0,Point1,305.6944580674433,298.34471827679357,292.6920471415023,12.0,0.0,2019.0,"{""type"":""MultiPoint"",""coordinates"":[]}"
1_20191212,2019-12-12T00:00:00,12.0,Point1,306.85832766760757,298.28460961847276,292.0002109948172,12.0,0.0,2019.0,"{""type"":""MultiPoint"",""coordinates"":[]}"
1_20191213,2019-12-13T00:00:00,13.0,Point1,308.41226952259166,298.36143235674376,291.6649833941204,12.0,1.862645149230957E-9,2019.0,"{""type"":""MultiPoint"",""coordinates"":[]}"
1_20191214,2019-12-14T00:00:00,14.0,Point1,310.6653734380177,298.57307482606643,289.76937171511537,12.0,4.0978193283081055E-8,2019.0,"{""type"":""MultiPoint"",""coordinates"":[]}"
1_20191215,2019-12-15T00:00:00,15.0,Point1,310.777311941414,298.9992842747629,290.1688759871648,12.0,-4.284083843231201E-8,2019.0,"{""type"":""MultiPoint"",""coordinates"":[]}"
1_20191216,2019-12-16T00:00:00,16.0,Point1,307.55293691863506,298.13682481837407,290.7803033453527,12.0,0.0,2019.0,"{""type"":""MultiPoint"",""coordinates"":[]}"
1_20191217,2019-12-17T00:00:00,17.0,Point1,306.93756321913617,297.6814908725563,290.75627218446505,12.0,-1.862645149230957E-9,2019.0,"{""type"":""MultiPoint"",""coordinates"":[]}"
1_20191218,2019-12-18T00:00:00,18.0,Point1,308.6402788563343,298.7281781844568,291.37822344099203,12.0,-4.284083843231201E-8,2019.0,"{""type"":""MultiPoint"",""coordinates"":[]}"
1_20191219,2019-12-19T00:00:00,19.0,Point1,308.7997657112858,298.8780410645104,291.41433183614987,12.0,1.862645149230957E-9,2019.0,"{""type"":""MultiPoint"",""coordinates"":[]}"
1_20191220,2019-12-20T00:00:00,20.0,Point1,308.0941146515908,298.5534796040907,291.34362738108376,12.0,4.470348358154297E-8,2019.0,"{""type"":""MultiPoint"",""coordinates"":[]}"
1_20191221,2019-12-21T00:00:00,21.0,Point1,307.19946795477495,297.95971615435263,290.75895011498983,12.0,4.284083843231201E-8,2019.0,"{""type"":""MultiPoint"",""coordinates"":[]}"
1_20191222,2019-12-22T00:00:00,22.0,Point1,309.2984568335141,298.88657441203753,290.8222885873494,12.0,0.0,2019.0,"{""type"":""MultiPoint"",""coordinates"":[]}"
1_20191223,2019-12-23T00:00:00,23.0,Point1,311.13308355351825,300.0420598819314,291.28967043800384,12.0,0.0,2019.0,"{""type"":""MultiPoint"",""coordinates"":[]}"
1_20191224,2019-12-24T00:00:00,24.0,Point1,311.32276384969424,300.29502318632296,291.41588538973343,12.0,0.0,2019.0,"{""type"":""MultiPoint"",""coordinates"":[]}"
1_20191225,2019-12-25T00:00:00,25.0,Point1,308.8309071876117,299.4169794369335,292.3763171545337,12.0,-1.862645149230957E-9,2019.0,"{""type"":""MultiPoint"",""coordinates"":[]}"
1_20191226,2019-12-26T00:00:00,26.0,Point1,310.275117302528,298.2747586751438,288.2516691315874,12.0,-4.284083843231201E-8,2019.0,"{""type"":""MultiPoint"",""coordinates"":[]}"
1_20191227,2019-12-27T00:00:00,27.0,Point1,309.8932642286126,297.68795350901075,288.68008747094314,12.0,0.0,2019.0,"{""type"":""MultiPoint"",""coordinates"":[]}"
1_20191228,2019-12-28T00:00:00,28.0,Point1,309.7869412160037,298.20481721767084,289.32699119840305,12.0,0.0,2019.0,"{""type"":""MultiPoint"",""coordinates"":[]}"
1_20191229,2019-12-29T00:00:00,29.0,Point1,309.08330018702856,298.509991114586,290.45650350207217,12.0,0.0,2019.0,"{""type"":""MultiPoint"",""coordinates"":[]}"
1_20191230,2019-12-30T00:00:00,30.0,Point1,308.4516301082648,298.782043035143,290.8205348306417,12.0,0.0,2019.0,"{""type"":""MultiPoint"",""coordinates"":[]}"
2_20190101,2019-01-01T00:00:00,1.0,Point2,310.75804555632607,300.19748720371314,291.7828237946623,1.0,0.0,2019.0,"{""type"":""MultiPoint"",""coordinates"":[]}"
2_20190102,2019-01-02T00:00:00,2.0,Point2,309.02310282717093,300.46954433602815,293.97440854657145,1.0,0.0,2019.0,"{""type"":""MultiPoint"",""coordinates"":[]}"
2_20190103,2019-01-03T00:00:00,3.0,Point2,307.40220109626347,297.9744314168771,291.43390208868004,1.0,0.0,2019.0,"{""type"":""MultiPoint"",""coordinates"":[]}"
2_20190104,2019-01-04T00:00:00,4.0,Point2,304.70235577348484,295.7689117151554,289.8939834725832,1.0,0.0,2019.0,"{""type"":""MultiPoint"",""coordinates"":[]}"
2_20190105,2019-01-05T00:00:00,5.0,Point2,306.5584453351096,297.5854659673642,291.28251817193353,1.0,0.0,2019.0,"{""type"":""MultiPoint"",""coordinates"":[]}"
2_20190106,2019-01-06T00:00:00,6.0,Point2,306.5328950559784,297.1275464851068,290.2205473846394,1.0,0.0,2019.0,"{""type"":""MultiPoint"",""coordinates"":[]}"
2_20190107,2019-01-07T00:00:00,7.0,Point2,305.6321812402315,297.4648592903661,291.30597594249434,1.0,0.0,2019.0,"{""type"":""MultiPoint"",""coordinates"":[]}"
2_20190108,2019-01-08T00:00:00,8.0,Point2,308.51226866978544,297.0450415019992,287.78748325257766,1.0,0.0,2019.0,"{""type"":""MultiPoint"",""coordinates"":[]}"
2_20190109,2019-01-09T00:00:00,9.0,Point2,308.6874321727309,297.2377203144476,288.57260400153444,1.0,0.0,2019.0,"{""type"":""MultiPoint"",""coordinates"":[]}"
2_20190110,2019-01-10T00:00:00,10.0,Point2,303.72927678262226,295.6910951908993,289.28338797207437,1.0,1.862645149230957E-9,2019.0,"{""type"":""MultiPoint"",""coordinates"":[]}"
2_20190111,2019-01-11T00:00:00,11.0,Point2,304.7268004027272,296.19508347216123,288.8614212048052,1.0,4.284083843231201E-8,2019.0,"{""type"":""MultiPoint"",""coordinates"":[]}"
2_20190112,2019-01-12T00:00:00,12.0,Point2,308.75833619141383,297.34559825918825,287.94832616298373,1.0,0.0,2019.0,"{""type"":""MultiPoint"",""coordinates"":[]}"
2_20190113,2019-01-13T00:00:00,13.0,Point2,309.8968583717638,298.27449099409057,288.5312427773277,1.0,0.0,2019.0,"{""type"":""MultiPoint"",""coordinates"":[]}"
2_20190114,2019-01-14T00:00:00,14.0,Point2,309.45197995764477,298.77362070230737,290.114415082911,1.0,0.0,2019.0,"{""type"":""MultiPoint"",""coordinates"":[]}"
2_20190115,2019-01-15T00:00:00,15.0,Point2,308.79206067923093,298.0250299189663,290.25873156716824,1.0,0.0,2019.0,"{""type"":""MultiPoint"",""coordinates"":[]}"
2_20190116,2019-01-16T00:00:00,16.0,Point2,307.2442137173111,297.0233467130357,289.5091586404423,1.0,0.0,2019.0,"{""type"":""MultiPoint"",""coordinates"":[]}"
2_20190117,2019-01-17T00:00:00,17.0,Point2,306.94854416313683,296.93629104563615,289.27023047261173,1.0,8.568167686462402E-8,2019.0,"{""type"":""MultiPoint"",""coordinates"":[]}"
2_20190118,2019-01-18T00:00:00,18.0,Point2,303.5286013411956,296.101596460564,290.0457187422409,1.0,0.0,2019.0,"{""type"":""MultiPoint"",""coordinates"":[]}"
2_20190119,2019-01-19T00:00:00,19.0,Point2,302.1403206451124,295.2100072233873,289.38148681634675,1.0,0.0,2019.0,"{""type"":""MultiPoint"",""coordinates"":[]}"
2_20190120,2019-01-20T00:00:00,20.0,Point2,304.1142174948522,294.9318856356829,287.3957949494785,1.0,0.0,2019.0,"{""type"":""MultiPoint"",""coordinates"":[]}"
2_20190121,2019-01-21T00:00:00,21.0,Point2,305.1199165780756,294.86286196106226,287.0432458977009,1.0,0.0,2019.0,"{""type"":""MultiPoint"",""coordinates"":[]}"
2_20190122,2019-01-22T00:00:00,22.0,Point2,304.4650643782047,295.10644459291444,287.25609999218847,1.0,0.0,2019.0,"{""type"":""MultiPoint"",""coordinates"":[]}"
2_20190123,2019-01-23T00:00:00,23.0,Point2,303.8598969349101,295.1577519269875,288.3390730306799,1.0,0.0,2019.0,"{""type"":""MultiPoint"",""coordinates"":[]}"
2_20190124,2019-01-24T00:00:00,24.0,Point2,305.78310487699144,296.4684238996245,289.35609682452224,1.0,1.862645149230957E-9,2019.0,"{""type"":""MultiPoint"",""coordinates"":[]}"
2_20190125,2019-01-25T00:00:00,25.0,Point2,305.8930680823033,296.6825686281395,289.43473849439033,1.0,4.284083843231201E-8,2019.0,"{""type"":""MultiPoint"",""coordinates"":[]}"
2_20190126,2019-01-26T00:00:00,26.0,Point2,308.1727989761421,298.70331632036465,290.67548034107796,1.0,0.0,2019.0,"{""type"":""MultiPoint"",""coordinates"":[]}"
2_20190127,2019-01-27T00:00:00,27.0,Point2,309.2429553082018,300.5748341133342,292.90086829273577,1.0,0.0,2019.0,"{""type"":""MultiPoint"",""coordinates"":[]}"
2_20190128,2019-01-28T00:00:00,28.0,Point2,308.21906652824873,299.56371109077315,292.223786650354,1.0,0.0,2019.0,"{""type"":""MultiPoint"",""coordinates"":[]}"
2_20190129,2019-01-29T00:00:00,29.0,Point2,307.6744775993706,297.87806247412465,290.8280246528279,1.0,0.0,2019.0,"{""type"":""MultiPoint"",""coordinates"":[]}"
2_20190130,2019-01-30T00:00:00,30.0,Point2,307.7607952133563,296.8088191799111,288.748000057245,1.0,0.0,2019.0,"{""type"":""MultiPoint"",""coordinates"":[]}"
2_20190131,2019-01-31T00:00:00,31.0,Point2,306.0400470747796,296.8109488447204,290.01017645620044,1.0,0.0,2019.0,"{""type"":""MultiPoint"",""coordinates"":[]}"
2_20190201,2019-02-01T00:00:00,1.0,Point2,307.1973880305232,296.7892611473246,288.46937930362816,2.0,0.0,2019.0,"{""type"":""MultiPoint"",""coordinates"":[]}"
2_20190202,2019-02-02T00:00:00,2.0,Point2,306.6647747779494,296.84320188439267,288.8447926064485,2.0,0.0,2019.0,"{""type"":""MultiPoint"",""coordinates"":[]}"
2_20190203,2019-02-03T00:00:00,3.0,Point2,307.3673244119505,297.295129303354,289.97730802339726,2.0,0.0,2019.0,"{""type"":""MultiPoint"",""coordinates"":[]}"
2_20190204,2019-02-04T00:00:00,4.0,Point2,306.29973420089294,296.9884226791004,289.8883768389686,2.0,4.470348358154297E-8,2019.0,"{""type"":""MultiPoint"",""coordinates"":[]}"
2_20190205,2019-02-05T00:00:00,5.0,Point2,307.06105033011914,297.0693006152358,288.75973308274945,2.0,4.284083843231201E-8,2019.0,"{""type"":""MultiPoint"",""coordinates"":[]}"
2_20190206,2019-02-06T00:00:00,6.0,Point2,308.6347835133305,297.9400936693586,289.5009801514887,2.0,1.862645149230957E-9,2019.0,"{""type"":""MultiPoint"",""coordinates"":[]}"
2_20190207,2019-02-07T00:00:00,7.0,Point2,308.1134285728486,298.69445527547316,291.7290791245415,2.0,4.284083843231201E-8,2019.0,"{""type"":""MultiPoint"",""coordinates"":[]}"
2_20190208,2019-02-08T00:00:00,8.0,Point2,307.4070448842838,299.11212455870185,292.4979814850849,2.0,0.0,2019.0,"{""type"":""MultiPoint"",""coordinates"":[]}"
2_20190209,2019-02-09T00:00:00,9.0,Point2,309.7743149042083,299.25284245376855,291.17178103821846,2.0,1.862645149230957E-9,2019.0,"{""type"":""MultiPoint"",""coordinates"":[]}"
2_20190210,2019-02-10T00:00:00,10.0,Point2,310.2960933960174,300.0182517449666,292.1637673492522,2.0,4.284083843231201E-8,2019.0,"{""type"":""MultiPoint"",""coordinates"":[]}"
2_20190211,2019-02-11T00:00:00,11.0,Point2,311.5664600833414,301.41692634467796,293.3792492867076,2.0,0.0,2019.0,"{""type"":""MultiPoint"",""coordinates"":[]}"
2_20190212,2019-02-12T00:00:00,12.0,Point2,311.19861224218636,301.30673224030704,292.66809353328404,2.0,0.0,2019.0,"{""type"":""MultiPoint"",""coordinates"":[]}"
2_20190213,2019-02-13T00:00:00,13.0,Point2,310.24786473344795,301.5707017153276,294.4139581749947,2.0,0.0,2019.0,"{""type"":""MultiPoint"",""coordinates"":[]}"
2_20190214,2019-02-14T00:00:00,14.0,Point2,310.70813850741024,301.9051232243906,295.6223666968231,2.0,0.0,2019.0,"{""type"":""MultiPoint"",""coordinates"":[]}"
2_20190215,2019-02-15T00:00:00,15.0,Point2,309.7988649579469,301.46815706300356,295.300855766584,2.0,0.0,2019.0,"{""type"":""MultiPoint"",""coordinates"":[]}"
2_20190216,2019-02-16T00:00:00,16.0,Point2,306.08751531719025,299.02650478030057,293.92294873485474,2.0,0.0,2019.0,"{""type"":""MultiPoint"",""coordinates"":[]}"
2_20190217,2019-02-17T00:00:00,17.0,Point2,307.16495331114464,298.1197089471056,291.73276297940413,2.0,0.0,2019.0,"{""type"":""MultiPoint"",""coordinates"":[]}"
2_20190218,2019-02-18T00:00:00,18.0,Point2,305.8955420918866,296.81764479825046,290.236318088048,2.0,0.0,2019.0,"{""type"":""MultiPoint"",""coordinates"":[]}"
2_20190219,2019-02-19T00:00:00,19.0,Point2,305.7663498416448,297.56161454626647,292.34438503498535,2.0,1.862645149230957E-9,2019.0,"{""type"":""MultiPoint"",""coordinates"":[]}"
2_20190220,2019-02-20T00:00:00,20.0,Point2,308.62127778214,297.7876102005777,288.18900608657935,2.0,4.0978193283081055E-8,2019.0,"{""type"":""MultiPoint"",""coordinates"":[]}"
2_20190221,2019-02-21T00:00:00,21.0,Point2,309.2955404057025,299.36401812049286,291.2031091035657,2.0,0.0,2019.0,"{""type"":""MultiPoint"",""coordinates"":[]}"
2_20190222,2019-02-22T00:00:00,22.0,Point2,311.6756004194943,301.4146673913533,293.2907245951083,2.0,0.0,2019.0,"{""type"":""MultiPoint"",""coordinates"":[]}"
2_20190223,2019-02-23T00:00:00,23.0,Point2,309.562358338487,301.78668107559986,295.2723256941535,2.0,0.0,2019.0,"{""type"":""MultiPoint"",""coordinates"":[]}"
2_20190224,2019-02-24T00:00:00,24.0,Point2,307.7737686344945,300.2955305117737,294.60960425578213,2.0,0.0,2019.0,"{""type"":""MultiPoint"",""coordinates"":[]}"
2_20190225,2019-02-25T00:00:00,25.0,Point2,307.1002746266189,298.5902330383289,291.34577231098956,2.0,0.0,2019.0,"{""type"":""MultiPoint"",""coordinates"":[]}"
2_20190226,2019-02-26T00:00:00,26.0,Point2,306.10327935959066,297.7395479067814,290.51932683556225,2.0,0.0,2019.0,"{""type"":""MultiPoint"",""coordinates"":[]}"
2_20190227,2019-02-27T00:00:00,27.0,Point2,305.254360059676,297.42219842315956,291.2102967932502,2.0,0.0,2019.0,"{""type"":""MultiPoint"",""coordinates"":[]}"
2_20190228,2019-02-28T00:00:00,28.0,Point2,305.2578823221448,297.49412149117575,290.850824863737,2.0,0.0,2019.0,"{""type"":""MultiPoint"",""coordinates"":[]}"
2_20190301,2019-03-01T00:00:00,1.0,Point2,304.6297124644039,297.71795482818,291.890998815005,3.0,0.0,2019.0,"{""type"":""MultiPoint"",""coordinates"":[]}"
2_20190302,2019-03-02T00:00:00,2.0,Point2,306.180559207117,297.15479976398547,289.53929216399416,3.0,0.0,2019.0,"{""type"":""MultiPoint"",""coordinates"":[]}"
2_20190303,2019-03-03T00:00:00,3.0,Point2,307.7094566823449,296.6420532387464,287.99231256784077,3.0,0.0,2019.0,"{""type"":""MultiPoint"",""coordinates"":[]}"
2_20190304,2019-03-04T00:00:00,4.0,Point2,308.40164194254174,297.3485036461504,289.01930814421615,3.0,0.0,2019.0,"{""type"":""MultiPoint"",""coordinates"":[]}"
2_20190305,2019-03-05T00:00:00,5.0,Point2,310.1806466449544,298.05065414556844,289.3416330478685,3.0,0.0,2019.0,"{""type"":""MultiPoint"",""coordinates"":[]}"
2_20190306,2019-03-06T00:00:00,6.0,Point2,309.0441358521963,298.8677834568721,291.31053730883275,3.0,0.0,2019.0,"{""type"":""MultiPoint"",""coordinates"":[]}"
2_20190307,2019-03-07T00:00:00,7.0,Point2,309.37315248721416,298.3784935729063,289.8233616595574,3.0,0.0,2019.0,"{""type"":""MultiPoint"",""coordinates"":[]}"
2_20190308,2019-03-08T00:00:00,8.0,Point2,308.95849529222414,298.64154724943467,290.2281579403318,3.0,0.0,2019.0,"{""type"":""MultiPoint"",""coordinates"":[]}"
2_20190309,2019-03-09T00:00:00,9.0,Point2,308.4924855112121,298.3172982112897,290.01127630322037,3.0,0.0,2019.0,"{""type"":""MultiPoint"",""coordinates"":[]}"
2_20190310,2019-03-10T00:00:00,10.0,Point2,310.21934863557755,298.9475110051595,290.7076295429178,3.0,0.0,2019.0,"{""type"":""MultiPoint"",""coordinates"":[]}"
2_20190311,2019-03-11T00:00:00,11.0,Point2,311.3509776229576,299.6284009713349,290.21561096376143,3.0,0.0,2019.0,"{""type"":""MultiPoint"",""coordinates"":[]}"
2_20190312,2019-03-12T00:00:00,12.0,Point2,309.9338225364871,300.5887391951325,292.8522470955085,3.0,0.0,2019.0,"{""type"":""MultiPoint"",""coordinates"":[]}"
2_20190313,2019-03-13T00:00:00,13.0,Point2,309.6383402160871,301.1394824009578,294.6647813927729,3.0,0.0,2019.0,"{""type"":""MultiPoint"",""coordinates"":[]}"
2_20190314,2019-03-14T00:00:00,14.0,Point2,310.088459301684,301.2208262188223,294.06026577926247,3.0,0.0,2019.0,"{""type"":""MultiPoint"",""coordinates"":[]}"
2_20190315,2019-03-15T00:00:00,15.0,Point2,311.29981251355144,300.5672574884093,291.47598986038116,3.0,0.0,2019.0,"{""type"":""MultiPoint"",""coordinates"":[]}"
2_20190316,2019-03-16T00:00:00,16.0,Point2,311.1414370723963,299.6633161184635,289.0558273771318,3.0,4.284083843231201E-8,2019.0,"{""type"":""MultiPoint"",""coordinates"":[]}"
2_20190317,2019-03-17T00:00:00,17.0,Point2,311.1526661392209,299.9454365845561,290.3053426759315,3.0,0.0,2019.0,"{""type"":""MultiPoint"",""coordinates"":[]}"
2_20190318,2019-03-18T00:00:00,18.0,Point2,312.95041206566947,301.16525012900695,290.34168465392145,3.0,0.0,2019.0,"{""type"":""MultiPoint"",""coordinates"":[]}"
2_20190319,2019-03-19T00:00:00,19.0,Point2,312.3235696451061,302.15053080562683,293.75473010840307,3.0,0.0,2019.0,"{""type"":""MultiPoint"",""coordinates"":[]}"
2_20190320,2019-03-20T00:00:00,20.0,Point2,312.60843216565144,301.50742679917005,293.4241274219313,3.0,0.0,2019.0,"{""type"":""MultiPoint"",""coordinates"":[]}"
2_20190321,2019-03-21T00:00:00,21.0,Point2,310.0801085919241,298.8982644225441,291.3444819436411,3.0,0.0,2019.0,"{""type"":""MultiPoint"",""coordinates"":[]}"
2_20190322,2019-03-22T00:00:00,22.0,Point2,302.74400641261263,296.4165421887967,292.40373524816863,3.0,1.0730564671378892E-6,2019.0,"{""type"":""MultiPoint"",""coordinates"":[]}"
2_20190323,2019-03-23T00:00:00,23.0,Point2,303.6508114246203,295.9547470307308,290.92395067652603,3.0,4.284083843231201E-8,2019.0,"{""type"":""MultiPoint"",""coordinates"":[]}"
2_20190324,2019-03-24T00:00:00,24.0,Point2,303.7728467858225,295.4578324466729,288.90119343068403,3.0,0.0,2019.0,"{""type"":""MultiPoint"",""coordinates"":[]}"
2_20190325,2019-03-25T00:00:00,25.0,Point2,302.90367306584693,295.5273189593097,289.76554959846004,3.0,0.0,2019.0,"{""type"":""MultiPoint"",""coordinates"":[]}"
2_20190326,2019-03-26T00:00:00,26.0,Point2,303.40835862996823,295.92691329214125,290.2511556886458,3.0,0.0,2019.0,"{""type"":""MultiPoint"",""coordinates"":[]}"
2_20190327,2019-03-27T00:00:00,27.0,Point2,304.9465398849907,296.7522513313793,290.48949066025045,3.0,1.862645149230957E-9,2019.0,"{""type"":""MultiPoint"",""coordinates"":[]}"
2_20190328,2019-03-28T00:00:00,28.0,Point2,305.5831064016785,297.4666666732219,291.5047098408219,3.0,4.0978193283081055E-8,2019.0,"{""type"":""MultiPoint"",""coordinates"":[]}"
2_20190329,2019-03-29T00:00:00,29.0,Point2,306.8635032309659,298.29763147808154,292.63334213134664,3.0,3.5235392376402227E-4,2019.0,"{""type"":""MultiPoint"",""coordinates"":[]}"
2_20190330,2019-03-30T00:00:00,30.0,Point2,307.3168229183352,298.92071962123777,292.59258760863094,3.0,2.9817511893341825E-5,2019.0,"{""type"":""MultiPoint"",""coordinates"":[]}"
2_20190331,2019-03-31T00:00:00,31.0,Point2,308.59068371639245,299.90099120926897,292.22506838714537,3.0,0.0,2019.0,"{""type"":""MultiPoint"",""coordinates"":[]}"
2_20190401,2019-04-01T00:00:00,1.0,Point2,309.5890785743192,301.0107751573303,293.7573069114514,4.0,0.0,2019.0,"{""type"":""MultiPoint"",""coordinates"":[]}"
2_20190402,2019-04-02T00:00:00,2.0,Point2,309.5123683539854,300.0431670218886,294.0128004315821,4.0,4.877935081292609E-5,2019.0,"{""type"":""MultiPoint"",""coordinates"":[]}"
2_20190403,2019-04-03T00:00:00,3.0,Point2,307.3539887428097,298.6933985082369,293.18042400995523,4.0,0.0,2019.0,"{""type"":""MultiPoint"",""coordinates"":[]}"
2_20190404,2019-04-04T00:00:00,4.0,Point2,306.2015146018239,297.9433375416126,292.3569925401713,4.0,0.0,2019.0,"{""type"":""MultiPoint"",""coordinates"":[]}"
2_20190405,2019-04-05T00:00:00,5.0,Point2,308.090499934543,299.18555041631436,292.2647656867384,4.0,0.0,2019.0,"{""type"":""MultiPoint"",""coordinates"":[]}"
2_20190406,2019-04-06T00:00:00,6.0,Point2,309.9073065869675,300.95401952080937,293.61562497884444,4.0,0.0,2019.0,"{""type"":""MultiPoint"",""coordinates"":[]}"
2_20190407,2019-04-07T00:00:00,7.0,Point2,310.7779855800778,303.198104512759,296.4432975442771,4.0,0.0,2019.0,"{""type"":""MultiPoint"",""coordinates"":[]}"
2_20190408,2019-04-08T00:00:00,8.0,Point2,313.1854382414203,304.31342424282076,297.40570741909335,4.0,0.0,2019.0,"{""type"":""MultiPoint"",""coordinates"":[]}"
2_20190409,2019-04-09T00:00:00,9.0,Point2,312.7293632073785,304.0967776777689,296.4091144778537,4.0,4.0978193283081055E-8,2019.0,"{""type"":""MultiPoint"",""coordinates"":[]}"
2_20190410,2019-04-10T00:00:00,10.0,Point2,311.33564930077637,302.93437130016827,296.62199780420036,4.0,0.0,2019.0,"{""type"":""MultiPoint"",""coordinates"":[]}"
2_20190411,2019-04-11T00:00:00,11.0,Point2,309.99341880323084,300.74943629337264,292.85333777414445,4.0,4.284083843231201E-8,2019.0,"{""type"":""MultiPoint"",""coordinates"":[]}"
2_20190412,2019-04-12T00:00:00,12.0,Point2,308.079774625272,299.3929766874904,291.6539508884387,4.0,0.0,2019.0,"{""type"":""MultiPoint"",""coordinates"":[]}"
2_20190413,2019-04-13T00:00:00,13.0,Point2,308.99764214910294,298.904867707461,289.35715953467127,4.0,0.0,2019.0,"{""type"":""MultiPoint"",""coordinates"":[]}"
2_20190414,2019-04-14T00:00:00,14.0,Point2,310.0489119500114,299.06571077876805,289.1409245174254,4.0,0.0,2019.0,"{""type"":""MultiPoint"",""coordinates"":[]}"
2_20190415,2019-04-15T00:00:00,15.0,Point2,310.744138162319,299.71332037251005,291.0940044546844,4.0,0.0,2019.0,"{""type"":""MultiPoint"",""coordinates"":[]}"
2_20190416,2019-04-16T00:00:00,16.0,Point2,311.99040264776954,299.99129978620164,290.96436062503483,4.0,0.0,2019.0,"{""type"":""MultiPoint"",""coordinates"":[]}"
2_20190417,2019-04-17T00:00:00,17.0,Point2,310.72953122985757,299.8223125783291,291.7916928086284,4.0,1.862645149230957E-9,2019.0,"{""type"":""MultiPoint"",""coordinates"":[]}"
2_20190418,2019-04-18T00:00:00,18.0,Point2,310.5413465196326,300.00620105149716,291.75222991812257,4.0,4.284083843231201E-8,2019.0,"{""type"":""MultiPoint"",""coordinates"":[]}"
2_20190419,2019-04-19T00:00:00,19.0,Point2,311.2824925216142,301.0229124543351,294.0644153787902,4.0,0.0,2019.0,"{""type"":""MultiPoint"",""coordinates"":[]}"
2_20190420,2019-04-20T00:00:00,20.0,Point2,310.64473916403693,299.80373265021166,292.31364425423794,4.0,0.0,2019.0,"{""type"":""MultiPoint"",""coordinates"":[]}"
2_20190421,2019-04-21T00:00:00,21.0,Point2,306.6780147600909,297.87096420523477,290.9203740473581,4.0,0.0,2019.0,"{""type"":""MultiPoint"",""coordinates"":[]}"
2_20190422,2019-04-22T00:00:00,22.0,Point2,304.91309350134225,296.98883258362946,290.4606743864519,4.0,0.0,2019.0,"{""type"":""MultiPoint"",""coordinates"":[]}"
2_20190423,2019-04-23T00:00:00,23.0,Point2,306.0126775180286,297.09377559817557,289.8068867098467,4.0,0.0,2019.0,"{""type"":""MultiPoint"",""coordinates"":[]}"
2_20190424,2019-04-24T00:00:00,24.0,Point2,309.4545015686309,299.43786154480506,290.1602967315716,4.0,0.0,2019.0,"{""type"":""MultiPoint"",""coordinates"":[]}"
2_20190425,2019-04-25T00:00:00,25.0,Point2,311.70112424975986,301.7997138841476,293.20897628078,4.0,0.0,2019.0,"{""type"":""MultiPoint"",""coordinates"":[]}"
2_20190426,2019-04-26T00:00:00,26.0,Point2,314.77758963372037,303.08771242850514,294.19355193787874,4.0,0.0,2019.0,"{""type"":""MultiPoint"",""coordinates"":[]}"
2_20190427,2019-04-27T00:00:00,27.0,Point2,314.39165745626974,304.17907909563894,296.00416189803434,4.0,0.0,2019.0,"{""type"":""MultiPoint"",""coordinates"":[]}"
2_20190428,2019-04-28T00:00:00,28.0,Point2,313.5562263627324,303.3965452343568,295.9237822726518,4.0,1.862645149230957E-9,2019.0,"{""type"":""MultiPoint"",""coordinates"":[]}"
2_20190429,2019-04-29T00:00:00,29.0,Point2,313.22887612692773,302.93270590211745,295.5645167852283,4.0,4.284083843231201E-8,2019.0,"{""type"":""MultiPoint"",""coordinates"":[]}"
2_20190430,2019-04-30T00:00:00,30.0,Point2,310.4150735519519,300.1146592592919,292.8036103862218,4.0,0.0,2019.0,"{""type"":""MultiPoint"",""coordinates"":[]}"
2_20190501,2019-05-01T00:00:00,1.0,Point2,304.22786929267056,296.6813156613612,291.0499754914826,5.0,1.862645149230957E-9,2019.0,"{""type"":""MultiPoint"",""coordinates"":[]}"
2_20190502,2019-05-02T00:00:00,2.0,Point2,304.455578376995,296.75608571668414,290.9579801032422,5.0,4.0978193283081055E-8,2019.0,"{""type"":""MultiPoint"",""coordinates"":[]}"
2_20190503,2019-05-03T00:00:00,3.0,Point2,304.005663057762,296.4326589413393,290.4206785810247,5.0,0.0,2019.0,"{""type"":""MultiPoint"",""coordinates"":[]}"
2_20190504,2019-05-04T00:00:00,4.0,Point2,306.27557053926324,297.6884766548691,290.4858384313958,5.0,4.0978193283081055E-8,2019.0,"{""type"":""MultiPoint"",""coordinates"":[]}"
2_20190505,2019-05-05T00:00:00,5.0,Point2,311.0425469507069,300.3927750188004,292.13312237915915,5.0,0.0,2019.0,"{""type"":""MultiPoint"",""coordinates"":[]}"
2_20190506,2019-05-06T00:00:00,6.0,Point2,315.80322774996216,303.1844725978489,294.27350029612955,5.0,2.0668932284561134E-7,2019.0,"{""type"":""MultiPoint"",""coordinates"":[]}"
2_20190507,2019-05-07T00:00:00,7.0,Point2,315.30448136481425,305.0696376077226,297.631207083799,5.0,4.7153317502462836E-4,2019.0,"{""type"":""MultiPoint"",""coordinates"":[]}"
2_20190508,2019-05-08T00:00:00,8.0,Point2,316.490640975097,305.82397820730273,295.52769660465515,5.0,0.0,2019.0,"{""type"":""MultiPoint"",""coordinates"":[]}"
2_20190509,2019-05-09T00:00:00,9.0,Point2,313.79480854996115,301.89077265954893,293.33080956359044,5.0,0.0,2019.0,"{""type"":""MultiPoint"",""coordinates"":[]}"
2_20190510,2019-05-10T00:00:00,10.0,Point2,309.9427584704187,299.652116973287,291.794975678545,5.0,0.0,2019.0,"{""type"":""MultiPoint"",""coordinates"":[]}"
2_20190511,2019-05-11T00:00:00,11.0,Point2,309.6225445059634,299.31947137005415,291.55276212746264,5.0,4.496391199920541E-8,2019.0,"{""type"":""MultiPoint"",""coordinates"":[]}"
2_20190512,2019-05-12T00:00:00,12.0,Point2,308.5555284049823,298.6712659803412,292.1196304809952,5.0,0.0,2019.0,"{""type"":""MultiPoint"",""coordinates"":[]}"
2_20190513,2019-05-13T00:00:00,13.0,Point2,306.21055160698256,297.4261444738381,290.7842025354583,5.0,0.0,2019.0,"{""type"":""MultiPoint"",""coordinates"":[]}"
2_20190514,2019-05-14T00:00:00,14.0,Point2,307.0761643335052,297.58692752455994,290.90085747511546,5.0,0.0,2019.0,"{""type"":""MultiPoint"",""coordinates"":[]}"
2_20190515,2019-05-15T00:00:00,15.0,Point2,307.33969205302475,297.50731822220365,290.93071792861764,5.0,0.0,2019.0,"{""type"":""MultiPoint"",""coordinates"":[]}"
2_20190516,2019-05-16T00:00:00,16.0,Point2,305.9007005533233,297.69858903666994,291.87116831872777,5.0,7.790747213016799E-6,2019.0,"{""type"":""MultiPoint"",""coordinates"":[]}"
2_20190517,2019-05-17T00:00:00,17.0,Point2,306.4284718309941,298.1997821243962,291.0395057170192,5.0,0.0,2019.0,"{""type"":""MultiPoint"",""coordinates"":[]}"
2_20190518,2019-05-18T00:00:00,18.0,Point2,305.62443271034334,298.2542687870287,292.14942517361595,5.0,3.798857107220206E-5,2019.0,"{""type"":""MultiPoint"",""coordinates"":[]}"
2_20190519,2019-05-19T00:00:00,19.0,Point2,306.08495081115854,298.64154083424773,292.84061181892105,5.0,0.0,2019.0,"{""type"":""MultiPoint"",""coordinates"":[]}"
2_20190520,2019-05-20T00:00:00,20.0,Point2,307.5281776170483,299.1598575206921,292.60390353673046,5.0,0.0,2019.0,"{""type"":""MultiPoint"",""coordinates"":[]}"
2_20190521,2019-05-21T00:00:00,21.0,Point2,310.21444486272776,300.44123668853166,292.4228756350947,5.0,0.0,2019.0,"{""type"":""MultiPoint"",""coordinates"":[]}"
2_20190522,2019-05-22T00:00:00,22.0,Point2,309.2534717767645,300.19016737547776,293.39300140070975,5.0,4.284083843231201E-8,2019.0,"{""type"":""MultiPoint"",""coordinates"":[]}"
2_20190523,2019-05-23T00:00:00,23.0,Point2,309.4859774171828,299.5323558241985,292.1002291973808,5.0,0.0,2019.0,"{""type"":""MultiPoint"",""coordinates"":[]}"
2_20190524,2019-05-24T00:00:00,24.0,Point2,310.34917059170033,299.89743021432605,292.58205867321135,5.0,0.0,2019.0,"{""type"":""MultiPoint"",""coordinates"":[]}"
2_20190525,2019-05-25T00:00:00,25.0,Point2,309.1752866235848,299.63190924881536,292.4950007800129,5.0,0.0,2019.0,"{""type"":""MultiPoint"",""coordinates"":[]}"
2_20190526,2019-05-26T00:00:00,26.0,Point2,306.42406953477547,298.6149530006652,291.94138577086363,5.0,0.0,2019.0,"{""type"":""MultiPoint"",""coordinates"":[]}"
2_20190527,2019-05-27T00:00:00,27.0,Point2,307.6382940240586,299.53644346785813,292.9813315181661,5.0,0.0,2019.0,"{""type"":""MultiPoint"",""coordinates"":[]}"
2_20190528,2019-05-28T00:00:00,28.0,Point2,308.92310723288176,299.4933506779968,292.516612374161,5.0,0.0,2019.0,"{""type"":""MultiPoint"",""coordinates"":[]}"
2_20190529,2019-05-29T00:00:00,29.0,Point2,310.1032025442066,300.8725469284192,294.03377661977845,5.0,0.0,2019.0,"{""type"":""MultiPoint"",""coordinates"":[]}"
2_20190530,2019-05-30T00:00:00,30.0,Point2,312.7678260527605,302.8935132241766,296.5163722739418,5.0,0.0,2019.0,"{""type"":""MultiPoint"",""coordinates"":[]}"
2_20190531,2019-05-31T00:00:00,31.0,Point2,310.2162693338781,300.6972859864402,293.48131557554746,5.0,0.0,2019.0,"{""type"":""MultiPoint"",""coordinates"":[]}"
2_20190601,2019-06-01T00:00:00,1.0,Point2,309.62515620071656,300.1629521750398,292.5940681908936,6.0,0.0,2019.0,"{""type"":""MultiPoint"",""coordinates"":[]}"
2_20190602,2019-06-02T00:00:00,2.0,Point2,306.7236397089006,298.25183831162576,291.736921935034,6.0,0.0,2019.0,"{""type"":""MultiPoint"",""coordinates"":[]}"
2_20190603,2019-06-03T00:00:00,3.0,Point2,307.14854537376897,298.04703860067804,290.55916111116835,6.0,0.0,2019.0,"{""type"":""MultiPoint"",""coordinates"":[]}"
2_20190604,2019-06-04T00:00:00,4.0,Point2,307.00286761691535,298.9924727851259,293.03098598212785,6.0,0.0,2019.0,"{""type"":""MultiPoint"",""coordinates"":[]}"
2_20190605,2019-06-05T00:00:00,5.0,Point2,306.88071708031134,299.4890230026498,293.4903106272302,6.0,9.651182539829449E-8,2019.0,"{""type"":""MultiPoint"",""coordinates"":[]}"
2_20190606,2019-06-06T00:00:00,6.0,Point2,308.20570891249395,299.8839947149824,294.2484065619933,6.0,7.526417643128602E-7,2019.0,"{""type"":""MultiPoint"",""coordinates"":[]}"
2_20190607,2019-06-07T00:00:00,7.0,Point2,307.69004307191744,298.70623466433597,291.4717152630346,6.0,0.0,2019.0,"{""type"":""MultiPoint"",""coordinates"":[]}"
2_20190608,2019-06-08T00:00:00,8.0,Point2,307.8106954001375,298.7000323524469,291.97309119699986,6.0,0.0,2019.0,"{""type"":""MultiPoint"",""coordinates"":[]}"
2_20190609,2019-06-09T00:00:00,9.0,Point2,311.0597635189833,301.56059344693386,292.7950544009053,6.0,0.0,2019.0,"{""type"":""MultiPoint"",""coordinates"":[]}"
2_20190610,2019-06-10T00:00:00,10.0,Point2,308.5093967398264,301.65546829172985,295.80553227852755,6.0,5.689589370364348E-6,2019.0,"{""type"":""MultiPoint"",""coordinates"":[]}"
2_20190611,2019-06-11T00:00:00,11.0,Point2,308.4651631536113,301.7690460988726,296.9037055067895,6.0,0.0,2019.0,"{""type"":""MultiPoint"",""coordinates"":[]}"
2_20190612,2019-06-12T00:00:00,12.0,Point2,308.28565057696034,299.9268629241329,293.33324144687816,6.0,1.862645149230957E-9,2019.0,"{""type"":""MultiPoint"",""coordinates"":[]}"
2_20190613,2019-06-13T00:00:00,13.0,Point2,308.726117884035,299.6193205720396,292.8660670755152,6.0,4.0978193283081055E-8,2019.0,"{""type"":""MultiPoint"",""coordinates"":[]}"
2_20190614,2019-06-14T00:00:00,14.0,Point2,308.77403951003157,299.9992489687192,293.0293225551159,6.0,0.0,2019.0,"{""type"":""MultiPoint"",""coordinates"":[]}"
2_20190615,2019-06-15T00:00:00,15.0,Point2,309.4907090317992,300.73104086669025,293.7503262389291,6.0,0.0,2019.0,"{""type"":""MultiPoint"",""coordinates"":[]}"
2_20190616,2019-06-16T00:00:00,16.0,Point2,312.36884672123585,302.6863054805517,294.0996116097378,6.0,1.862645149230957E-9,2019.0,"{""type"":""MultiPoint"",""coordinates"":[]}"
2_20190617,2019-06-17T00:00:00,17.0,Point2,312.24727374663274,303.3367680968821,294.97458877071836,6.0,4.284083843231201E-8,2019.0,"{""type"":""MultiPoint"",""coordinates"":[]}"
2_20190618,2019-06-18T00:00:00,18.0,Point2,309.1710786005641,302.4423310515052,296.94183093955394,6.0,1.862645149230957E-9,2019.0,"{""type"":""MultiPoint"",""coordinates"":[]}"
2_20190619,2019-06-19T00:00:00,19.0,Point2,311.09854641158097,302.6863510677111,296.8019991194776,6.0,4.284083843231201E-8,2019.0,"{""type"":""MultiPoint"",""coordinates"":[]}"
2_20190620,2019-06-20T00:00:00,20.0,Point2,308.99455060402045,300.8961318168201,294.2942466251647,6.0,0.0,2019.0,"{""type"":""MultiPoint"",""coordinates"":[]}"
2_20190621,2019-06-21T00:00:00,21.0,Point2,310.77436058522665,302.14146561297645,294.7997195171766,6.0,0.0,2019.0,"{""type"":""MultiPoint"",""coordinates"":[]}"
2_20190622,2019-06-22T00:00:00,22.0,Point2,308.91589453648226,300.9693100252693,294.91817323594927,6.0,0.0,2019.0,"{""type"":""MultiPoint"",""coordinates"":[]}"
2_20190623,2019-06-23T00:00:00,23.0,Point2,307.85416909210204,299.6510815567347,293.54558167981816,6.0,1.6541554694575178E-6,2019.0,"{""type"":""MultiPoint"",""coordinates"":[]}"
2_20190624,2019-06-24T00:00:00,24.0,Point2,308.6017887731522,300.22765940461534,293.9613663491457,6.0,4.284083843231201E-8,2019.0,"{""type"":""MultiPoint"",""coordinates"":[]}"
2_20190625,2019-06-25T00:00:00,25.0,Point2,312.94889454915176,302.3674541727403,294.0573698452408,6.0,0.0,2019.0,"{""type"":""MultiPoint"",""coordinates"":[]}"
2_20190626,2019-06-26T00:00:00,26.0,Point2,310.3721385032864,301.9727180077216,295.5187773537855,6.0,0.0,2019.0,"{""type"":""MultiPoint"",""coordinates"":[]}"
2_20190627,2019-06-27T00:00:00,27.0,Point2,308.72337254451793,302.03688590122925,297.2599081953064,6.0,0.0,2019.0,"{""type"":""MultiPoint"",""coordinates"":[]}"
2_20190628,2019-06-28T00:00:00,28.0,Point2,307.468743993025,301.5712985318286,297.4598272256939,6.0,0.0,2019.0,"{""type"":""MultiPoint"",""coordinates"":[]}"
2_20190629,2019-06-29T00:00:00,29.0,Point2,308.4810149109566,300.88138627847684,294.59772233864317,6.0,0.0,2019.0,"{""type"":""MultiPoint"",""coordinates"":[]}"
2_20190630,2019-06-30T00:00:00,30.0,Point2,307.8167504949556,301.4982458664742,295.8797489472418,6.0,0.0,2019.0,"{""type"":""MultiPoint"",""coordinates"":[]}"
2_20190701,2019-07-01T00:00:00,1.0,Point2,306.4641069614475,301.5602739896888,297.73049849733843,7.0,3.222564103114922E-4,2019.0,"{""type"":""MultiPoint"",""coordinates"":[]}"
2_20190702,2019-07-02T00:00:00,2.0,Point2,310.2576381993979,302.5533813822202,295.9508351193953,7.0,6.327842307847896E-5,2019.0,"{""type"":""MultiPoint"",""coordinates"":[]}"
2_20190703,2019-07-03T00:00:00,3.0,Point2,310.81342053017664,302.8967124746777,296.4681400000363,7.0,0.0,2019.0,"{""type"":""MultiPoint"",""coordinates"":[]}"
2_20190704,2019-07-04T00:00:00,4.0,Point2,308.1660256828095,301.71177522569536,296.41685206646605,7.0,0.0,2019.0,"{""type"":""MultiPoint"",""coordinates"":[]}"
2_20190705,2019-07-05T00:00:00,5.0,Point2,306.61547703771834,300.90289618461037,296.03786470144667,7.0,1.862645149230957E-9,2019.0,"{""type"":""MultiPoint"",""coordinates"":[]}"
2_20190706,2019-07-06T00:00:00,6.0,Point2,306.5632949021616,300.66818722987676,295.4895305562778,7.0,1.1753290891647339E-6,2019.0,"{""type"":""MultiPoint"",""coordinates"":[]}"
2_20190707,2019-07-07T00:00:00,7.0,Point2,309.5096760939584,302.74748336800934,297.3643988914914,7.0,3.5649958799370004E-8,2019.0,"{""type"":""MultiPoint"",""coordinates"":[]}"
2_20190708,2019-07-08T00:00:00,8.0,Point2,308.12522483696074,301.62909415419546,297.33586014082965,7.0,1.862645149230957E-9,2019.0,"{""type"":""MultiPoint"",""coordinates"":[]}"
2_20190709,2019-07-09T00:00:00,9.0,Point2,309.7646456530169,302.6083301930798,297.36070464956777,7.0,4.284083843231201E-8,2019.0,"{""type"":""MultiPoint"",""coordinates"":[]}"
2_20190710,2019-07-10T00:00:00,10.0,Point2,308.4794716443012,301.7483481295615,296.14851953424153,7.0,1.389533281326294E-6,2019.0,"{""type"":""MultiPoint"",""coordinates"":[]}"
2_20190711,2019-07-11T00:00:00,11.0,Point2,308.70445256083303,301.32706232709694,295.42285764247646,7.0,1.5552695989725157E-7,2019.0,"{""type"":""MultiPoint"",""coordinates"":[]}"
2_20190712,2019-07-12T00:00:00,12.0,Point2,309.87353590265235,301.5573067347581,295.4298346098036,7.0,0.0,2019.0,"{""type"":""MultiPoint"",""coordinates"":[]}"
2_20190713,2019-07-13T00:00:00,13.0,Point2,310.2331679898579,302.6798142260161,295.9799058180819,7.0,4.770861310439518E-5,2019.0,"{""type"":""MultiPoint"",""coordinates"":[]}"
2_20190714,2019-07-14T00:00:00,14.0,Point2,309.3566236430791,303.11554673769774,298.4619957943071,7.0,1.693894809122501E-6,2019.0,"{""type"":""MultiPoint"",""coordinates"":[]}"
2_20190715,2019-07-15T00:00:00,15.0,Point2,308.0092835786682,301.66392292722173,296.6992066123946,7.0,0.0,2019.0,"{""type"":""MultiPoint"",""coordinates"":[]}"
2_20190716,2019-07-16T00:00:00,16.0,Point2,307.26715533795294,300.70706539381257,294.66852947846684,7.0,0.0,2019.0,"{""type"":""MultiPoint"",""coordinates"":[]}"
2_20190717,2019-07-17T00:00:00,17.0,Point2,308.78609556091226,302.788904565127,297.66752080129606,7.0,3.7455146656159067E-4,2019.0,"{""type"":""MultiPoint"",""coordinates"":[]}"
2_20190718,2019-07-18T00:00:00,18.0,Point2,306.6215161496926,301.7517782880608,298.79146616301995,7.0,0.0,2019.0,"{""type"":""MultiPoint"",""coordinates"":[]}"
2_20190719,2019-07-19T00:00:00,19.0,Point2,306.38429117975596,300.90047908485735,296.6624666931712,7.0,0.0,2019.0,"{""type"":""MultiPoint"",""coordinates"":[]}"
2_20190720,2019-07-20T00:00:00,20.0,Point2,307.4856003066847,301.36264706868445,295.63804468692354,7.0,0.0,2019.0,"{""type"":""MultiPoint"",""coordinates"":[]}"
2_20190721,2019-07-21T00:00:00,21.0,Point2,311.23546410836036,302.97311205306204,297.8119945470255,7.0,0.001522334584967393,2019.0,"{""type"":""MultiPoint"",""coordinates"":[]}"
2_20190722,2019-07-22T00:00:00,22.0,Point2,306.8200991913062,301.97202815908963,298.3307473827586,7.0,0.0,2019.0,"{""type"":""MultiPoint"",""coordinates"":[]}"
2_20190723,2019-07-23T00:00:00,23.0,Point2,310.10336856287086,302.3524594909394,295.6907803565817,7.0,2.33651756995871E-8,2019.0,"{""type"":""MultiPoint"",""coordinates"":[]}"
2_20190724,2019-07-24T00:00:00,24.0,Point2,308.0409658961268,302.8633455434039,298.9474267615073,7.0,0.004146138160931247,2019.0,"{""type"":""MultiPoint"",""coordinates"":[]}"
2_20190725,2019-07-25T00:00:00,25.0,Point2,306.94477702555906,301.3219513151008,297.17662507205984,7.0,5.135284389393378E-4,2019.0,"{""type"":""MultiPoint"",""coordinates"":[]}"
2_20190726,2019-07-26T00:00:00,26.0,Point2,308.56297611235817,302.1086053876201,297.02404626191907,7.0,0.0,2019.0,"{""type"":""MultiPoint"",""coordinates"":[]}"
2_20190727,2019-07-27T00:00:00,27.0,Point2,308.54115905642533,302.3865238480957,297.48001485540397,7.0,4.15489238880908E-5,2019.0,"{""type"":""MultiPoint"",""coordinates"":[]}"
2_20190728,2019-07-28T00:00:00,28.0,Point2,307.14579465747266,302.0935433299672,298.2448988655447,7.0,4.0353054962390296E-4,2019.0,"{""type"":""MultiPoint"",""coordinates"":[]}"
2_20190729,2019-07-29T00:00:00,29.0,Point2,308.46929694311484,302.3530551692141,297.9948791432395,7.0,2.002319013869022E-4,2019.0,"{""type"":""MultiPoint"",""coordinates"":[]}"
2_20190730,2019-07-30T00:00:00,30.0,Point2,309.40665205762014,303.51354830592345,298.72423020109403,7.0,8.092778242922252E-5,2019.0,"{""type"":""MultiPoint"",""coordinates"":[]}"
2_20190731,2019-07-31T00:00:00,31.0,Point2,307.54212452419756,302.97282064624466,299.56269285488446,7.0,9.610131328383176E-6,2019.0,"{""type"":""MultiPoint"",""coordinates"":[]}"
2_20190801,2019-08-01T00:00:00,1.0,Point2,309.6537824309308,302.5754785818924,297.88123329280296,8.0,0.0,2019.0,"{""type"":""MultiPoint"",""coordinates"":[]}"
2_20190802,2019-08-02T00:00:00,2.0,Point2,310.218196106851,302.69398669120136,297.6063670341076,8.0,0.0,2019.0,"{""type"":""MultiPoint"",""coordinates"":[]}"
2_20190803,2019-08-03T00:00:00,3.0,Point2,309.70673126327966,302.4557790206853,297.4024115251251,8.0,2.0960464802972742E-6,2019.0,"{""type"":""MultiPoint"",""coordinates"":[]}"
2_20190804,2019-08-04T00:00:00,4.0,Point2,309.75497748492825,302.57031375741246,296.86208063865683,8.0,0.0,2019.0,"{""type"":""MultiPoint"",""coordinates"":[]}"
2_20190805,2019-08-05T00:00:00,5.0,Point2,309.23066937730226,303.0563683743543,298.9500178564481,8.0,3.943433106713778E-6,2019.0,"{""type"":""MultiPoint"",""coordinates"":[]}"
2_20190806,2019-08-06T00:00:00,6.0,Point2,308.96370025557286,301.48818937397357,297.05050448071455,8.0,6.744329099414453E-6,2019.0,"{""type"":""MultiPoint"",""coordinates"":[]}"
2_20190807,2019-08-07T00:00:00,7.0,Point2,308.11019181153017,301.27985035546754,295.224142240328,8.0,4.6499657887129586E-4,2019.0,"{""type"":""MultiPoint"",""coordinates"":[]}"
2_20190808,2019-08-08T00:00:00,8.0,Point2,308.0206379800121,302.4069450093861,297.4908006873315,8.0,1.328500954143658E-5,2019.0,"{""type"":""MultiPoint"",""coordinates"":[]}"
2_20190809,2019-08-09T00:00:00,9.0,Point2,308.53677181339975,302.4047341222899,297.89989449237146,8.0,8.809967441173345E-4,2019.0,"{""type"":""MultiPoint"",""coordinates"":[]}"
2_20190810,2019-08-10T00:00:00,10.0,Point2,310.03546175950214,303.2492849509759,298.50943805416716,8.0,6.48769544387697E-6,2019.0,"{""type"":""MultiPoint"",""coordinates"":[]}"
2_20190811,2019-08-11T00:00:00,11.0,Point2,309.0917524201078,302.72957092177893,298.23912869084506,8.0,6.1141126973744E-7,2019.0,"{""type"":""MultiPoint"",""coordinates"":[]}"
2_20190812,2019-08-12T00:00:00,12.0,Point2,308.67335239552676,302.6355658354086,298.617945149084,8.0,8.29734048393119E-4,2019.0,"{""type"":""MultiPoint"",""coordinates"":[]}"
2_20190813,2019-08-13T00:00:00,13.0,Point2,309.6218601279695,303.3115460441067,299.6139198933419,8.0,8.534402842037823E-5,2019.0,"{""type"":""MultiPoint"",""coordinates"":[]}"
2_20190814,2019-08-14T00:00:00,14.0,Point2,308.05448311535883,301.8405293466709,297.8087591101615,8.0,7.178167379873151E-8,2019.0,"{""type"":""MultiPoint"",""coordinates"":[]}"
2_20190815,2019-08-15T00:00:00,15.0,Point2,307.8016435399323,301.86833945812367,296.8474242127143,8.0,7.610644958222245E-7,2019.0,"{""type"":""MultiPoint"",""coordinates"":[]}"
2_20190816,2019-08-16T00:00:00,16.0,Point2,309.73241455250934,303.1649995836236,298.42327924064296,8.0,7.507457800523781E-4,2019.0,"{""type"":""MultiPoint"",""coordinates"":[]}"
2_20190817,2019-08-17T00:00:00,17.0,Point2,307.73320813021655,302.5951143252479,299.42285627928646,8.0,5.046269192409991E-4,2019.0,"{""type"":""MultiPoint"",""coordinates"":[]}"
2_20190818,2019-08-18T00:00:00,18.0,Point2,307.07190567877706,301.11563326823165,298.0228992738521,8.0,0.0167560461180034,2019.0,"{""type"":""MultiPoint"",""coordinates"":[]}"
2_20190819,2019-08-19T00:00:00,19.0,Point2,306.2778505885119,300.69052497969557,296.7172727847421,8.0,0.006968625696096626,2019.0,"{""type"":""MultiPoint"",""coordinates"":[]}"
2_20190820,2019-08-20T00:00:00,20.0,Point2,309.414417196079,303.14681927875205,298.82588536523787,8.0,9.685868031445879E-5,2019.0,"{""type"":""MultiPoint"",""coordinates"":[]}"
2_20190821,2019-08-21T00:00:00,21.0,Point2,305.60913478506427,301.73462895708286,299.3158623774148,8.0,7.11366858313708E-4,2019.0,"{""type"":""MultiPoint"",""coordinates"":[]}"
2_20190822,2019-08-22T00:00:00,22.0,Point2,300.754574107323,299.1219817423956,297.72629293103955,8.0,0.038201890943207834,2019.0,"{""type"":""MultiPoint"",""coordinates"":[]}"
2_20190823,2019-08-23T00:00:00,23.0,Point2,304.33896656926555,300.11385354546917,297.31275292463397,8.0,0.0010668034206081406,2019.0,"{""type"":""MultiPoint"",""coordinates"":[]}"
2_20190824,2019-08-24T00:00:00,24.0,Point2,306.78445914889943,301.9175094339305,297.78089877223374,8.0,7.745893015581703E-4,2019.0,"{""type"":""MultiPoint"",""coordinates"":[]}"
2_20190825,2019-08-25T00:00:00,25.0,Point2,306.6357662437065,301.95064881974133,298.59025459907815,8.0,2.6630859762383633E-5,2019.0,"{""type"":""MultiPoint"",""coordinates"":[]}"
2_20190826,2019-08-26T00:00:00,26.0,Point2,304.8378894823042,300.65568701742774,298.82351574323246,8.0,0.02698252284521079,2019.0,"{""type"":""MultiPoint"",""coordinates"":[]}"
2_20190827,2019-08-27T00:00:00,27.0,Point2,305.6709649939481,301.0935853504851,297.9520948857354,8.0,0.009940034656039244,2019.0,"{""type"":""MultiPoint"",""coordinates"":[]}"
2_20190828,2019-08-28T00:00:00,28.0,Point2,306.04416624313916,301.43862371997795,298.39049755886793,8.0,0.005711966354797838,2019.0,"{""type"":""MultiPoint"",""coordinates"":[]}"
2_20190829,2019-08-29T00:00:00,29.0,Point2,304.5320222210637,300.4284276532093,298.6365599167624,8.0,0.019588926366936456,2019.0,"{""type"":""MultiPoint"",""coordinates"":[]}"
2_20190830,2019-08-30T00:00:00,30.0,Point2,303.6080109071648,299.73969824503604,297.9407984222012,8.0,0.020290882260191462,2019.0,"{""type"":""MultiPoint"",""coordinates"":[]}"
2_20190831,2019-08-31T00:00:00,31.0,Point2,303.6948630570016,300.27178932283795,297.5830028603212,8.0,0.009265796677132147,2019.0,"{""type"":""MultiPoint"",""coordinates"":[]}"
2_20190901,2019-09-01T00:00:00,1.0,Point2,303.69942028311584,300.38543365514283,297.9734074377126,9.0,0.012665803707172933,2019.0,"{""type"":""MultiPoint"",""coordinates"":[]}"
2_20190902,2019-09-02T00:00:00,2.0,Point2,305.0859465700555,300.84850128328776,297.6434117819831,9.0,0.00598272381334394,2019.0,"{""type"":""MultiPoint"",""coordinates"":[]}"
2_20190903,2019-09-03T00:00:00,3.0,Point2,306.7274542988988,301.81257458213616,297.36385800153624,9.0,1.416646994016024E-4,2019.0,"{""type"":""MultiPoint"",""coordinates"":[]}"
2_20190904,2019-09-04T00:00:00,4.0,Point2,306.7203978762174,302.3320594762271,299.07866285816107,9.0,0.018939538917027227,2019.0,"{""type"":""MultiPoint"",""coordinates"":[]}"
2_20190905,2019-09-05T00:00:00,5.0,Point2,303.67791857102077,300.7448219056475,298.1904284673333,9.0,3.3547227674456126E-4,2019.0,"{""type"":""MultiPoint"",""coordinates"":[]}"
2_20190906,2019-09-06T00:00:00,6.0,Point2,305.3269601906447,300.8617878433224,297.45207268138154,9.0,0.006082505976508091,2019.0,"{""type"":""MultiPoint"",""coordinates"":[]}"
2_20190907,2019-09-07T00:00:00,7.0,Point2,304.3094575282675,301.0361165108333,298.5911420774842,9.0,0.0015327407206646737,2019.0,"{""type"":""MultiPoint"",""coordinates"":[]}"
2_20190908,2019-09-08T00:00:00,8.0,Point2,306.526476302293,301.5292832356509,298.5814780853755,9.0,8.049035667456515E-4,2019.0,"{""type"":""MultiPoint"",""coordinates"":[]}"
2_20190909,2019-09-09T00:00:00,9.0,Point2,305.6576843455397,301.1041057834727,298.0709783922436,9.0,0.009762819567333351,2019.0,"{""type"":""MultiPoint"",""coordinates"":[]}"
2_20190910,2019-09-10T00:00:00,10.0,Point2,306.53206529190857,301.51466266979963,298.0858383908726,9.0,0.004687348496941045,2019.0,"{""type"":""MultiPoint"",""coordinates"":[]}"
2_20190911,2019-09-11T00:00:00,11.0,Point2,307.01370545267895,301.82848956319083,297.59288741359256,9.0,3.6713286623790833E-4,2019.0,"{""type"":""MultiPoint"",""coordinates"":[]}"
2_20190912,2019-09-12T00:00:00,12.0,Point2,306.4307667129418,301.9945294127476,298.5910168100069,9.0,0.004156503188039171,2019.0,"{""type"":""MultiPoint"",""coordinates"":[]}"
2_20190913,2019-09-13T00:00:00,13.0,Point2,305.13197508716786,300.71921290803806,297.88514403611555,9.0,0.011458809865251971,2019.0,"{""type"":""MultiPoint"",""coordinates"":[]}"
2_20190914,2019-09-14T00:00:00,14.0,Point2,306.0957332656525,300.520215142311,297.4189860383599,9.0,0.010670070783859835,2019.0,"{""type"":""MultiPoint"",""coordinates"":[]}"
2_20190915,2019-09-15T00:00:00,15.0,Point2,306.6234919557905,302.0703821627337,298.07493889422597,9.0,3.607951319603524E-5,2019.0,"{""type"":""MultiPoint"",""coordinates"":[]}"
2_20190916,2019-09-16T00:00:00,16.0,Point2,305.555652517845,300.6230205274424,297.37021202231915,9.0,7.123620777826096E-4,2019.0,"{""type"":""MultiPoint"",""coordinates"":[]}"
2_20190917,2019-09-17T00:00:00,17.0,Point2,306.14527264062235,301.13762428806626,297.0837366766726,9.0,1.4314597104820648E-7,2019.0,"{""type"":""MultiPoint"",""coordinates"":[]}"
2_20190918,2019-09-18T00:00:00,18.0,Point2,305.58203234055213,301.9560870658697,298.3102933872121,9.0,5.329218934046598E-4,2019.0,"{""type"":""MultiPoint"",""coordinates"":[]}"
2_20190919,2019-09-19T00:00:00,19.0,Point2,304.44438990790536,300.06739344389206,296.60739631555987,9.0,0.018103455081767573,2019.0,"{""type"":""MultiPoint"",""coordinates"":[]}"
2_20190920,2019-09-20T00:00:00,20.0,Point2,304.3511070127809,300.79898918850574,297.6837969144743,9.0,1.1231499341995054E-4,2019.0,"{""type"":""MultiPoint"",""coordinates"":[]}"
2_20190921,2019-09-21T00:00:00,21.0,Point2,306.26244171148534,300.2084721924854,294.9607175660538,9.0,1.6490212477797457E-4,2019.0,"{""type"":""MultiPoint"",""coordinates"":[]}"
2_20190922,2019-09-22T00:00:00,22.0,Point2,304.74586600937016,301.1924283653933,298.71833942504946,9.0,0.00132221972114801,2019.0,"{""type"":""MultiPoint"",""coordinates"":[]}"
2_20190923,2019-09-23T00:00:00,23.0,Point2,305.1806427669395,301.35615363155483,298.956418227181,9.0,4.827735049541318E-4,2019.0,"{""type"":""MultiPoint"",""coordinates"":[]}"
2_20190924,2019-09-24T00:00:00,24.0,Point2,306.17257348365837,301.5434011985631,297.653001588249,9.0,3.092005979644382E-4,2019.0,"{""type"":""MultiPoint"",""coordinates"":[]}"
2_20190925,2019-09-25T00:00:00,25.0,Point2,307.1095842965947,301.9324798181731,298.24275358587806,9.0,1.7152302981214447E-6,2019.0,"{""type"":""MultiPoint"",""coordinates"":[]}"
2_20190926,2019-09-26T00:00:00,26.0,Point2,306.46770594693135,301.5066981137765,297.79119522342035,9.0,2.77621148881957E-6,2019.0,"{""type"":""MultiPoint"",""coordinates"":[]}"
2_20190927,2019-09-27T00:00:00,27.0,Point2,305.6721392264475,301.5009193204387,298.3646047808559,9.0,1.8444265901105423E-5,2019.0,"{""type"":""MultiPoint"",""coordinates"":[]}"
2_20190928,2019-09-28T00:00:00,28.0,Point2,306.5350250470595,301.56042487470916,297.8499324599693,9.0,0.0,2019.0,"{""type"":""MultiPoint"",""coordinates"":[]}"
2_20190929,2019-09-29T00:00:00,29.0,Point2,303.9229205890783,300.5251085340592,297.7578359811339,9.0,4.632888789918129E-8,2019.0,"{""type"":""MultiPoint"",""coordinates"":[]}"
2_20190930,2019-09-30T00:00:00,30.0,Point2,307.3196868315453,301.1526930603611,295.7651022397268,9.0,2.9218635441627356E-4,2019.0,"{""type"":""MultiPoint"",""coordinates"":[]}"
2_20191001,2019-10-01T00:00:00,1.0,Point2,308.1889317651624,302.3071795483861,298.52761727891567,10.0,4.9058839699133055E-8,2019.0,"{""type"":""MultiPoint"",""coordinates"":[]}"
2_20191002,2019-10-02T00:00:00,2.0,Point2,307.14554158832584,301.7820945178081,297.54109687559355,10.0,1.2877986476689525E-5,2019.0,"{""type"":""MultiPoint"",""coordinates"":[]}"
2_20191003,2019-10-03T00:00:00,3.0,Point2,307.4433061688748,301.55611146741774,296.42225413070105,10.0,0.010258332453013408,2019.0,"{""type"":""MultiPoint"",""coordinates"":[]}"
2_20191004,2019-10-04T00:00:00,4.0,Point2,308.09135225456555,302.036551255217,298.1180068233753,10.0,0.003877098329461277,2019.0,"{""type"":""MultiPoint"",""coordinates"":[]}"
2_20191005,2019-10-05T00:00:00,5.0,Point2,304.4146887777933,300.8296366227696,298.97735299525885,10.0,0.0104845458277194,2019.0,"{""type"":""MultiPoint"",""coordinates"":[]}"
2_20191006,2019-10-06T00:00:00,6.0,Point2,307.5025601050882,302.22481786708914,298.58786898677965,10.0,1.651658286467657E-4,2019.0,"{""type"":""MultiPoint"",""coordinates"":[]}"
2_20191007,2019-10-07T00:00:00,7.0,Point2,305.1139959757319,300.5428183417236,297.1784859962516,10.0,4.254461374672868E-5,2019.0,"{""type"":""MultiPoint"",""coordinates"":[]}"
2_20191008,2019-10-08T00:00:00,8.0,Point2,304.93469594796403,300.6308742970886,297.0540015770574,10.0,0.010349819187334602,2019.0,"{""type"":""MultiPoint"",""coordinates"":[]}"
2_20191009,2019-10-09T00:00:00,9.0,Point2,302.4649522480055,299.20348935759495,296.1909110246751,10.0,0.012679754817224363,2019.0,"{""type"":""MultiPoint"",""coordinates"":[]}"
2_20191010,2019-10-10T00:00:00,10.0,Point2,306.33544698252246,301.5443485083465,297.56638712064523,10.0,1.0684344656016181E-4,2019.0,"{""type"":""MultiPoint"",""coordinates"":[]}"
2_20191011,2019-10-11T00:00:00,11.0,Point2,307.931963388167,301.6494649087421,296.8038150226435,10.0,0.0,2019.0,"{""type"":""MultiPoint"",""coordinates"":[]}"
2_20191012,2019-10-12T00:00:00,12.0,Point2,308.93309495654375,302.0824585795239,297.40874068370624,10.0,1.862645149230957E-9,2019.0,"{""type"":""MultiPoint"",""coordinates"":[]}"
2_20191013,2019-10-13T00:00:00,13.0,Point2,305.9885637610715,301.3737004806559,297.414227073534,10.0,0.005540279898970005,2019.0,"{""type"":""MultiPoint"",""coordinates"":[]}"
2_20191014,2019-10-14T00:00:00,14.0,Point2,304.2226093145489,300.61607784397125,298.3756116447307,10.0,0.001873176528355138,2019.0,"{""type"":""MultiPoint"",""coordinates"":[]}"
2_20191015,2019-10-15T00:00:00,15.0,Point2,306.13019126291704,301.0180527296552,297.43373867125047,10.0,0.003932614724379665,2019.0,"{""type"":""MultiPoint"",""coordinates"":[]}"
2_20191016,2019-10-16T00:00:00,16.0,Point2,306.9961301523875,301.5847101939699,297.38161468803827,10.0,1.00295773378703E-4,2019.0,"{""type"":""MultiPoint"",""coordinates"":[]}"
2_20191017,2019-10-17T00:00:00,17.0,Point2,307.553306928209,302.6865777073603,299.16044902894623,10.0,-4.284083843231201E-8,2019.0,"{""type"":""MultiPoint"",""coordinates"":[]}"
2_20191018,2019-10-18T00:00:00,18.0,Point2,308.2004573354962,302.7706481078434,299.15890302548206,10.0,1.0502285159814406E-7,2019.0,"{""type"":""MultiPoint"",""coordinates"":[]}"
2_20191019,2019-10-19T00:00:00,19.0,Point2,308.1196520328057,302.651381373615,298.83973840595434,10.0,0.0,2019.0,"{""type"":""MultiPoint"",""coordinates"":[]}"
2_20191020,2019-10-20T00:00:00,20.0,Point2,308.82239676387815,301.863909719326,297.04876499217,10.0,0.0,2019.0,"{""type"":""MultiPoint"",""coordinates"":[]}"
2_20191021,2019-10-21T00:00:00,21.0,Point2,307.23333587825266,300.50396311811534,295.01799594645996,10.0,0.0,2019.0,"{""type"":""MultiPoint"",""coordinates"":[]}"
2_20191022,2019-10-22T00:00:00,22.0,Point2,307.23083079091697,300.2082194585488,295.40331379600474,10.0,0.0,2019.0,"{""type"":""MultiPoint"",""coordinates"":[]}"
2_20191023,2019-10-23T00:00:00,23.0,Point2,308.1614820051649,300.71621469901055,296.11774650175954,10.0,0.0,2019.0,"{""type"":""MultiPoint"",""coordinates"":[]}"
2_20191024,2019-10-24T00:00:00,24.0,Point2,307.5165798244615,301.359895470412,296.72258416630063,10.0,7.68888700266784E-4,2019.0,"{""type"":""MultiPoint"",""coordinates"":[]}"
2_20191025,2019-10-25T00:00:00,25.0,Point2,307.0501347910354,301.3683653036102,296.77333655391817,10.0,0.0017416063115819839,2019.0,"{""type"":""MultiPoint"",""coordinates"":[]}"
2_20191026,2019-10-26T00:00:00,26.0,Point2,308.7051835956808,302.34008238423115,297.89824679940267,10.0,1.2695461346479953E-5,2019.0,"{""type"":""MultiPoint"",""coordinates"":[]}"
2_20191027,2019-10-27T00:00:00,27.0,Point2,310.1384891360283,302.1437074020258,296.83296477443145,10.0,0.0,2019.0,"{""type"":""MultiPoint"",""coordinates"":[]}"
2_20191028,2019-10-28T00:00:00,28.0,Point2,309.12577607822095,299.43462297036945,291.0496916768141,10.0,0.0,2019.0,"{""type"":""MultiPoint"",""coordinates"":[]}"
2_20191029,2019-10-29T00:00:00,29.0,Point2,309.24980337734775,298.3775265199602,290.2806013852585,10.0,0.0,2019.0,"{""type"":""MultiPoint"",""coordinates"":[]}"
2_20191030,2019-10-30T00:00:00,30.0,Point2,310.31476383548176,299.83036457218935,290.8035373981985,10.0,0.0,2019.0,"{""type"":""MultiPoint"",""coordinates"":[]}"
2_20191031,2019-10-31T00:00:00,31.0,Point2,309.68703324672316,299.6430281445609,291.5920520299022,10.0,0.0,2019.0,"{""type"":""MultiPoint"",""coordinates"":[]}"
2_20191101,2019-11-01T00:00:00,1.0,Point2,310.5212296730046,300.5539745769563,293.5421009179183,11.0,0.0,2019.0,"{""type"":""MultiPoint"",""coordinates"":[]}"
2_20191102,2019-11-02T00:00:00,2.0,Point2,311.64280391544884,301.70219449842375,293.96034795384554,11.0,0.0,2019.0,"{""type"":""MultiPoint"",""coordinates"":[]}"
2_20191103,2019-11-03T00:00:00,3.0,Point2,309.6520813053833,301.7087323993846,294.55951753544446,11.0,2.280312679959703E-7,2019.0,"{""type"":""MultiPoint"",""coordinates"":[]}"
2_20191104,2019-11-04T00:00:00,4.0,Point2,312.3411593207203,302.7034709761325,295.1804357557366,11.0,0.0,2019.0,"{""type"":""MultiPoint"",""coordinates"":[]}"
2_20191105,2019-11-05T00:00:00,5.0,Point2,311.5869101755463,302.8773461959949,295.60682985573584,11.0,0.0,2019.0,"{""type"":""MultiPoint"",""coordinates"":[]}"
2_20191106,2019-11-06T00:00:00,6.0,Point2,311.11166532755215,301.9789562661115,294.62631377399117,11.0,-1.862645149230957E-9,2019.0,"{""type"":""MultiPoint"",""coordinates"":[]}"
2_20191107,2019-11-07T00:00:00,7.0,Point2,308.758592191047,300.61163834383933,294.76507015634246,11.0,-4.470348358154297E-8,2019.0,"{""type"":""MultiPoint"",""coordinates"":[]}"
2_20191108,2019-11-08T00:00:00,8.0,Point2,307.4465159732973,299.6063235252542,293.50784107037657,11.0,-4.284083843231201E-8,2019.0,"{""type"":""MultiPoint"",""coordinates"":[]}"
2_20191109,2019-11-09T00:00:00,9.0,Point2,308.8058570842449,299.900282216384,293.1851307623695,11.0,0.0,2019.0,"{""type"":""MultiPoint"",""coordinates"":[]}"
2_20191110,2019-11-10T00:00:00,10.0,Point2,309.1864955822394,300.42328383079433,293.70911561220663,11.0,0.0,2019.0,"{""type"":""MultiPoint"",""coordinates"":[]}"
2_20191111,2019-11-11T00:00:00,11.0,Point2,310.1413881227017,300.7261324083402,294.42500439260044,11.0,0.0,2019.0,"{""type"":""MultiPoint"",""coordinates"":[]}"
2_20191112,2019-11-12T00:00:00,12.0,Point2,309.76265071607435,300.7802573146123,294.68924577560676,11.0,0.0,2019.0,"{""type"":""MultiPoint"",""coordinates"":[]}"
2_20191113,2019-11-13T00:00:00,13.0,Point2,309.6545025110943,299.678091217917,291.5331677342038,11.0,-1.862645149230957E-9,2019.0,"{""type"":""MultiPoint"",""coordinates"":[]}"
2_20191114,2019-11-14T00:00:00,14.0,Point2,310.096356796208,298.96051168264853,289.60219587085066,11.0,-4.284083843231201E-8,2019.0,"{""type"":""MultiPoint"",""coordinates"":[]}"
2_20191115,2019-11-15T00:00:00,15.0,Point2,307.7526428946711,299.33910096788094,292.6873102871567,11.0,-3.725290298461914E-9,2019.0,"{""type"":""MultiPoint"",""coordinates"":[]}"
2_20191116,2019-11-16T00:00:00,16.0,Point2,306.78650506616833,299.48234152873033,293.76192557348486,11.0,-8.568167686462402E-8,2019.0,"{""type"":""MultiPoint"",""coordinates"":[]}"
2_20191117,2019-11-17T00:00:00,17.0,Point2,308.69340694064715,300.5023983592425,294.744911564814,11.0,1.862645149230957E-9,2019.0,"{""type"":""MultiPoint"",""coordinates"":[]}"
2_20191118,2019-11-18T00:00:00,18.0,Point2,308.22004576498495,300.93237327630806,294.9966841721715,11.0,4.284083843231201E-8,2019.0,"{""type"":""MultiPoint"",""coordinates"":[]}"
2_20191119,2019-11-19T00:00:00,19.0,Point2,306.5260866623655,300.31627083085436,296.21389246238346,11.0,0.0,2019.0,"{""type"":""MultiPoint"",""coordinates"":[]}"
2_20191120,2019-11-20T00:00:00,20.0,Point2,307.5377177406256,300.29066144886997,295.06993374622465,11.0,0.0,2019.0,"{""type"":""MultiPoint"",""coordinates"":[]}"
2_20191121,2019-11-21T00:00:00,21.0,Point2,308.19071640285796,299.70012779958404,293.7764410500506,11.0,0.0,2019.0,"{""type"":""MultiPoint"",""coordinates"":[]}"
2_20191122,2019-11-22T00:00:00,22.0,Point2,308.17462479111447,299.54658711214967,293.21176575934646,11.0,0.0,2019.0,"{""type"":""MultiPoint"",""coordinates"":[]}"
2_20191123,2019-11-23T00:00:00,23.0,Point2,309.4375415348349,299.65479867343356,292.98978138174823,11.0,0.0,2019.0,"{""type"":""MultiPoint"",""coordinates"":[]}"
2_20191124,2019-11-24T00:00:00,24.0,Point2,310.1034994320906,300.11526210362547,292.32169190525786,11.0,0.0,2019.0,"{""type"":""MultiPoint"",""coordinates"":[]}"
2_20191125,2019-11-25T00:00:00,25.0,Point2,309.58152039938903,300.50646956566146,293.46200986421576,11.0,0.0,2019.0,"{""type"":""MultiPoint"",""coordinates"":[]}"
2_20191126,2019-11-26T00:00:00,26.0,Point2,308.9946172141024,300.04764688436325,293.96147286419387,11.0,0.0,2019.0,"{""type"":""MultiPoint"",""coordinates"":[]}"
2_20191127,2019-11-27T00:00:00,27.0,Point2,307.84354335231444,298.76988109222884,292.0883467871099,11.0,1.862645149230957E-9,2019.0,"{""type"":""MultiPoint"",""coordinates"":[]}"
2_20191128,2019-11-28T00:00:00,28.0,Point2,306.6233018690011,298.28863771807704,291.6162455789141,11.0,4.284083843231201E-8,2019.0,"{""type"":""MultiPoint"",""coordinates"":[]}"
2_20191129,2019-11-29T00:00:00,29.0,Point2,308.2937827755571,298.8351719146175,291.865841143533,11.0,-1.862645149230957E-9,2019.0,"{""type"":""MultiPoint"",""coordinates"":[]}"
2_20191130,2019-11-30T00:00:00,30.0,Point2,309.6933915924686,299.64321366950554,292.46197183642903,11.0,-4.284083843231201E-8,2019.0,"{""type"":""MultiPoint"",""coordinates"":[]}"
2_20191201,2019-12-01T00:00:00,1.0,Point2,308.099684274469,299.5431083376765,292.6828481014574,12.0,1.862645149230957E-9,2019.0,"{""type"":""MultiPoint"",""coordinates"":[]}"
2_20191202,2019-12-02T00:00:00,2.0,Point2,309.661645981279,299.1862507711931,290.87434908794796,12.0,4.284083843231201E-8,2019.0,"{""type"":""MultiPoint"",""coordinates"":[]}"
2_20191203,2019-12-03T00:00:00,3.0,Point2,309.18895541911616,299.17146578972944,291.1602783560683,12.0,0.0,2019.0,"{""type"":""MultiPoint"",""coordinates"":[]}"
2_20191204,2019-12-04T00:00:00,4.0,Point2,307.0684976873861,298.3456487478723,291.7997846791484,12.0,0.0,2019.0,"{""type"":""MultiPoint"",""coordinates"":[]}"
2_20191205,2019-12-05T00:00:00,5.0,Point2,303.9675557368018,296.49650087153583,291.0477602943222,12.0,0.0,2019.0,"{""type"":""MultiPoint"",""coordinates"":[]}"
2_20191206,2019-12-06T00:00:00,6.0,Point2,301.00405469766656,294.6666054348536,289.41056176848394,12.0,0.0,2019.0,"{""type"":""MultiPoint"",""coordinates"":[]}"
2_20191207,2019-12-07T00:00:00,7.0,Point2,302.95520533520926,295.77606739892644,288.9536182900422,12.0,1.4676837939125233E-5,2019.0,"{""type"":""MultiPoint"",""coordinates"":[]}"
2_20191208,2019-12-08T00:00:00,8.0,Point2,303.15006938145467,297.23084358404543,292.9831486385191,12.0,-4.284083843231201E-8,2019.0,"{""type"":""MultiPoint"",""coordinates"":[]}"
2_20191209,2019-12-09T00:00:00,9.0,Point2,304.02343396166526,297.648097858604,292.6258487846674,12.0,0.0,2019.0,"{""type"":""MultiPoint"",""coordinates"":[]}"
2_20191210,2019-12-10T00:00:00,10.0,Point2,307.4596914087648,298.7026248046184,292.9561060581605,12.0,0.0,2019.0,"{""type"":""MultiPoint"",""coordinates"":[]}"
2_20191211,2019-12-11T00:00:00,11.0,Point2,304.42869584259176,297.8525135015702,292.92048709826935,12.0,0.0,2019.0,"{""type"":""MultiPoint"",""coordinates"":[]}"
2_20191212,2019-12-12T00:00:00,12.0,Point2,306.4501693195208,297.74406538734064,291.2113538986769,12.0,0.0,2019.0,"{""type"":""MultiPoint"",""coordinates"":[]}"
2_20191213,2019-12-13T00:00:00,13.0,Point2,307.64904011043103,297.48809751433515,291.2019807338434,12.0,1.862645149230957E-9,2019.0,"{""type"":""MultiPoint"",""coordinates"":[]}"
2_20191214,2019-12-14T00:00:00,14.0,Point2,309.45975077233726,297.5592777436191,289.34496791417234,12.0,4.0978193283081055E-8,2019.0,"{""type"":""MultiPoint"",""coordinates"":[]}"
2_20191215,2019-12-15T00:00:00,15.0,Point2,309.56147634710703,298.25813014859744,289.92431991478827,12.0,-4.284083843231201E-8,2019.0,"{""type"":""MultiPoint"",""coordinates"":[]}"
2_20191216,2019-12-16T00:00:00,16.0,Point2,305.9163485055695,296.7824063933331,290.39107518642123,12.0,0.0,2019.0,"{""type"":""MultiPoint"",""coordinates"":[]}"
2_20191217,2019-12-17T00:00:00,17.0,Point2,305.89531243385176,296.35555348231486,289.5034139343035,12.0,-1.862645149230957E-9,2019.0,"{""type"":""MultiPoint"",""coordinates"":[]}"
2_20191218,2019-12-18T00:00:00,18.0,Point2,307.9210677591066,297.5289157777297,290.5691767705417,12.0,-4.284083843231201E-8,2019.0,"{""type"":""MultiPoint"",""coordinates"":[]}"
2_20191219,2019-12-19T00:00:00,19.0,Point2,308.1769388664796,297.95719377949376,290.95448528633193,12.0,1.862645149230957E-9,2019.0,"{""type"":""MultiPoint"",""coordinates"":[]}"
2_20191220,2019-12-20T00:00:00,20.0,Point2,307.349933407498,297.92841172101924,291.08145571416117,12.0,4.470348358154297E-8,2019.0,"{""type"":""MultiPoint"",""coordinates"":[]}"
2_20191221,2019-12-21T00:00:00,21.0,Point2,306.3745224931654,297.19950612237096,290.21489410311005,12.0,4.284083843231201E-8,2019.0,"{""type"":""MultiPoint"",""coordinates"":[]}"
2_20191222,2019-12-22T00:00:00,22.0,Point2,308.51572391396036,297.8362530583728,289.74705514161064,12.0,0.0,2019.0,"{""type"":""MultiPoint"",""coordinates"":[]}"
2_20191223,2019-12-23T00:00:00,23.0,Point2,310.3988794938728,298.8789257845872,290.47686431920516,12.0,0.0,2019.0,"{""type"":""MultiPoint"",""coordinates"":[]}"
2_20191224,2019-12-24T00:00:00,24.0,Point2,310.68292108650115,299.17490799942425,290.85595606882293,12.0,0.0,2019.0,"{""type"":""MultiPoint"",""coordinates"":[]}"
2_20191225,2019-12-25T00:00:00,25.0,Point2,307.96271620223223,298.0670577922478,290.6569942317189,12.0,-1.862645149230957E-9,2019.0,"{""type"":""MultiPoint"",""coordinates"":[]}"
2_20191226,2019-12-26T00:00:00,26.0,Point2,309.2761624318924,297.0228124319447,286.9828505706937,12.0,-4.284083843231201E-8,2019.0,"{""type"":""MultiPoint"",""coordinates"":[]}"
2_20191227,2019-12-27T00:00:00,27.0,Point2,308.87717882307965,296.8417558228684,288.04305028068075,12.0,0.0,2019.0,"{""type"":""MultiPoint"",""coordinates"":[]}"
2_20191228,2019-12-28T00:00:00,28.0,Point2,308.7823225891793,297.4257873046494,288.07351048712945,12.0,0.0,2019.0,"{""type"":""MultiPoint"",""coordinates"":[]}"
2_20191229,2019-12-29T00:00:00,29.0,Point2,308.7072559439375,297.56103390479694,288.6533620320734,12.0,0.0,2019.0,"{""type"":""MultiPoint"",""coordinates"":[]}"
2_20191230,2019-12-30T00:00:00,30.0,Point2,307.97984406185014,298.0887994928255,290.1529538512718,12.0,0.0,2019.0,"{""type"":""MultiPoint"",""coordinates"":[]}"
