"","farmer_num","village","treatment","ose_num_adj","att_mil_adj","survey","abundance_response","abundance_se","abundance_df","abundance_lower.CL","abundance_upper.CL","att_mil_response","att_mil_se","att_mil_df","att_mil_lower.CL","att_mil_upper.CL"
"1",1,"Gossas","control",12,0.0425,"s2",18.1977653402147,1.30553312624641,344.477228633357,15.8028844373325,20.9555834373625,0.0684796143861009,0.00766997113424861,92.9999447443748,0.054823499271228,0.0855373635175848
"2",1,"Gossas","control",25,NA,"s3",18.1977653402147,1.30553312624641,344.477228633357,15.8028844373325,20.9555834373625,0.0684796143861009,0.00766997113424861,92.9999447443748,0.054823499271228,0.0855373635175848
"3",1,"Gossas","control",NA,NA,"s4",18.1977653402147,1.30553312624641,344.477228633357,15.8028844373325,20.9555834373625,0.0684796143861009,0.00766997113424861,92.9999447443748,0.054823499271228,0.0855373635175848
"4",1,"Gossas","fertilized",10,0.0425,"s2",10.8370342313828,0.757624748318682,344.477228633357,9.44479483283334,12.4345010146644,0.0230652231739807,0.00397353664142969,92.9999447443748,0.0163826706337816,0.0324736138544181
"5",1,"Gossas","fertilized",13,NA,"s3",10.8370342313828,0.757624748318682,344.477228633357,9.44479483283334,12.4345010146644,0.0230652231739807,0.00397353664142969,92.9999447443748,0.0163826706337816,0.0324736138544181
"6",1,"Gossas","fertilized",NA,NA,"s4",10.8370342313828,0.757624748318682,344.477228633357,9.44479483283334,12.4345010146644,0.0230652231739807,0.00397353664142969,92.9999447443748,0.0163826706337816,0.0324736138544181
"7",2,"Gossas","control",12,NA,"s2",18.1977653402147,1.30553312624641,344.477228633357,15.8028844373325,20.9555834373625,0.0684796143861009,0.00766997113424861,92.9999447443748,0.054823499271228,0.0855373635175848
"8",2,"Gossas","control",17,0.0425,"s3",18.1977653402147,1.30553312624641,344.477228633357,15.8028844373325,20.9555834373625,0.0684796143861009,0.00766997113424861,92.9999447443748,0.054823499271228,0.0855373635175848
"9",2,"Gossas","control",NA,NA,"s4",18.1977653402147,1.30553312624641,344.477228633357,15.8028844373325,20.9555834373625,0.0684796143861009,0.00766997113424861,92.9999447443748,0.054823499271228,0.0855373635175848
"10",2,"Gossas","fertilized",26,NA,"s2",10.8370342313828,0.757624748318682,344.477228633357,9.44479483283334,12.4345010146644,0.0230652231739807,0.00397353664142969,92.9999447443748,0.0163826706337816,0.0324736138544181
"11",2,"Gossas","fertilized",5,0,"s3",10.8370342313828,0.757624748318682,344.477228633357,9.44479483283334,12.4345010146644,0.0230652231739807,0.00397353664142969,92.9999447443748,0.0163826706337816,0.0324736138544181
"12",2,"Gossas","fertilized",NA,NA,"s4",10.8370342313828,0.757624748318682,344.477228633357,9.44479483283334,12.4345010146644,0.0230652231739807,0.00397353664142969,92.9999447443748,0.0163826706337816,0.0324736138544181
"13",3,"Gossas","control",12,NA,"s2",18.1977653402147,1.30553312624641,344.477228633357,15.8028844373325,20.9555834373625,0.0684796143861009,0.00766997113424861,92.9999447443748,0.054823499271228,0.0855373635175848
"14",3,"Gossas","control",35,0.085,"s3",18.1977653402147,1.30553312624641,344.477228633357,15.8028844373325,20.9555834373625,0.0684796143861009,0.00766997113424861,92.9999447443748,0.054823499271228,0.0855373635175848
"15",3,"Gossas","control",NA,NA,"s4",18.1977653402147,1.30553312624641,344.477228633357,15.8028844373325,20.9555834373625,0.0684796143861009,0.00766997113424861,92.9999447443748,0.054823499271228,0.0855373635175848
"16",3,"Gossas","fertilized",17,0,"s2",10.8370342313828,0.757624748318682,344.477228633357,9.44479483283334,12.4345010146644,0.0230652231739807,0.00397353664142969,92.9999447443748,0.0163826706337816,0.0324736138544181
"17",3,"Gossas","fertilized",13,0.0425,"s3",10.8370342313828,0.757624748318682,344.477228633357,9.44479483283334,12.4345010146644,0.0230652231739807,0.00397353664142969,92.9999447443748,0.0163826706337816,0.0324736138544181
"18",3,"Gossas","fertilized",NA,NA,"s4",10.8370342313828,0.757624748318682,344.477228633357,9.44479483283334,12.4345010146644,0.0230652231739807,0.00397353664142969,92.9999447443748,0.0163826706337816,0.0324736138544181
"19",4,"Gossas","control",NA,NA,"s2",18.1977653402147,1.30553312624641,344.477228633357,15.8028844373325,20.9555834373625,0.0684796143861009,0.00766997113424861,92.9999447443748,0.054823499271228,0.0855373635175848
"20",4,"Gossas","control",NA,NA,"s3",18.1977653402147,1.30553312624641,344.477228633357,15.8028844373325,20.9555834373625,0.0684796143861009,0.00766997113424861,92.9999447443748,0.054823499271228,0.0855373635175848
"21",4,"Gossas","control",NA,NA,"s4",18.1977653402147,1.30553312624641,344.477228633357,15.8028844373325,20.9555834373625,0.0684796143861009,0.00766997113424861,92.9999447443748,0.054823499271228,0.0855373635175848
"22",4,"Gossas","fertilized",NA,NA,"s2",10.8370342313828,0.757624748318682,344.477228633357,9.44479483283334,12.4345010146644,0.0230652231739807,0.00397353664142969,92.9999447443748,0.0163826706337816,0.0324736138544181
"23",4,"Gossas","fertilized",NA,NA,"s3",10.8370342313828,0.757624748318682,344.477228633357,9.44479483283334,12.4345010146644,0.0230652231739807,0.00397353664142969,92.9999447443748,0.0163826706337816,0.0324736138544181
"24",4,"Gossas","fertilized",NA,NA,"s4",10.8370342313828,0.757624748318682,344.477228633357,9.44479483283334,12.4345010146644,0.0230652231739807,0.00397353664142969,92.9999447443748,0.0163826706337816,0.0324736138544181
"25",5,"Gossas","control",18,NA,"s2",18.1977653402147,1.30553312624641,344.477228633357,15.8028844373325,20.9555834373625,0.0684796143861009,0.00766997113424861,92.9999447443748,0.054823499271228,0.0855373635175848
"26",5,"Gossas","control",40,0.1275,"s3",18.1977653402147,1.30553312624641,344.477228633357,15.8028844373325,20.9555834373625,0.0684796143861009,0.00766997113424861,92.9999447443748,0.054823499271228,0.0855373635175848
"27",5,"Gossas","control",NA,NA,"s4",18.1977653402147,1.30553312624641,344.477228633357,15.8028844373325,20.9555834373625,0.0684796143861009,0.00766997113424861,92.9999447443748,0.054823499271228,0.0855373635175848
"28",5,"Gossas","fertilized",40,NA,"s2",10.8370342313828,0.757624748318682,344.477228633357,9.44479483283334,12.4345010146644,0.0230652231739807,0.00397353664142969,92.9999447443748,0.0163826706337816,0.0324736138544181
"29",5,"Gossas","fertilized",18,0.0425,"s3",10.8370342313828,0.757624748318682,344.477228633357,9.44479483283334,12.4345010146644,0.0230652231739807,0.00397353664142969,92.9999447443748,0.0163826706337816,0.0324736138544181
"30",5,"Gossas","fertilized",NA,NA,"s4",10.8370342313828,0.757624748318682,344.477228633357,9.44479483283334,12.4345010146644,0.0230652231739807,0.00397353664142969,92.9999447443748,0.0163826706337816,0.0324736138544181
"31",6,"Gossas","control",NA,NA,"s2",18.1977653402147,1.30553312624641,344.477228633357,15.8028844373325,20.9555834373625,0.0684796143861009,0.00766997113424861,92.9999447443748,0.054823499271228,0.0855373635175848
"32",6,"Gossas","control",NA,NA,"s3",18.1977653402147,1.30553312624641,344.477228633357,15.8028844373325,20.9555834373625,0.0684796143861009,0.00766997113424861,92.9999447443748,0.054823499271228,0.0855373635175848
"33",6,"Gossas","control",NA,NA,"s4",18.1977653402147,1.30553312624641,344.477228633357,15.8028844373325,20.9555834373625,0.0684796143861009,0.00766997113424861,92.9999447443748,0.054823499271228,0.0855373635175848
"34",6,"Gossas","fertilized",NA,NA,"s2",10.8370342313828,0.757624748318682,344.477228633357,9.44479483283334,12.4345010146644,0.0230652231739807,0.00397353664142969,92.9999447443748,0.0163826706337816,0.0324736138544181
"35",6,"Gossas","fertilized",NA,NA,"s3",10.8370342313828,0.757624748318682,344.477228633357,9.44479483283334,12.4345010146644,0.0230652231739807,0.00397353664142969,92.9999447443748,0.0163826706337816,0.0324736138544181
"36",6,"Gossas","fertilized",NA,NA,"s4",10.8370342313828,0.757624748318682,344.477228633357,9.44479483283334,12.4345010146644,0.0230652231739807,0.00397353664142969,92.9999447443748,0.0163826706337816,0.0324736138544181
"37",7,"Gossas","control",27,NA,"s2",18.1977653402147,1.30553312624641,344.477228633357,15.8028844373325,20.9555834373625,0.0684796143861009,0.00766997113424861,92.9999447443748,0.054823499271228,0.0855373635175848
"38",7,"Gossas","control",27,NA,"s3",18.1977653402147,1.30553312624641,344.477228633357,15.8028844373325,20.9555834373625,0.0684796143861009,0.00766997113424861,92.9999447443748,0.054823499271228,0.0855373635175848
"39",7,"Gossas","control",NA,NA,"s4",18.1977653402147,1.30553312624641,344.477228633357,15.8028844373325,20.9555834373625,0.0684796143861009,0.00766997113424861,92.9999447443748,0.054823499271228,0.0855373635175848
"40",7,"Gossas","fertilized",14,NA,"s2",10.8370342313828,0.757624748318682,344.477228633357,9.44479483283334,12.4345010146644,0.0230652231739807,0.00397353664142969,92.9999447443748,0.0163826706337816,0.0324736138544181
"41",7,"Gossas","fertilized",14,NA,"s3",10.8370342313828,0.757624748318682,344.477228633357,9.44479483283334,12.4345010146644,0.0230652231739807,0.00397353664142969,92.9999447443748,0.0163826706337816,0.0324736138544181
"42",7,"Gossas","fertilized",NA,NA,"s4",10.8370342313828,0.757624748318682,344.477228633357,9.44479483283334,12.4345010146644,0.0230652231739807,0.00397353664142969,92.9999447443748,0.0163826706337816,0.0324736138544181
"43",8,"Gossas","control",36,NA,"s2",18.1977653402147,1.30553312624641,344.477228633357,15.8028844373325,20.9555834373625,0.0684796143861009,0.00766997113424861,92.9999447443748,0.054823499271228,0.0855373635175848
"44",8,"Gossas","control",26,NA,"s3",18.1977653402147,1.30553312624641,344.477228633357,15.8028844373325,20.9555834373625,0.0684796143861009,0.00766997113424861,92.9999447443748,0.054823499271228,0.0855373635175848
"45",8,"Gossas","control",NA,NA,"s4",18.1977653402147,1.30553312624641,344.477228633357,15.8028844373325,20.9555834373625,0.0684796143861009,0.00766997113424861,92.9999447443748,0.054823499271228,0.0855373635175848
"46",8,"Gossas","fertilized",23,NA,"s2",10.8370342313828,0.757624748318682,344.477228633357,9.44479483283334,12.4345010146644,0.0230652231739807,0.00397353664142969,92.9999447443748,0.0163826706337816,0.0324736138544181
"47",8,"Gossas","fertilized",20,NA,"s3",10.8370342313828,0.757624748318682,344.477228633357,9.44479483283334,12.4345010146644,0.0230652231739807,0.00397353664142969,92.9999447443748,0.0163826706337816,0.0324736138544181
"48",8,"Gossas","fertilized",NA,NA,"s4",10.8370342313828,0.757624748318682,344.477228633357,9.44479483283334,12.4345010146644,0.0230652231739807,0.00397353664142969,92.9999447443748,0.0163826706337816,0.0324736138544181
"49",9,"Gossas","control",5,0,"s2",18.1977653402147,1.30553312624641,344.477228633357,15.8028844373325,20.9555834373625,0.0684796143861009,0.00766997113424861,92.9999447443748,0.054823499271228,0.0855373635175848
"50",9,"Gossas","control",11,0,"s3",18.1977653402147,1.30553312624641,344.477228633357,15.8028844373325,20.9555834373625,0.0684796143861009,0.00766997113424861,92.9999447443748,0.054823499271228,0.0855373635175848
"51",9,"Gossas","control",NA,NA,"s4",18.1977653402147,1.30553312624641,344.477228633357,15.8028844373325,20.9555834373625,0.0684796143861009,0.00766997113424861,92.9999447443748,0.054823499271228,0.0855373635175848
"52",9,"Gossas","fertilized",8,0.0085,"s2",10.8370342313828,0.757624748318682,344.477228633357,9.44479483283334,12.4345010146644,0.0230652231739807,0.00397353664142969,92.9999447443748,0.0163826706337816,0.0324736138544181
"53",9,"Gossas","fertilized",15,NA,"s3",10.8370342313828,0.757624748318682,344.477228633357,9.44479483283334,12.4345010146644,0.0230652231739807,0.00397353664142969,92.9999447443748,0.0163826706337816,0.0324736138544181
"54",9,"Gossas","fertilized",NA,NA,"s4",10.8370342313828,0.757624748318682,344.477228633357,9.44479483283334,12.4345010146644,0.0230652231739807,0.00397353664142969,92.9999447443748,0.0163826706337816,0.0324736138544181
"55",10,"Gossas","control",14,NA,"s2",18.1977653402147,1.30553312624641,344.477228633357,15.8028844373325,20.9555834373625,0.0684796143861009,0.00766997113424861,92.9999447443748,0.054823499271228,0.0855373635175848
"56",10,"Gossas","control",9,NA,"s3",18.1977653402147,1.30553312624641,344.477228633357,15.8028844373325,20.9555834373625,0.0684796143861009,0.00766997113424861,92.9999447443748,0.054823499271228,0.0855373635175848
"57",10,"Gossas","control",NA,NA,"s4",18.1977653402147,1.30553312624641,344.477228633357,15.8028844373325,20.9555834373625,0.0684796143861009,0.00766997113424861,92.9999447443748,0.054823499271228,0.0855373635175848
"58",10,"Gossas","fertilized",10,NA,"s2",10.8370342313828,0.757624748318682,344.477228633357,9.44479483283334,12.4345010146644,0.0230652231739807,0.00397353664142969,92.9999447443748,0.0163826706337816,0.0324736138544181
"59",10,"Gossas","fertilized",3,NA,"s3",10.8370342313828,0.757624748318682,344.477228633357,9.44479483283334,12.4345010146644,0.0230652231739807,0.00397353664142969,92.9999447443748,0.0163826706337816,0.0324736138544181
"60",10,"Gossas","fertilized",NA,NA,"s4",10.8370342313828,0.757624748318682,344.477228633357,9.44479483283334,12.4345010146644,0.0230652231739807,0.00397353664142969,92.9999447443748,0.0163826706337816,0.0324736138544181
"61",11,"Gossas","control",6,NA,"s2",18.1977653402147,1.30553312624641,344.477228633357,15.8028844373325,20.9555834373625,0.0684796143861009,0.00766997113424861,92.9999447443748,0.054823499271228,0.0855373635175848
"62",11,"Gossas","control",8,NA,"s3",18.1977653402147,1.30553312624641,344.477228633357,15.8028844373325,20.9555834373625,0.0684796143861009,0.00766997113424861,92.9999447443748,0.054823499271228,0.0855373635175848
"63",11,"Gossas","control",NA,NA,"s4",18.1977653402147,1.30553312624641,344.477228633357,15.8028844373325,20.9555834373625,0.0684796143861009,0.00766997113424861,92.9999447443748,0.054823499271228,0.0855373635175848
"64",11,"Gossas","fertilized",8,NA,"s2",10.8370342313828,0.757624748318682,344.477228633357,9.44479483283334,12.4345010146644,0.0230652231739807,0.00397353664142969,92.9999447443748,0.0163826706337816,0.0324736138544181
"65",11,"Gossas","fertilized",3,NA,"s3",10.8370342313828,0.757624748318682,344.477228633357,9.44479483283334,12.4345010146644,0.0230652231739807,0.00397353664142969,92.9999447443748,0.0163826706337816,0.0324736138544181
"66",11,"Gossas","fertilized",NA,NA,"s4",10.8370342313828,0.757624748318682,344.477228633357,9.44479483283334,12.4345010146644,0.0230652231739807,0.00397353664142969,92.9999447443748,0.0163826706337816,0.0324736138544181
"67",12,"Gossas","control",10,NA,"s2",18.1977653402147,1.30553312624641,344.477228633357,15.8028844373325,20.9555834373625,0.0684796143861009,0.00766997113424861,92.9999447443748,0.054823499271228,0.0855373635175848
"68",12,"Gossas","control",14,0.0425,"s3",18.1977653402147,1.30553312624641,344.477228633357,15.8028844373325,20.9555834373625,0.0684796143861009,0.00766997113424861,92.9999447443748,0.054823499271228,0.0855373635175848
"69",12,"Gossas","control",NA,NA,"s4",18.1977653402147,1.30553312624641,344.477228633357,15.8028844373325,20.9555834373625,0.0684796143861009,0.00766997113424861,92.9999447443748,0.054823499271228,0.0855373635175848
"70",12,"Gossas","fertilized",4,NA,"s2",10.8370342313828,0.757624748318682,344.477228633357,9.44479483283334,12.4345010146644,0.0230652231739807,0.00397353664142969,92.9999447443748,0.0163826706337816,0.0324736138544181
"71",12,"Gossas","fertilized",4,NA,"s3",10.8370342313828,0.757624748318682,344.477228633357,9.44479483283334,12.4345010146644,0.0230652231739807,0.00397353664142969,92.9999447443748,0.0163826706337816,0.0324736138544181
"72",12,"Gossas","fertilized",NA,NA,"s4",10.8370342313828,0.757624748318682,344.477228633357,9.44479483283334,12.4345010146644,0.0230652231739807,0.00397353664142969,92.9999447443748,0.0163826706337816,0.0324736138544181
"73",13,"Gossas","control",8,NA,"s2",18.1977653402147,1.30553312624641,344.477228633357,15.8028844373325,20.9555834373625,0.0684796143861009,0.00766997113424861,92.9999447443748,0.054823499271228,0.0855373635175848
"74",13,"Gossas","control",19,0.0425,"s3",18.1977653402147,1.30553312624641,344.477228633357,15.8028844373325,20.9555834373625,0.0684796143861009,0.00766997113424861,92.9999447443748,0.054823499271228,0.0855373635175848
"75",13,"Gossas","control",NA,NA,"s4",18.1977653402147,1.30553312624641,344.477228633357,15.8028844373325,20.9555834373625,0.0684796143861009,0.00766997113424861,92.9999447443748,0.054823499271228,0.0855373635175848
"76",13,"Gossas","fertilized",5,NA,"s2",10.8370342313828,0.757624748318682,344.477228633357,9.44479483283334,12.4345010146644,0.0230652231739807,0.00397353664142969,92.9999447443748,0.0163826706337816,0.0324736138544181
"77",13,"Gossas","fertilized",17,0.0425,"s3",10.8370342313828,0.757624748318682,344.477228633357,9.44479483283334,12.4345010146644,0.0230652231739807,0.00397353664142969,92.9999447443748,0.0163826706337816,0.0324736138544181
"78",13,"Gossas","fertilized",NA,NA,"s4",10.8370342313828,0.757624748318682,344.477228633357,9.44479483283334,12.4345010146644,0.0230652231739807,0.00397353664142969,92.9999447443748,0.0163826706337816,0.0324736138544181
"79",14,"Gossas","control",8,NA,"s2",18.1977653402147,1.30553312624641,344.477228633357,15.8028844373325,20.9555834373625,0.0684796143861009,0.00766997113424861,92.9999447443748,0.054823499271228,0.0855373635175848
"80",14,"Gossas","control",NA,NA,"s3",18.1977653402147,1.30553312624641,344.477228633357,15.8028844373325,20.9555834373625,0.0684796143861009,0.00766997113424861,92.9999447443748,0.054823499271228,0.0855373635175848
"81",14,"Gossas","control",NA,NA,"s4",18.1977653402147,1.30553312624641,344.477228633357,15.8028844373325,20.9555834373625,0.0684796143861009,0.00766997113424861,92.9999447443748,0.054823499271228,0.0855373635175848
"82",14,"Gossas","fertilized",2,NA,"s2",10.8370342313828,0.757624748318682,344.477228633357,9.44479483283334,12.4345010146644,0.0230652231739807,0.00397353664142969,92.9999447443748,0.0163826706337816,0.0324736138544181
"83",14,"Gossas","fertilized",9,NA,"s3",10.8370342313828,0.757624748318682,344.477228633357,9.44479483283334,12.4345010146644,0.0230652231739807,0.00397353664142969,92.9999447443748,0.0163826706337816,0.0324736138544181
"84",14,"Gossas","fertilized",NA,NA,"s4",10.8370342313828,0.757624748318682,344.477228633357,9.44479483283334,12.4345010146644,0.0230652231739807,0.00397353664142969,92.9999447443748,0.0163826706337816,0.0324736138544181
"85",15,"Gossas","control",48,0.17,"s2",18.1977653402147,1.30553312624641,344.477228633357,15.8028844373325,20.9555834373625,0.0684796143861009,0.00766997113424861,92.9999447443748,0.054823499271228,0.0855373635175848
"86",15,"Gossas","control",NA,NA,"s3",18.1977653402147,1.30553312624641,344.477228633357,15.8028844373325,20.9555834373625,0.0684796143861009,0.00766997113424861,92.9999447443748,0.054823499271228,0.0855373635175848
"87",15,"Gossas","control",NA,NA,"s4",18.1977653402147,1.30553312624641,344.477228633357,15.8028844373325,20.9555834373625,0.0684796143861009,0.00766997113424861,92.9999447443748,0.054823499271228,0.0855373635175848
"88",15,"Gossas","fertilized",17,0.0425,"s2",10.8370342313828,0.757624748318682,344.477228633357,9.44479483283334,12.4345010146644,0.0230652231739807,0.00397353664142969,92.9999447443748,0.0163826706337816,0.0324736138544181
"89",15,"Gossas","fertilized",17,NA,"s3",10.8370342313828,0.757624748318682,344.477228633357,9.44479483283334,12.4345010146644,0.0230652231739807,0.00397353664142969,92.9999447443748,0.0163826706337816,0.0324736138544181
"90",15,"Gossas","fertilized",NA,NA,"s4",10.8370342313828,0.757624748318682,344.477228633357,9.44479483283334,12.4345010146644,0.0230652231739807,0.00397353664142969,92.9999447443748,0.0163826706337816,0.0324736138544181
"91",16,"Gossas","control",2,NA,"s2",18.1977653402147,1.30553312624641,344.477228633357,15.8028844373325,20.9555834373625,0.0684796143861009,0.00766997113424861,92.9999447443748,0.054823499271228,0.0855373635175848
"92",16,"Gossas","control",14,NA,"s3",18.1977653402147,1.30553312624641,344.477228633357,15.8028844373325,20.9555834373625,0.0684796143861009,0.00766997113424861,92.9999447443748,0.054823499271228,0.0855373635175848
"93",16,"Gossas","control",NA,NA,"s4",18.1977653402147,1.30553312624641,344.477228633357,15.8028844373325,20.9555834373625,0.0684796143861009,0.00766997113424861,92.9999447443748,0.054823499271228,0.0855373635175848
"94",16,"Gossas","fertilized",3,NA,"s2",10.8370342313828,0.757624748318682,344.477228633357,9.44479483283334,12.4345010146644,0.0230652231739807,0.00397353664142969,92.9999447443748,0.0163826706337816,0.0324736138544181
"95",16,"Gossas","fertilized",8,NA,"s3",10.8370342313828,0.757624748318682,344.477228633357,9.44479483283334,12.4345010146644,0.0230652231739807,0.00397353664142969,92.9999447443748,0.0163826706337816,0.0324736138544181
"96",16,"Gossas","fertilized",NA,NA,"s4",10.8370342313828,0.757624748318682,344.477228633357,9.44479483283334,12.4345010146644,0.0230652231739807,0.00397353664142969,92.9999447443748,0.0163826706337816,0.0324736138544181
"97",17,"Gossas","control",NA,NA,"s2",18.1977653402147,1.30553312624641,344.477228633357,15.8028844373325,20.9555834373625,0.0684796143861009,0.00766997113424861,92.9999447443748,0.054823499271228,0.0855373635175848
"98",17,"Gossas","control",NA,NA,"s3",18.1977653402147,1.30553312624641,344.477228633357,15.8028844373325,20.9555834373625,0.0684796143861009,0.00766997113424861,92.9999447443748,0.054823499271228,0.0855373635175848
"99",17,"Gossas","control",NA,NA,"s4",18.1977653402147,1.30553312624641,344.477228633357,15.8028844373325,20.9555834373625,0.0684796143861009,0.00766997113424861,92.9999447443748,0.054823499271228,0.0855373635175848
"100",17,"Gossas","fertilized",8,NA,"s2",10.8370342313828,0.757624748318682,344.477228633357,9.44479483283334,12.4345010146644,0.0230652231739807,0.00397353664142969,92.9999447443748,0.0163826706337816,0.0324736138544181
"101",17,"Gossas","fertilized",20,0.0425,"s3",10.8370342313828,0.757624748318682,344.477228633357,9.44479483283334,12.4345010146644,0.0230652231739807,0.00397353664142969,92.9999447443748,0.0163826706337816,0.0324736138544181
"102",17,"Gossas","fertilized",NA,NA,"s4",10.8370342313828,0.757624748318682,344.477228633357,9.44479483283334,12.4345010146644,0.0230652231739807,0.00397353664142969,92.9999447443748,0.0163826706337816,0.0324736138544181
"103",18,"Gossas","control",2,NA,"s2",18.1977653402147,1.30553312624641,344.477228633357,15.8028844373325,20.9555834373625,0.0684796143861009,0.00766997113424861,92.9999447443748,0.054823499271228,0.0855373635175848
"104",18,"Gossas","control",8,0,"s3",18.1977653402147,1.30553312624641,344.477228633357,15.8028844373325,20.9555834373625,0.0684796143861009,0.00766997113424861,92.9999447443748,0.054823499271228,0.0855373635175848
"105",18,"Gossas","control",NA,NA,"s4",18.1977653402147,1.30553312624641,344.477228633357,15.8028844373325,20.9555834373625,0.0684796143861009,0.00766997113424861,92.9999447443748,0.054823499271228,0.0855373635175848
"106",18,"Gossas","fertilized",5,NA,"s2",10.8370342313828,0.757624748318682,344.477228633357,9.44479483283334,12.4345010146644,0.0230652231739807,0.00397353664142969,92.9999447443748,0.0163826706337816,0.0324736138544181
"107",18,"Gossas","fertilized",4,NA,"s3",10.8370342313828,0.757624748318682,344.477228633357,9.44479483283334,12.4345010146644,0.0230652231739807,0.00397353664142969,92.9999447443748,0.0163826706337816,0.0324736138544181
"108",18,"Gossas","fertilized",NA,NA,"s4",10.8370342313828,0.757624748318682,344.477228633357,9.44479483283334,12.4345010146644,0.0230652231739807,0.00397353664142969,92.9999447443748,0.0163826706337816,0.0324736138544181
"109",19,"Gossas","control",18,NA,"s2",18.1977653402147,1.30553312624641,344.477228633357,15.8028844373325,20.9555834373625,0.0684796143861009,0.00766997113424861,92.9999447443748,0.054823499271228,0.0855373635175848
"110",19,"Gossas","control",24,0.0425,"s3",18.1977653402147,1.30553312624641,344.477228633357,15.8028844373325,20.9555834373625,0.0684796143861009,0.00766997113424861,92.9999447443748,0.054823499271228,0.0855373635175848
"111",19,"Gossas","control",NA,NA,"s4",18.1977653402147,1.30553312624641,344.477228633357,15.8028844373325,20.9555834373625,0.0684796143861009,0.00766997113424861,92.9999447443748,0.054823499271228,0.0855373635175848
"112",19,"Gossas","fertilized",18,NA,"s2",10.8370342313828,0.757624748318682,344.477228633357,9.44479483283334,12.4345010146644,0.0230652231739807,0.00397353664142969,92.9999447443748,0.0163826706337816,0.0324736138544181
"113",19,"Gossas","fertilized",18,0.0425,"s3",10.8370342313828,0.757624748318682,344.477228633357,9.44479483283334,12.4345010146644,0.0230652231739807,0.00397353664142969,92.9999447443748,0.0163826706337816,0.0324736138544181
"114",19,"Gossas","fertilized",NA,NA,"s4",10.8370342313828,0.757624748318682,344.477228633357,9.44479483283334,12.4345010146644,0.0230652231739807,0.00397353664142969,92.9999447443748,0.0163826706337816,0.0324736138544181
"115",20,"Gossas","control",12,NA,"s2",18.1977653402147,1.30553312624641,344.477228633357,15.8028844373325,20.9555834373625,0.0684796143861009,0.00766997113424861,92.9999447443748,0.054823499271228,0.0855373635175848
"116",20,"Gossas","control",14,NA,"s3",18.1977653402147,1.30553312624641,344.477228633357,15.8028844373325,20.9555834373625,0.0684796143861009,0.00766997113424861,92.9999447443748,0.054823499271228,0.0855373635175848
"117",20,"Gossas","control",NA,NA,"s4",18.1977653402147,1.30553312624641,344.477228633357,15.8028844373325,20.9555834373625,0.0684796143861009,0.00766997113424861,92.9999447443748,0.054823499271228,0.0855373635175848
"118",20,"Gossas","fertilized",14,NA,"s2",10.8370342313828,0.757624748318682,344.477228633357,9.44479483283334,12.4345010146644,0.0230652231739807,0.00397353664142969,92.9999447443748,0.0163826706337816,0.0324736138544181
"119",20,"Gossas","fertilized",2,NA,"s3",10.8370342313828,0.757624748318682,344.477228633357,9.44479483283334,12.4345010146644,0.0230652231739807,0.00397353664142969,92.9999447443748,0.0163826706337816,0.0324736138544181
"120",20,"Gossas","fertilized",NA,NA,"s4",10.8370342313828,0.757624748318682,344.477228633357,9.44479483283334,12.4345010146644,0.0230652231739807,0.00397353664142969,92.9999447443748,0.0163826706337816,0.0324736138544181
"121",21,"Gossas","control",14,NA,"s2",18.1977653402147,1.30553312624641,344.477228633357,15.8028844373325,20.9555834373625,0.0684796143861009,0.00766997113424861,92.9999447443748,0.054823499271228,0.0855373635175848
"122",21,"Gossas","control",13,NA,"s3",18.1977653402147,1.30553312624641,344.477228633357,15.8028844373325,20.9555834373625,0.0684796143861009,0.00766997113424861,92.9999447443748,0.054823499271228,0.0855373635175848
"123",21,"Gossas","control",NA,NA,"s4",18.1977653402147,1.30553312624641,344.477228633357,15.8028844373325,20.9555834373625,0.0684796143861009,0.00766997113424861,92.9999447443748,0.054823499271228,0.0855373635175848
"124",21,"Gossas","fertilized",10,NA,"s2",10.8370342313828,0.757624748318682,344.477228633357,9.44479483283334,12.4345010146644,0.0230652231739807,0.00397353664142969,92.9999447443748,0.0163826706337816,0.0324736138544181
"125",21,"Gossas","fertilized",8,NA,"s3",10.8370342313828,0.757624748318682,344.477228633357,9.44479483283334,12.4345010146644,0.0230652231739807,0.00397353664142969,92.9999447443748,0.0163826706337816,0.0324736138544181
"126",21,"Gossas","fertilized",NA,NA,"s4",10.8370342313828,0.757624748318682,344.477228633357,9.44479483283334,12.4345010146644,0.0230652231739807,0.00397353664142969,92.9999447443748,0.0163826706337816,0.0324736138544181
"127",22,"Gossas","control",11,NA,"s2",18.1977653402147,1.30553312624641,344.477228633357,15.8028844373325,20.9555834373625,0.0684796143861009,0.00766997113424861,92.9999447443748,0.054823499271228,0.0855373635175848
"128",22,"Gossas","control",3,NA,"s3",18.1977653402147,1.30553312624641,344.477228633357,15.8028844373325,20.9555834373625,0.0684796143861009,0.00766997113424861,92.9999447443748,0.054823499271228,0.0855373635175848
"129",22,"Gossas","control",NA,NA,"s4",18.1977653402147,1.30553312624641,344.477228633357,15.8028844373325,20.9555834373625,0.0684796143861009,0.00766997113424861,92.9999447443748,0.054823499271228,0.0855373635175848
"130",22,"Gossas","fertilized",16,NA,"s2",10.8370342313828,0.757624748318682,344.477228633357,9.44479483283334,12.4345010146644,0.0230652231739807,0.00397353664142969,92.9999447443748,0.0163826706337816,0.0324736138544181
"131",22,"Gossas","fertilized",3,NA,"s3",10.8370342313828,0.757624748318682,344.477228633357,9.44479483283334,12.4345010146644,0.0230652231739807,0.00397353664142969,92.9999447443748,0.0163826706337816,0.0324736138544181
"132",22,"Gossas","fertilized",NA,NA,"s4",10.8370342313828,0.757624748318682,344.477228633357,9.44479483283334,12.4345010146644,0.0230652231739807,0.00397353664142969,92.9999447443748,0.0163826706337816,0.0324736138544181
"133",23,"Gossas","control",28,0.1275,"s2",18.1977653402147,1.30553312624641,344.477228633357,15.8028844373325,20.9555834373625,0.0684796143861009,0.00766997113424861,92.9999447443748,0.054823499271228,0.0855373635175848
"134",23,"Gossas","control",6,NA,"s3",18.1977653402147,1.30553312624641,344.477228633357,15.8028844373325,20.9555834373625,0.0684796143861009,0.00766997113424861,92.9999447443748,0.054823499271228,0.0855373635175848
"135",23,"Gossas","control",NA,NA,"s4",18.1977653402147,1.30553312624641,344.477228633357,15.8028844373325,20.9555834373625,0.0684796143861009,0.00766997113424861,92.9999447443748,0.054823499271228,0.0855373635175848
"136",23,"Gossas","fertilized",19,0.0425,"s2",10.8370342313828,0.757624748318682,344.477228633357,9.44479483283334,12.4345010146644,0.0230652231739807,0.00397353664142969,92.9999447443748,0.0163826706337816,0.0324736138544181
"137",23,"Gossas","fertilized",6,NA,"s3",10.8370342313828,0.757624748318682,344.477228633357,9.44479483283334,12.4345010146644,0.0230652231739807,0.00397353664142969,92.9999447443748,0.0163826706337816,0.0324736138544181
"138",23,"Gossas","fertilized",NA,NA,"s4",10.8370342313828,0.757624748318682,344.477228633357,9.44479483283334,12.4345010146644,0.0230652231739807,0.00397353664142969,92.9999447443748,0.0163826706337816,0.0324736138544181
"139",24,"Gossas","control",5,NA,"s2",18.1977653402147,1.30553312624641,344.477228633357,15.8028844373325,20.9555834373625,0.0684796143861009,0.00766997113424861,92.9999447443748,0.054823499271228,0.0855373635175848
"140",24,"Gossas","control",15,NA,"s3",18.1977653402147,1.30553312624641,344.477228633357,15.8028844373325,20.9555834373625,0.0684796143861009,0.00766997113424861,92.9999447443748,0.054823499271228,0.0855373635175848
"141",24,"Gossas","control",NA,NA,"s4",18.1977653402147,1.30553312624641,344.477228633357,15.8028844373325,20.9555834373625,0.0684796143861009,0.00766997113424861,92.9999447443748,0.054823499271228,0.0855373635175848
"142",24,"Gossas","fertilized",10,NA,"s2",10.8370342313828,0.757624748318682,344.477228633357,9.44479483283334,12.4345010146644,0.0230652231739807,0.00397353664142969,92.9999447443748,0.0163826706337816,0.0324736138544181
"143",24,"Gossas","fertilized",8,NA,"s3",10.8370342313828,0.757624748318682,344.477228633357,9.44479483283334,12.4345010146644,0.0230652231739807,0.00397353664142969,92.9999447443748,0.0163826706337816,0.0324736138544181
"144",24,"Gossas","fertilized",NA,NA,"s4",10.8370342313828,0.757624748318682,344.477228633357,9.44479483283334,12.4345010146644,0.0230652231739807,0.00397353664142969,92.9999447443748,0.0163826706337816,0.0324736138544181
"145",25,"Gossas","control",NA,NA,"s2",18.1977653402147,1.30553312624641,344.477228633357,15.8028844373325,20.9555834373625,0.0684796143861009,0.00766997113424861,92.9999447443748,0.054823499271228,0.0855373635175848
"146",25,"Gossas","control",NA,NA,"s3",18.1977653402147,1.30553312624641,344.477228633357,15.8028844373325,20.9555834373625,0.0684796143861009,0.00766997113424861,92.9999447443748,0.054823499271228,0.0855373635175848
"147",25,"Gossas","control",NA,NA,"s4",18.1977653402147,1.30553312624641,344.477228633357,15.8028844373325,20.9555834373625,0.0684796143861009,0.00766997113424861,92.9999447443748,0.054823499271228,0.0855373635175848
"148",25,"Gossas","fertilized",15,NA,"s2",10.8370342313828,0.757624748318682,344.477228633357,9.44479483283334,12.4345010146644,0.0230652231739807,0.00397353664142969,92.9999447443748,0.0163826706337816,0.0324736138544181
"149",25,"Gossas","fertilized",19,NA,"s3",10.8370342313828,0.757624748318682,344.477228633357,9.44479483283334,12.4345010146644,0.0230652231739807,0.00397353664142969,92.9999447443748,0.0163826706337816,0.0324736138544181
"150",25,"Gossas","fertilized",NA,NA,"s4",10.8370342313828,0.757624748318682,344.477228633357,9.44479483283334,12.4345010146644,0.0230652231739807,0.00397353664142969,92.9999447443748,0.0163826706337816,0.0324736138544181
"151",26,"Gossas","control",28,0.085,"s2",18.1977653402147,1.30553312624641,344.477228633357,15.8028844373325,20.9555834373625,0.0684796143861009,0.00766997113424861,92.9999447443748,0.054823499271228,0.0855373635175848
"152",26,"Gossas","control",26,0.085,"s3",18.1977653402147,1.30553312624641,344.477228633357,15.8028844373325,20.9555834373625,0.0684796143861009,0.00766997113424861,92.9999447443748,0.054823499271228,0.0855373635175848
"153",26,"Gossas","control",NA,NA,"s4",18.1977653402147,1.30553312624641,344.477228633357,15.8028844373325,20.9555834373625,0.0684796143861009,0.00766997113424861,92.9999447443748,0.054823499271228,0.0855373635175848
"154",26,"Gossas","fertilized",11,NA,"s2",10.8370342313828,0.757624748318682,344.477228633357,9.44479483283334,12.4345010146644,0.0230652231739807,0.00397353664142969,92.9999447443748,0.0163826706337816,0.0324736138544181
"155",26,"Gossas","fertilized",14,0.0425,"s3",10.8370342313828,0.757624748318682,344.477228633357,9.44479483283334,12.4345010146644,0.0230652231739807,0.00397353664142969,92.9999447443748,0.0163826706337816,0.0324736138544181
"156",26,"Gossas","fertilized",NA,NA,"s4",10.8370342313828,0.757624748318682,344.477228633357,9.44479483283334,12.4345010146644,0.0230652231739807,0.00397353664142969,92.9999447443748,0.0163826706337816,0.0324736138544181
"157",27,"Gossas","control",NA,NA,"s2",18.1977653402147,1.30553312624641,344.477228633357,15.8028844373325,20.9555834373625,0.0684796143861009,0.00766997113424861,92.9999447443748,0.054823499271228,0.0855373635175848
"158",27,"Gossas","control",NA,NA,"s3",18.1977653402147,1.30553312624641,344.477228633357,15.8028844373325,20.9555834373625,0.0684796143861009,0.00766997113424861,92.9999447443748,0.054823499271228,0.0855373635175848
"159",27,"Gossas","control",NA,NA,"s4",18.1977653402147,1.30553312624641,344.477228633357,15.8028844373325,20.9555834373625,0.0684796143861009,0.00766997113424861,92.9999447443748,0.054823499271228,0.0855373635175848
"160",27,"Gossas","fertilized",NA,NA,"s2",10.8370342313828,0.757624748318682,344.477228633357,9.44479483283334,12.4345010146644,0.0230652231739807,0.00397353664142969,92.9999447443748,0.0163826706337816,0.0324736138544181
"161",27,"Gossas","fertilized",NA,NA,"s3",10.8370342313828,0.757624748318682,344.477228633357,9.44479483283334,12.4345010146644,0.0230652231739807,0.00397353664142969,92.9999447443748,0.0163826706337816,0.0324736138544181
"162",27,"Gossas","fertilized",NA,NA,"s4",10.8370342313828,0.757624748318682,344.477228633357,9.44479483283334,12.4345010146644,0.0230652231739807,0.00397353664142969,92.9999447443748,0.0163826706337816,0.0324736138544181
"163",28,"Gossas","control",NA,NA,"s2",18.1977653402147,1.30553312624641,344.477228633357,15.8028844373325,20.9555834373625,0.0684796143861009,0.00766997113424861,92.9999447443748,0.054823499271228,0.0855373635175848
"164",28,"Gossas","control",NA,NA,"s3",18.1977653402147,1.30553312624641,344.477228633357,15.8028844373325,20.9555834373625,0.0684796143861009,0.00766997113424861,92.9999447443748,0.054823499271228,0.0855373635175848
"165",28,"Gossas","control",NA,NA,"s4",18.1977653402147,1.30553312624641,344.477228633357,15.8028844373325,20.9555834373625,0.0684796143861009,0.00766997113424861,92.9999447443748,0.054823499271228,0.0855373635175848
"166",28,"Gossas","fertilized",NA,NA,"s2",10.8370342313828,0.757624748318682,344.477228633357,9.44479483283334,12.4345010146644,0.0230652231739807,0.00397353664142969,92.9999447443748,0.0163826706337816,0.0324736138544181
"167",28,"Gossas","fertilized",NA,NA,"s3",10.8370342313828,0.757624748318682,344.477228633357,9.44479483283334,12.4345010146644,0.0230652231739807,0.00397353664142969,92.9999447443748,0.0163826706337816,0.0324736138544181
"168",28,"Gossas","fertilized",NA,NA,"s4",10.8370342313828,0.757624748318682,344.477228633357,9.44479483283334,12.4345010146644,0.0230652231739807,0.00397353664142969,92.9999447443748,0.0163826706337816,0.0324736138544181
"169",29,"Gossas","control",30,NA,"s2",18.1977653402147,1.30553312624641,344.477228633357,15.8028844373325,20.9555834373625,0.0684796143861009,0.00766997113424861,92.9999447443748,0.054823499271228,0.0855373635175848
"170",29,"Gossas","control",21,0.0425,"s3",18.1977653402147,1.30553312624641,344.477228633357,15.8028844373325,20.9555834373625,0.0684796143861009,0.00766997113424861,92.9999447443748,0.054823499271228,0.0855373635175848
"171",29,"Gossas","control",NA,NA,"s4",18.1977653402147,1.30553312624641,344.477228633357,15.8028844373325,20.9555834373625,0.0684796143861009,0.00766997113424861,92.9999447443748,0.054823499271228,0.0855373635175848
"172",29,"Gossas","fertilized",3,NA,"s2",10.8370342313828,0.757624748318682,344.477228633357,9.44479483283334,12.4345010146644,0.0230652231739807,0.00397353664142969,92.9999447443748,0.0163826706337816,0.0324736138544181
"173",29,"Gossas","fertilized",10,0,"s3",10.8370342313828,0.757624748318682,344.477228633357,9.44479483283334,12.4345010146644,0.0230652231739807,0.00397353664142969,92.9999447443748,0.0163826706337816,0.0324736138544181
"174",29,"Gossas","fertilized",NA,NA,"s4",10.8370342313828,0.757624748318682,344.477228633357,9.44479483283334,12.4345010146644,0.0230652231739807,0.00397353664142969,92.9999447443748,0.0163826706337816,0.0324736138544181
"175",30,"Gossas","control",6,NA,"s2",18.1977653402147,1.30553312624641,344.477228633357,15.8028844373325,20.9555834373625,0.0684796143861009,0.00766997113424861,92.9999447443748,0.054823499271228,0.0855373635175848
"176",30,"Gossas","control",30,0.085,"s3",18.1977653402147,1.30553312624641,344.477228633357,15.8028844373325,20.9555834373625,0.0684796143861009,0.00766997113424861,92.9999447443748,0.054823499271228,0.0855373635175848
"177",30,"Gossas","control",NA,NA,"s4",18.1977653402147,1.30553312624641,344.477228633357,15.8028844373325,20.9555834373625,0.0684796143861009,0.00766997113424861,92.9999447443748,0.054823499271228,0.0855373635175848
"178",30,"Gossas","fertilized",3,NA,"s2",10.8370342313828,0.757624748318682,344.477228633357,9.44479483283334,12.4345010146644,0.0230652231739807,0.00397353664142969,92.9999447443748,0.0163826706337816,0.0324736138544181
"179",30,"Gossas","fertilized",12,NA,"s3",10.8370342313828,0.757624748318682,344.477228633357,9.44479483283334,12.4345010146644,0.0230652231739807,0.00397353664142969,92.9999447443748,0.0163826706337816,0.0324736138544181
"180",30,"Gossas","fertilized",NA,NA,"s4",10.8370342313828,0.757624748318682,344.477228633357,9.44479483283334,12.4345010146644,0.0230652231739807,0.00397353664142969,92.9999447443748,0.0163826706337816,0.0324736138544181
"181",31,"Gossas","control",13,NA,"s2",18.1977653402147,1.30553312624641,344.477228633357,15.8028844373325,20.9555834373625,0.0684796143861009,0.00766997113424861,92.9999447443748,0.054823499271228,0.0855373635175848
"182",31,"Gossas","control",20,NA,"s3",18.1977653402147,1.30553312624641,344.477228633357,15.8028844373325,20.9555834373625,0.0684796143861009,0.00766997113424861,92.9999447443748,0.054823499271228,0.0855373635175848
"183",31,"Gossas","control",NA,NA,"s4",18.1977653402147,1.30553312624641,344.477228633357,15.8028844373325,20.9555834373625,0.0684796143861009,0.00766997113424861,92.9999447443748,0.054823499271228,0.0855373635175848
"184",31,"Gossas","fertilized",8,NA,"s2",10.8370342313828,0.757624748318682,344.477228633357,9.44479483283334,12.4345010146644,0.0230652231739807,0.00397353664142969,92.9999447443748,0.0163826706337816,0.0324736138544181
"185",31,"Gossas","fertilized",8,NA,"s3",10.8370342313828,0.757624748318682,344.477228633357,9.44479483283334,12.4345010146644,0.0230652231739807,0.00397353664142969,92.9999447443748,0.0163826706337816,0.0324736138544181
"186",31,"Gossas","fertilized",NA,NA,"s4",10.8370342313828,0.757624748318682,344.477228633357,9.44479483283334,12.4345010146644,0.0230652231739807,0.00397353664142969,92.9999447443748,0.0163826706337816,0.0324736138544181
"187",32,"Gossas","control",21,0.1275,"s2",18.1977653402147,1.30553312624641,344.477228633357,15.8028844373325,20.9555834373625,0.0684796143861009,0.00766997113424861,92.9999447443748,0.054823499271228,0.0855373635175848
"188",32,"Gossas","control",NA,NA,"s3",18.1977653402147,1.30553312624641,344.477228633357,15.8028844373325,20.9555834373625,0.0684796143861009,0.00766997113424861,92.9999447443748,0.054823499271228,0.0855373635175848
"189",32,"Gossas","control",NA,NA,"s4",18.1977653402147,1.30553312624641,344.477228633357,15.8028844373325,20.9555834373625,0.0684796143861009,0.00766997113424861,92.9999447443748,0.054823499271228,0.0855373635175848
"190",32,"Gossas","fertilized",10,0.0425,"s2",10.8370342313828,0.757624748318682,344.477228633357,9.44479483283334,12.4345010146644,0.0230652231739807,0.00397353664142969,92.9999447443748,0.0163826706337816,0.0324736138544181
"191",32,"Gossas","fertilized",20,NA,"s3",10.8370342313828,0.757624748318682,344.477228633357,9.44479483283334,12.4345010146644,0.0230652231739807,0.00397353664142969,92.9999447443748,0.0163826706337816,0.0324736138544181
"192",32,"Gossas","fertilized",NA,NA,"s4",10.8370342313828,0.757624748318682,344.477228633357,9.44479483283334,12.4345010146644,0.0230652231739807,0.00397353664142969,92.9999447443748,0.0163826706337816,0.0324736138544181
"193",33,"Gossas","control",NA,NA,"s2",18.1977653402147,1.30553312624641,344.477228633357,15.8028844373325,20.9555834373625,0.0684796143861009,0.00766997113424861,92.9999447443748,0.054823499271228,0.0855373635175848
"194",33,"Gossas","control",NA,NA,"s3",18.1977653402147,1.30553312624641,344.477228633357,15.8028844373325,20.9555834373625,0.0684796143861009,0.00766997113424861,92.9999447443748,0.054823499271228,0.0855373635175848
"195",33,"Gossas","control",NA,NA,"s4",18.1977653402147,1.30553312624641,344.477228633357,15.8028844373325,20.9555834373625,0.0684796143861009,0.00766997113424861,92.9999447443748,0.054823499271228,0.0855373635175848
"196",33,"Gossas","fertilized",NA,NA,"s2",10.8370342313828,0.757624748318682,344.477228633357,9.44479483283334,12.4345010146644,0.0230652231739807,0.00397353664142969,92.9999447443748,0.0163826706337816,0.0324736138544181
"197",33,"Gossas","fertilized",NA,NA,"s3",10.8370342313828,0.757624748318682,344.477228633357,9.44479483283334,12.4345010146644,0.0230652231739807,0.00397353664142969,92.9999447443748,0.0163826706337816,0.0324736138544181
"198",33,"Gossas","fertilized",NA,NA,"s4",10.8370342313828,0.757624748318682,344.477228633357,9.44479483283334,12.4345010146644,0.0230652231739807,0.00397353664142969,92.9999447443748,0.0163826706337816,0.0324736138544181
"199",34,"Gossas","control",27,NA,"s2",18.1977653402147,1.30553312624641,344.477228633357,15.8028844373325,20.9555834373625,0.0684796143861009,0.00766997113424861,92.9999447443748,0.054823499271228,0.0855373635175848
"200",34,"Gossas","control",40,NA,"s3",18.1977653402147,1.30553312624641,344.477228633357,15.8028844373325,20.9555834373625,0.0684796143861009,0.00766997113424861,92.9999447443748,0.054823499271228,0.0855373635175848
"201",34,"Gossas","control",NA,NA,"s4",18.1977653402147,1.30553312624641,344.477228633357,15.8028844373325,20.9555834373625,0.0684796143861009,0.00766997113424861,92.9999447443748,0.054823499271228,0.0855373635175848
"202",34,"Gossas","fertilized",8,NA,"s2",10.8370342313828,0.757624748318682,344.477228633357,9.44479483283334,12.4345010146644,0.0230652231739807,0.00397353664142969,92.9999447443748,0.0163826706337816,0.0324736138544181
"203",34,"Gossas","fertilized",20,NA,"s3",10.8370342313828,0.757624748318682,344.477228633357,9.44479483283334,12.4345010146644,0.0230652231739807,0.00397353664142969,92.9999447443748,0.0163826706337816,0.0324736138544181
"204",34,"Gossas","fertilized",NA,NA,"s4",10.8370342313828,0.757624748318682,344.477228633357,9.44479483283334,12.4345010146644,0.0230652231739807,0.00397353664142969,92.9999447443748,0.0163826706337816,0.0324736138544181
"205",35,"Gossas","control",18,0.0425,"s2",18.1977653402147,1.30553312624641,344.477228633357,15.8028844373325,20.9555834373625,0.0684796143861009,0.00766997113424861,92.9999447443748,0.054823499271228,0.0855373635175848
"206",35,"Gossas","control",25,NA,"s3",18.1977653402147,1.30553312624641,344.477228633357,15.8028844373325,20.9555834373625,0.0684796143861009,0.00766997113424861,92.9999447443748,0.054823499271228,0.0855373635175848
"207",35,"Gossas","control",NA,NA,"s4",18.1977653402147,1.30553312624641,344.477228633357,15.8028844373325,20.9555834373625,0.0684796143861009,0.00766997113424861,92.9999447443748,0.054823499271228,0.0855373635175848
"208",35,"Gossas","fertilized",6,0.0085,"s2",10.8370342313828,0.757624748318682,344.477228633357,9.44479483283334,12.4345010146644,0.0230652231739807,0.00397353664142969,92.9999447443748,0.0163826706337816,0.0324736138544181
"209",35,"Gossas","fertilized",15,NA,"s3",10.8370342313828,0.757624748318682,344.477228633357,9.44479483283334,12.4345010146644,0.0230652231739807,0.00397353664142969,92.9999447443748,0.0163826706337816,0.0324736138544181
"210",35,"Gossas","fertilized",NA,NA,"s4",10.8370342313828,0.757624748318682,344.477228633357,9.44479483283334,12.4345010146644,0.0230652231739807,0.00397353664142969,92.9999447443748,0.0163826706337816,0.0324736138544181
"211",36,"Gossas","control",40,NA,"s2",18.1977653402147,1.30553312624641,344.477228633357,15.8028844373325,20.9555834373625,0.0684796143861009,0.00766997113424861,92.9999447443748,0.054823499271228,0.0855373635175848
"212",36,"Gossas","control",26,0.085,"s3",18.1977653402147,1.30553312624641,344.477228633357,15.8028844373325,20.9555834373625,0.0684796143861009,0.00766997113424861,92.9999447443748,0.054823499271228,0.0855373635175848
"213",36,"Gossas","control",NA,NA,"s4",18.1977653402147,1.30553312624641,344.477228633357,15.8028844373325,20.9555834373625,0.0684796143861009,0.00766997113424861,92.9999447443748,0.054823499271228,0.0855373635175848
"214",36,"Gossas","fertilized",9,NA,"s2",10.8370342313828,0.757624748318682,344.477228633357,9.44479483283334,12.4345010146644,0.0230652231739807,0.00397353664142969,92.9999447443748,0.0163826706337816,0.0324736138544181
"215",36,"Gossas","fertilized",3,0,"s3",10.8370342313828,0.757624748318682,344.477228633357,9.44479483283334,12.4345010146644,0.0230652231739807,0.00397353664142969,92.9999447443748,0.0163826706337816,0.0324736138544181
"216",36,"Gossas","fertilized",NA,NA,"s4",10.8370342313828,0.757624748318682,344.477228633357,9.44479483283334,12.4345010146644,0.0230652231739807,0.00397353664142969,92.9999447443748,0.0163826706337816,0.0324736138544181
"217",37,"Gossas","control",38,NA,"s2",18.1977653402147,1.30553312624641,344.477228633357,15.8028844373325,20.9555834373625,0.0684796143861009,0.00766997113424861,92.9999447443748,0.054823499271228,0.0855373635175848
"218",37,"Gossas","control",16,NA,"s3",18.1977653402147,1.30553312624641,344.477228633357,15.8028844373325,20.9555834373625,0.0684796143861009,0.00766997113424861,92.9999447443748,0.054823499271228,0.0855373635175848
"219",37,"Gossas","control",NA,NA,"s4",18.1977653402147,1.30553312624641,344.477228633357,15.8028844373325,20.9555834373625,0.0684796143861009,0.00766997113424861,92.9999447443748,0.054823499271228,0.0855373635175848
"220",37,"Gossas","fertilized",11,NA,"s2",10.8370342313828,0.757624748318682,344.477228633357,9.44479483283334,12.4345010146644,0.0230652231739807,0.00397353664142969,92.9999447443748,0.0163826706337816,0.0324736138544181
"221",37,"Gossas","fertilized",5,NA,"s3",10.8370342313828,0.757624748318682,344.477228633357,9.44479483283334,12.4345010146644,0.0230652231739807,0.00397353664142969,92.9999447443748,0.0163826706337816,0.0324736138544181
"222",37,"Gossas","fertilized",NA,NA,"s4",10.8370342313828,0.757624748318682,344.477228633357,9.44479483283334,12.4345010146644,0.0230652231739807,0.00397353664142969,92.9999447443748,0.0163826706337816,0.0324736138544181
"223",38,"Gossas","control",25,NA,"s2",18.1977653402147,1.30553312624641,344.477228633357,15.8028844373325,20.9555834373625,0.0684796143861009,0.00766997113424861,92.9999447443748,0.054823499271228,0.0855373635175848
"224",38,"Gossas","control",25,0.0425,"s3",18.1977653402147,1.30553312624641,344.477228633357,15.8028844373325,20.9555834373625,0.0684796143861009,0.00766997113424861,92.9999447443748,0.054823499271228,0.0855373635175848
"225",38,"Gossas","control",NA,NA,"s4",18.1977653402147,1.30553312624641,344.477228633357,15.8028844373325,20.9555834373625,0.0684796143861009,0.00766997113424861,92.9999447443748,0.054823499271228,0.0855373635175848
"226",38,"Gossas","fertilized",5,NA,"s2",10.8370342313828,0.757624748318682,344.477228633357,9.44479483283334,12.4345010146644,0.0230652231739807,0.00397353664142969,92.9999447443748,0.0163826706337816,0.0324736138544181
"227",38,"Gossas","fertilized",5,0,"s3",10.8370342313828,0.757624748318682,344.477228633357,9.44479483283334,12.4345010146644,0.0230652231739807,0.00397353664142969,92.9999447443748,0.0163826706337816,0.0324736138544181
"228",38,"Gossas","fertilized",NA,NA,"s4",10.8370342313828,0.757624748318682,344.477228633357,9.44479483283334,12.4345010146644,0.0230652231739807,0.00397353664142969,92.9999447443748,0.0163826706337816,0.0324736138544181
"229",39,"Gossas","control",35,NA,"s2",18.1977653402147,1.30553312624641,344.477228633357,15.8028844373325,20.9555834373625,0.0684796143861009,0.00766997113424861,92.9999447443748,0.054823499271228,0.0855373635175848
"230",39,"Gossas","control",12,NA,"s3",18.1977653402147,1.30553312624641,344.477228633357,15.8028844373325,20.9555834373625,0.0684796143861009,0.00766997113424861,92.9999447443748,0.054823499271228,0.0855373635175848
"231",39,"Gossas","control",NA,NA,"s4",18.1977653402147,1.30553312624641,344.477228633357,15.8028844373325,20.9555834373625,0.0684796143861009,0.00766997113424861,92.9999447443748,0.054823499271228,0.0855373635175848
"232",39,"Gossas","fertilized",12,NA,"s2",10.8370342313828,0.757624748318682,344.477228633357,9.44479483283334,12.4345010146644,0.0230652231739807,0.00397353664142969,92.9999447443748,0.0163826706337816,0.0324736138544181
"233",39,"Gossas","fertilized",4,NA,"s3",10.8370342313828,0.757624748318682,344.477228633357,9.44479483283334,12.4345010146644,0.0230652231739807,0.00397353664142969,92.9999447443748,0.0163826706337816,0.0324736138544181
"234",39,"Gossas","fertilized",NA,NA,"s4",10.8370342313828,0.757624748318682,344.477228633357,9.44479483283334,12.4345010146644,0.0230652231739807,0.00397353664142969,92.9999447443748,0.0163826706337816,0.0324736138544181
"235",40,"Gossas","control",18,NA,"s2",18.1977653402147,1.30553312624641,344.477228633357,15.8028844373325,20.9555834373625,0.0684796143861009,0.00766997113424861,92.9999447443748,0.054823499271228,0.0855373635175848
"236",40,"Gossas","control",26,0.085,"s3",18.1977653402147,1.30553312624641,344.477228633357,15.8028844373325,20.9555834373625,0.0684796143861009,0.00766997113424861,92.9999447443748,0.054823499271228,0.0855373635175848
"237",40,"Gossas","control",NA,NA,"s4",18.1977653402147,1.30553312624641,344.477228633357,15.8028844373325,20.9555834373625,0.0684796143861009,0.00766997113424861,92.9999447443748,0.054823499271228,0.0855373635175848
"238",40,"Gossas","fertilized",8,NA,"s2",10.8370342313828,0.757624748318682,344.477228633357,9.44479483283334,12.4345010146644,0.0230652231739807,0.00397353664142969,92.9999447443748,0.0163826706337816,0.0324736138544181
"239",40,"Gossas","fertilized",18,0.0425,"s3",10.8370342313828,0.757624748318682,344.477228633357,9.44479483283334,12.4345010146644,0.0230652231739807,0.00397353664142969,92.9999447443748,0.0163826706337816,0.0324736138544181
"240",40,"Gossas","fertilized",NA,NA,"s4",10.8370342313828,0.757624748318682,344.477228633357,9.44479483283334,12.4345010146644,0.0230652231739807,0.00397353664142969,92.9999447443748,0.0163826706337816,0.0324736138544181
"241",41,"Gossas","control",4,0.0085,"s2",18.1977653402147,1.30553312624641,344.477228633357,15.8028844373325,20.9555834373625,0.0684796143861009,0.00766997113424861,92.9999447443748,0.054823499271228,0.0855373635175848
"242",41,"Gossas","control",14,0.0425,"s3",18.1977653402147,1.30553312624641,344.477228633357,15.8028844373325,20.9555834373625,0.0684796143861009,0.00766997113424861,92.9999447443748,0.054823499271228,0.0855373635175848
"243",41,"Gossas","control",NA,NA,"s4",18.1977653402147,1.30553312624641,344.477228633357,15.8028844373325,20.9555834373625,0.0684796143861009,0.00766997113424861,92.9999447443748,0.054823499271228,0.0855373635175848
"244",41,"Gossas","fertilized",20,0.085,"s2",10.8370342313828,0.757624748318682,344.477228633357,9.44479483283334,12.4345010146644,0.0230652231739807,0.00397353664142969,92.9999447443748,0.0163826706337816,0.0324736138544181
"245",41,"Gossas","fertilized",4,0,"s3",10.8370342313828,0.757624748318682,344.477228633357,9.44479483283334,12.4345010146644,0.0230652231739807,0.00397353664142969,92.9999447443748,0.0163826706337816,0.0324736138544181
"246",41,"Gossas","fertilized",NA,NA,"s4",10.8370342313828,0.757624748318682,344.477228633357,9.44479483283334,12.4345010146644,0.0230652231739807,0.00397353664142969,92.9999447443748,0.0163826706337816,0.0324736138544181
"247",42,"Gossas","control",7,NA,"s2",18.1977653402147,1.30553312624641,344.477228633357,15.8028844373325,20.9555834373625,0.0684796143861009,0.00766997113424861,92.9999447443748,0.054823499271228,0.0855373635175848
"248",42,"Gossas","control",7,NA,"s3",18.1977653402147,1.30553312624641,344.477228633357,15.8028844373325,20.9555834373625,0.0684796143861009,0.00766997113424861,92.9999447443748,0.054823499271228,0.0855373635175848
"249",42,"Gossas","control",NA,NA,"s4",18.1977653402147,1.30553312624641,344.477228633357,15.8028844373325,20.9555834373625,0.0684796143861009,0.00766997113424861,92.9999447443748,0.054823499271228,0.0855373635175848
"250",42,"Gossas","fertilized",7,NA,"s2",10.8370342313828,0.757624748318682,344.477228633357,9.44479483283334,12.4345010146644,0.0230652231739807,0.00397353664142969,92.9999447443748,0.0163826706337816,0.0324736138544181
"251",42,"Gossas","fertilized",7,NA,"s3",10.8370342313828,0.757624748318682,344.477228633357,9.44479483283334,12.4345010146644,0.0230652231739807,0.00397353664142969,92.9999447443748,0.0163826706337816,0.0324736138544181
"252",42,"Gossas","fertilized",NA,NA,"s4",10.8370342313828,0.757624748318682,344.477228633357,9.44479483283334,12.4345010146644,0.0230652231739807,0.00397353664142969,92.9999447443748,0.0163826706337816,0.0324736138544181
"253",43,"Gossas","control",7,NA,"s2",18.1977653402147,1.30553312624641,344.477228633357,15.8028844373325,20.9555834373625,0.0684796143861009,0.00766997113424861,92.9999447443748,0.054823499271228,0.0855373635175848
"254",43,"Gossas","control",26,NA,"s3",18.1977653402147,1.30553312624641,344.477228633357,15.8028844373325,20.9555834373625,0.0684796143861009,0.00766997113424861,92.9999447443748,0.054823499271228,0.0855373635175848
"255",43,"Gossas","control",NA,NA,"s4",18.1977653402147,1.30553312624641,344.477228633357,15.8028844373325,20.9555834373625,0.0684796143861009,0.00766997113424861,92.9999447443748,0.054823499271228,0.0855373635175848
"256",43,"Gossas","fertilized",7,NA,"s2",10.8370342313828,0.757624748318682,344.477228633357,9.44479483283334,12.4345010146644,0.0230652231739807,0.00397353664142969,92.9999447443748,0.0163826706337816,0.0324736138544181
"257",43,"Gossas","fertilized",9,NA,"s3",10.8370342313828,0.757624748318682,344.477228633357,9.44479483283334,12.4345010146644,0.0230652231739807,0.00397353664142969,92.9999447443748,0.0163826706337816,0.0324736138544181
"258",43,"Gossas","fertilized",NA,NA,"s4",10.8370342313828,0.757624748318682,344.477228633357,9.44479483283334,12.4345010146644,0.0230652231739807,0.00397353664142969,92.9999447443748,0.0163826706337816,0.0324736138544181
"259",44,"Gossas","control",35,NA,"s2",18.1977653402147,1.30553312624641,344.477228633357,15.8028844373325,20.9555834373625,0.0684796143861009,0.00766997113424861,92.9999447443748,0.054823499271228,0.0855373635175848
"260",44,"Gossas","control",NA,NA,"s3",18.1977653402147,1.30553312624641,344.477228633357,15.8028844373325,20.9555834373625,0.0684796143861009,0.00766997113424861,92.9999447443748,0.054823499271228,0.0855373635175848
"261",44,"Gossas","control",NA,NA,"s4",18.1977653402147,1.30553312624641,344.477228633357,15.8028844373325,20.9555834373625,0.0684796143861009,0.00766997113424861,92.9999447443748,0.054823499271228,0.0855373635175848
"262",44,"Gossas","fertilized",4,NA,"s2",10.8370342313828,0.757624748318682,344.477228633357,9.44479483283334,12.4345010146644,0.0230652231739807,0.00397353664142969,92.9999447443748,0.0163826706337816,0.0324736138544181
"263",44,"Gossas","fertilized",20,NA,"s3",10.8370342313828,0.757624748318682,344.477228633357,9.44479483283334,12.4345010146644,0.0230652231739807,0.00397353664142969,92.9999447443748,0.0163826706337816,0.0324736138544181
"264",44,"Gossas","fertilized",NA,NA,"s4",10.8370342313828,0.757624748318682,344.477228633357,9.44479483283334,12.4345010146644,0.0230652231739807,0.00397353664142969,92.9999447443748,0.0163826706337816,0.0324736138544181
"265",45,"Gossas","control",NA,NA,"s2",18.1977653402147,1.30553312624641,344.477228633357,15.8028844373325,20.9555834373625,0.0684796143861009,0.00766997113424861,92.9999447443748,0.054823499271228,0.0855373635175848
"266",45,"Gossas","control",NA,NA,"s3",18.1977653402147,1.30553312624641,344.477228633357,15.8028844373325,20.9555834373625,0.0684796143861009,0.00766997113424861,92.9999447443748,0.054823499271228,0.0855373635175848
"267",45,"Gossas","control",NA,NA,"s4",18.1977653402147,1.30553312624641,344.477228633357,15.8028844373325,20.9555834373625,0.0684796143861009,0.00766997113424861,92.9999447443748,0.054823499271228,0.0855373635175848
"268",45,"Gossas","fertilized",NA,NA,"s2",10.8370342313828,0.757624748318682,344.477228633357,9.44479483283334,12.4345010146644,0.0230652231739807,0.00397353664142969,92.9999447443748,0.0163826706337816,0.0324736138544181
"269",45,"Gossas","fertilized",NA,NA,"s3",10.8370342313828,0.757624748318682,344.477228633357,9.44479483283334,12.4345010146644,0.0230652231739807,0.00397353664142969,92.9999447443748,0.0163826706337816,0.0324736138544181
"270",45,"Gossas","fertilized",NA,NA,"s4",10.8370342313828,0.757624748318682,344.477228633357,9.44479483283334,12.4345010146644,0.0230652231739807,0.00397353664142969,92.9999447443748,0.0163826706337816,0.0324736138544181
"271",46,"Gossas","control",13,0.0425,"s2",18.1977653402147,1.30553312624641,344.477228633357,15.8028844373325,20.9555834373625,0.0684796143861009,0.00766997113424861,92.9999447443748,0.054823499271228,0.0855373635175848
"272",46,"Gossas","control",14,NA,"s3",18.1977653402147,1.30553312624641,344.477228633357,15.8028844373325,20.9555834373625,0.0684796143861009,0.00766997113424861,92.9999447443748,0.054823499271228,0.0855373635175848
"273",46,"Gossas","control",NA,NA,"s4",18.1977653402147,1.30553312624641,344.477228633357,15.8028844373325,20.9555834373625,0.0684796143861009,0.00766997113424861,92.9999447443748,0.054823499271228,0.0855373635175848
"274",46,"Gossas","fertilized",9,0.0085,"s2",10.8370342313828,0.757624748318682,344.477228633357,9.44479483283334,12.4345010146644,0.0230652231739807,0.00397353664142969,92.9999447443748,0.0163826706337816,0.0324736138544181
"275",46,"Gossas","fertilized",3,NA,"s3",10.8370342313828,0.757624748318682,344.477228633357,9.44479483283334,12.4345010146644,0.0230652231739807,0.00397353664142969,92.9999447443748,0.0163826706337816,0.0324736138544181
"276",46,"Gossas","fertilized",NA,NA,"s4",10.8370342313828,0.757624748318682,344.477228633357,9.44479483283334,12.4345010146644,0.0230652231739807,0.00397353664142969,92.9999447443748,0.0163826706337816,0.0324736138544181
"277",47,"Gossas","control",14,NA,"s2",18.1977653402147,1.30553312624641,344.477228633357,15.8028844373325,20.9555834373625,0.0684796143861009,0.00766997113424861,92.9999447443748,0.054823499271228,0.0855373635175848
"278",47,"Gossas","control",NA,NA,"s3",18.1977653402147,1.30553312624641,344.477228633357,15.8028844373325,20.9555834373625,0.0684796143861009,0.00766997113424861,92.9999447443748,0.054823499271228,0.0855373635175848
"279",47,"Gossas","control",NA,NA,"s4",18.1977653402147,1.30553312624641,344.477228633357,15.8028844373325,20.9555834373625,0.0684796143861009,0.00766997113424861,92.9999447443748,0.054823499271228,0.0855373635175848
"280",47,"Gossas","fertilized",13,NA,"s2",10.8370342313828,0.757624748318682,344.477228633357,9.44479483283334,12.4345010146644,0.0230652231739807,0.00397353664142969,92.9999447443748,0.0163826706337816,0.0324736138544181
"281",47,"Gossas","fertilized",NA,NA,"s3",10.8370342313828,0.757624748318682,344.477228633357,9.44479483283334,12.4345010146644,0.0230652231739807,0.00397353664142969,92.9999447443748,0.0163826706337816,0.0324736138544181
"282",47,"Gossas","fertilized",NA,NA,"s4",10.8370342313828,0.757624748318682,344.477228633357,9.44479483283334,12.4345010146644,0.0230652231739807,0.00397353664142969,92.9999447443748,0.0163826706337816,0.0324736138544181
"283",48,"Gossas","control",9,NA,"s2",18.1977653402147,1.30553312624641,344.477228633357,15.8028844373325,20.9555834373625,0.0684796143861009,0.00766997113424861,92.9999447443748,0.054823499271228,0.0855373635175848
"284",48,"Gossas","control",31,NA,"s3",18.1977653402147,1.30553312624641,344.477228633357,15.8028844373325,20.9555834373625,0.0684796143861009,0.00766997113424861,92.9999447443748,0.054823499271228,0.0855373635175848
"285",48,"Gossas","control",NA,NA,"s4",18.1977653402147,1.30553312624641,344.477228633357,15.8028844373325,20.9555834373625,0.0684796143861009,0.00766997113424861,92.9999447443748,0.054823499271228,0.0855373635175848
"286",48,"Gossas","fertilized",10,NA,"s2",10.8370342313828,0.757624748318682,344.477228633357,9.44479483283334,12.4345010146644,0.0230652231739807,0.00397353664142969,92.9999447443748,0.0163826706337816,0.0324736138544181
"287",48,"Gossas","fertilized",20,NA,"s3",10.8370342313828,0.757624748318682,344.477228633357,9.44479483283334,12.4345010146644,0.0230652231739807,0.00397353664142969,92.9999447443748,0.0163826706337816,0.0324736138544181
"288",48,"Gossas","fertilized",NA,NA,"s4",10.8370342313828,0.757624748318682,344.477228633357,9.44479483283334,12.4345010146644,0.0230652231739807,0.00397353664142969,92.9999447443748,0.0163826706337816,0.0324736138544181
"289",49,"Gossas","control",20,0.085,"s2",18.1977653402147,1.30553312624641,344.477228633357,15.8028844373325,20.9555834373625,0.0684796143861009,0.00766997113424861,92.9999447443748,0.054823499271228,0.0855373635175848
"290",49,"Gossas","control",19,NA,"s3",18.1977653402147,1.30553312624641,344.477228633357,15.8028844373325,20.9555834373625,0.0684796143861009,0.00766997113424861,92.9999447443748,0.054823499271228,0.0855373635175848
"291",49,"Gossas","control",NA,NA,"s4",18.1977653402147,1.30553312624641,344.477228633357,15.8028844373325,20.9555834373625,0.0684796143861009,0.00766997113424861,92.9999447443748,0.054823499271228,0.0855373635175848
"292",49,"Gossas","fertilized",7,0.0425,"s2",10.8370342313828,0.757624748318682,344.477228633357,9.44479483283334,12.4345010146644,0.0230652231739807,0.00397353664142969,92.9999447443748,0.0163826706337816,0.0324736138544181
"293",49,"Gossas","fertilized",5,NA,"s3",10.8370342313828,0.757624748318682,344.477228633357,9.44479483283334,12.4345010146644,0.0230652231739807,0.00397353664142969,92.9999447443748,0.0163826706337816,0.0324736138544181
"294",49,"Gossas","fertilized",NA,NA,"s4",10.8370342313828,0.757624748318682,344.477228633357,9.44479483283334,12.4345010146644,0.0230652231739807,0.00397353664142969,92.9999447443748,0.0163826706337816,0.0324736138544181
"295",50,"Gossas","control",20,0.1275,"s2",18.1977653402147,1.30553312624641,344.477228633357,15.8028844373325,20.9555834373625,0.0684796143861009,0.00766997113424861,92.9999447443748,0.054823499271228,0.0855373635175848
"296",50,"Gossas","control",19,NA,"s3",18.1977653402147,1.30553312624641,344.477228633357,15.8028844373325,20.9555834373625,0.0684796143861009,0.00766997113424861,92.9999447443748,0.054823499271228,0.0855373635175848
"297",50,"Gossas","control",NA,NA,"s4",18.1977653402147,1.30553312624641,344.477228633357,15.8028844373325,20.9555834373625,0.0684796143861009,0.00766997113424861,92.9999447443748,0.054823499271228,0.0855373635175848
"298",50,"Gossas","fertilized",3,0.0085,"s2",10.8370342313828,0.757624748318682,344.477228633357,9.44479483283334,12.4345010146644,0.0230652231739807,0.00397353664142969,92.9999447443748,0.0163826706337816,0.0324736138544181
"299",50,"Gossas","fertilized",3,NA,"s3",10.8370342313828,0.757624748318682,344.477228633357,9.44479483283334,12.4345010146644,0.0230652231739807,0.00397353664142969,92.9999447443748,0.0163826706337816,0.0324736138544181
"300",50,"Gossas","fertilized",NA,NA,"s4",10.8370342313828,0.757624748318682,344.477228633357,9.44479483283334,12.4345010146644,0.0230652231739807,0.00397353664142969,92.9999447443748,0.0163826706337816,0.0324736138544181
"301",51,"Gniby","control",3,NA,"s2",18.1977653402147,1.30553312624641,344.477228633357,15.8028844373325,20.9555834373625,0.0684796143861009,0.00766997113424861,92.9999447443748,0.054823499271228,0.0855373635175848
"302",51,"Gniby","control",10,NA,"s3",18.1977653402147,1.30553312624641,344.477228633357,15.8028844373325,20.9555834373625,0.0684796143861009,0.00766997113424861,92.9999447443748,0.054823499271228,0.0855373635175848
"303",51,"Gniby","control",NA,NA,"s4",18.1977653402147,1.30553312624641,344.477228633357,15.8028844373325,20.9555834373625,0.0684796143861009,0.00766997113424861,92.9999447443748,0.054823499271228,0.0855373635175848
"304",51,"Gniby","fertilized",3,NA,"s2",10.8370342313828,0.757624748318682,344.477228633357,9.44479483283334,12.4345010146644,0.0230652231739807,0.00397353664142969,92.9999447443748,0.0163826706337816,0.0324736138544181
"305",51,"Gniby","fertilized",5,NA,"s3",10.8370342313828,0.757624748318682,344.477228633357,9.44479483283334,12.4345010146644,0.0230652231739807,0.00397353664142969,92.9999447443748,0.0163826706337816,0.0324736138544181
"306",51,"Gniby","fertilized",NA,NA,"s4",10.8370342313828,0.757624748318682,344.477228633357,9.44479483283334,12.4345010146644,0.0230652231739807,0.00397353664142969,92.9999447443748,0.0163826706337816,0.0324736138544181
"307",52,"Gniby","control",21,0.09,"s2",18.1977653402147,1.30553312624641,344.477228633357,15.8028844373325,20.9555834373625,0.0684796143861009,0.00766997113424861,92.9999447443748,0.054823499271228,0.0855373635175848
"308",52,"Gniby","control",38,NA,"s3",18.1977653402147,1.30553312624641,344.477228633357,15.8028844373325,20.9555834373625,0.0684796143861009,0.00766997113424861,92.9999447443748,0.054823499271228,0.0855373635175848
"309",52,"Gniby","control",NA,NA,"s4",18.1977653402147,1.30553312624641,344.477228633357,15.8028844373325,20.9555834373625,0.0684796143861009,0.00766997113424861,92.9999447443748,0.054823499271228,0.0855373635175848
"310",52,"Gniby","fertilized",6,0.027,"s2",10.8370342313828,0.757624748318682,344.477228633357,9.44479483283334,12.4345010146644,0.0230652231739807,0.00397353664142969,92.9999447443748,0.0163826706337816,0.0324736138544181
"311",52,"Gniby","fertilized",9,NA,"s3",10.8370342313828,0.757624748318682,344.477228633357,9.44479483283334,12.4345010146644,0.0230652231739807,0.00397353664142969,92.9999447443748,0.0163826706337816,0.0324736138544181
"312",52,"Gniby","fertilized",NA,NA,"s4",10.8370342313828,0.757624748318682,344.477228633357,9.44479483283334,12.4345010146644,0.0230652231739807,0.00397353664142969,92.9999447443748,0.0163826706337816,0.0324736138544181
"313",53,"Gniby","control",12,NA,"s2",18.1977653402147,1.30553312624641,344.477228633357,15.8028844373325,20.9555834373625,0.0684796143861009,0.00766997113424861,92.9999447443748,0.054823499271228,0.0855373635175848
"314",53,"Gniby","control",5,NA,"s3",18.1977653402147,1.30553312624641,344.477228633357,15.8028844373325,20.9555834373625,0.0684796143861009,0.00766997113424861,92.9999447443748,0.054823499271228,0.0855373635175848
"315",53,"Gniby","control",NA,NA,"s4",18.1977653402147,1.30553312624641,344.477228633357,15.8028844373325,20.9555834373625,0.0684796143861009,0.00766997113424861,92.9999447443748,0.054823499271228,0.0855373635175848
"316",53,"Gniby","fertilized",10,NA,"s2",10.8370342313828,0.757624748318682,344.477228633357,9.44479483283334,12.4345010146644,0.0230652231739807,0.00397353664142969,92.9999447443748,0.0163826706337816,0.0324736138544181
"317",53,"Gniby","fertilized",11,NA,"s3",10.8370342313828,0.757624748318682,344.477228633357,9.44479483283334,12.4345010146644,0.0230652231739807,0.00397353664142969,92.9999447443748,0.0163826706337816,0.0324736138544181
"318",53,"Gniby","fertilized",NA,NA,"s4",10.8370342313828,0.757624748318682,344.477228633357,9.44479483283334,12.4345010146644,0.0230652231739807,0.00397353664142969,92.9999447443748,0.0163826706337816,0.0324736138544181
"319",54,"Gniby","control",14,NA,"s2",18.1977653402147,1.30553312624641,344.477228633357,15.8028844373325,20.9555834373625,0.0684796143861009,0.00766997113424861,92.9999447443748,0.054823499271228,0.0855373635175848
"320",54,"Gniby","control",15,0.09,"s3",18.1977653402147,1.30553312624641,344.477228633357,15.8028844373325,20.9555834373625,0.0684796143861009,0.00766997113424861,92.9999447443748,0.054823499271228,0.0855373635175848
"321",54,"Gniby","control",NA,NA,"s4",18.1977653402147,1.30553312624641,344.477228633357,15.8028844373325,20.9555834373625,0.0684796143861009,0.00766997113424861,92.9999447443748,0.054823499271228,0.0855373635175848
"322",54,"Gniby","fertilized",3,NA,"s2",10.8370342313828,0.757624748318682,344.477228633357,9.44479483283334,12.4345010146644,0.0230652231739807,0.00397353664142969,92.9999447443748,0.0163826706337816,0.0324736138544181
"323",54,"Gniby","fertilized",4,0.009,"s3",10.8370342313828,0.757624748318682,344.477228633357,9.44479483283334,12.4345010146644,0.0230652231739807,0.00397353664142969,92.9999447443748,0.0163826706337816,0.0324736138544181
"324",54,"Gniby","fertilized",NA,NA,"s4",10.8370342313828,0.757624748318682,344.477228633357,9.44479483283334,12.4345010146644,0.0230652231739807,0.00397353664142969,92.9999447443748,0.0163826706337816,0.0324736138544181
"325",55,"Gniby","control",NA,NA,"s2",18.1977653402147,1.30553312624641,344.477228633357,15.8028844373325,20.9555834373625,0.0684796143861009,0.00766997113424861,92.9999447443748,0.054823499271228,0.0855373635175848
"326",55,"Gniby","control",NA,NA,"s3",18.1977653402147,1.30553312624641,344.477228633357,15.8028844373325,20.9555834373625,0.0684796143861009,0.00766997113424861,92.9999447443748,0.054823499271228,0.0855373635175848
"327",55,"Gniby","control",NA,NA,"s4",18.1977653402147,1.30553312624641,344.477228633357,15.8028844373325,20.9555834373625,0.0684796143861009,0.00766997113424861,92.9999447443748,0.054823499271228,0.0855373635175848
"328",55,"Gniby","fertilized",NA,NA,"s2",10.8370342313828,0.757624748318682,344.477228633357,9.44479483283334,12.4345010146644,0.0230652231739807,0.00397353664142969,92.9999447443748,0.0163826706337816,0.0324736138544181
"329",55,"Gniby","fertilized",NA,NA,"s3",10.8370342313828,0.757624748318682,344.477228633357,9.44479483283334,12.4345010146644,0.0230652231739807,0.00397353664142969,92.9999447443748,0.0163826706337816,0.0324736138544181
"330",55,"Gniby","fertilized",NA,NA,"s4",10.8370342313828,0.757624748318682,344.477228633357,9.44479483283334,12.4345010146644,0.0230652231739807,0.00397353664142969,92.9999447443748,0.0163826706337816,0.0324736138544181
"331",56,"Gniby","control",5,NA,"s2",18.1977653402147,1.30553312624641,344.477228633357,15.8028844373325,20.9555834373625,0.0684796143861009,0.00766997113424861,92.9999447443748,0.054823499271228,0.0855373635175848
"332",56,"Gniby","control",16,0.135,"s3",18.1977653402147,1.30553312624641,344.477228633357,15.8028844373325,20.9555834373625,0.0684796143861009,0.00766997113424861,92.9999447443748,0.054823499271228,0.0855373635175848
"333",56,"Gniby","control",NA,NA,"s4",18.1977653402147,1.30553312624641,344.477228633357,15.8028844373325,20.9555834373625,0.0684796143861009,0.00766997113424861,92.9999447443748,0.054823499271228,0.0855373635175848
"334",56,"Gniby","fertilized",37,NA,"s2",10.8370342313828,0.757624748318682,344.477228633357,9.44479483283334,12.4345010146644,0.0230652231739807,0.00397353664142969,92.9999447443748,0.0163826706337816,0.0324736138544181
"335",56,"Gniby","fertilized",4,0,"s3",10.8370342313828,0.757624748318682,344.477228633357,9.44479483283334,12.4345010146644,0.0230652231739807,0.00397353664142969,92.9999447443748,0.0163826706337816,0.0324736138544181
"336",56,"Gniby","fertilized",NA,NA,"s4",10.8370342313828,0.757624748318682,344.477228633357,9.44479483283334,12.4345010146644,0.0230652231739807,0.00397353664142969,92.9999447443748,0.0163826706337816,0.0324736138544181
"337",57,"Gniby","control",17,NA,"s2",18.1977653402147,1.30553312624641,344.477228633357,15.8028844373325,20.9555834373625,0.0684796143861009,0.00766997113424861,92.9999447443748,0.054823499271228,0.0855373635175848
"338",57,"Gniby","control",16,NA,"s3",18.1977653402147,1.30553312624641,344.477228633357,15.8028844373325,20.9555834373625,0.0684796143861009,0.00766997113424861,92.9999447443748,0.054823499271228,0.0855373635175848
"339",57,"Gniby","control",NA,NA,"s4",18.1977653402147,1.30553312624641,344.477228633357,15.8028844373325,20.9555834373625,0.0684796143861009,0.00766997113424861,92.9999447443748,0.054823499271228,0.0855373635175848
"340",57,"Gniby","fertilized",23,NA,"s2",10.8370342313828,0.757624748318682,344.477228633357,9.44479483283334,12.4345010146644,0.0230652231739807,0.00397353664142969,92.9999447443748,0.0163826706337816,0.0324736138544181
"341",57,"Gniby","fertilized",13,NA,"s3",10.8370342313828,0.757624748318682,344.477228633357,9.44479483283334,12.4345010146644,0.0230652231739807,0.00397353664142969,92.9999447443748,0.0163826706337816,0.0324736138544181
"342",57,"Gniby","fertilized",NA,NA,"s4",10.8370342313828,0.757624748318682,344.477228633357,9.44479483283334,12.4345010146644,0.0230652231739807,0.00397353664142969,92.9999447443748,0.0163826706337816,0.0324736138544181
"343",58,"Gniby","control",NA,NA,"s2",18.1977653402147,1.30553312624641,344.477228633357,15.8028844373325,20.9555834373625,0.0684796143861009,0.00766997113424861,92.9999447443748,0.054823499271228,0.0855373635175848
"344",58,"Gniby","control",NA,NA,"s3",18.1977653402147,1.30553312624641,344.477228633357,15.8028844373325,20.9555834373625,0.0684796143861009,0.00766997113424861,92.9999447443748,0.054823499271228,0.0855373635175848
"345",58,"Gniby","control",NA,NA,"s4",18.1977653402147,1.30553312624641,344.477228633357,15.8028844373325,20.9555834373625,0.0684796143861009,0.00766997113424861,92.9999447443748,0.054823499271228,0.0855373635175848
"346",58,"Gniby","fertilized",6,NA,"s2",10.8370342313828,0.757624748318682,344.477228633357,9.44479483283334,12.4345010146644,0.0230652231739807,0.00397353664142969,92.9999447443748,0.0163826706337816,0.0324736138544181
"347",58,"Gniby","fertilized",14,NA,"s3",10.8370342313828,0.757624748318682,344.477228633357,9.44479483283334,12.4345010146644,0.0230652231739807,0.00397353664142969,92.9999447443748,0.0163826706337816,0.0324736138544181
"348",58,"Gniby","fertilized",NA,NA,"s4",10.8370342313828,0.757624748318682,344.477228633357,9.44479483283334,12.4345010146644,0.0230652231739807,0.00397353664142969,92.9999447443748,0.0163826706337816,0.0324736138544181
"349",59,"Gniby","control",4,NA,"s2",18.1977653402147,1.30553312624641,344.477228633357,15.8028844373325,20.9555834373625,0.0684796143861009,0.00766997113424861,92.9999447443748,0.054823499271228,0.0855373635175848
"350",59,"Gniby","control",7,NA,"s3",18.1977653402147,1.30553312624641,344.477228633357,15.8028844373325,20.9555834373625,0.0684796143861009,0.00766997113424861,92.9999447443748,0.054823499271228,0.0855373635175848
"351",59,"Gniby","control",NA,NA,"s4",18.1977653402147,1.30553312624641,344.477228633357,15.8028844373325,20.9555834373625,0.0684796143861009,0.00766997113424861,92.9999447443748,0.054823499271228,0.0855373635175848
"352",59,"Gniby","fertilized",14,NA,"s2",10.8370342313828,0.757624748318682,344.477228633357,9.44479483283334,12.4345010146644,0.0230652231739807,0.00397353664142969,92.9999447443748,0.0163826706337816,0.0324736138544181
"353",59,"Gniby","fertilized",6,NA,"s3",10.8370342313828,0.757624748318682,344.477228633357,9.44479483283334,12.4345010146644,0.0230652231739807,0.00397353664142969,92.9999447443748,0.0163826706337816,0.0324736138544181
"354",59,"Gniby","fertilized",NA,NA,"s4",10.8370342313828,0.757624748318682,344.477228633357,9.44479483283334,12.4345010146644,0.0230652231739807,0.00397353664142969,92.9999447443748,0.0163826706337816,0.0324736138544181
"355",60,"Gniby","control",7,0,"s2",18.1977653402147,1.30553312624641,344.477228633357,15.8028844373325,20.9555834373625,0.0684796143861009,0.00766997113424861,92.9999447443748,0.054823499271228,0.0855373635175848
"356",60,"Gniby","control",10,NA,"s3",18.1977653402147,1.30553312624641,344.477228633357,15.8028844373325,20.9555834373625,0.0684796143861009,0.00766997113424861,92.9999447443748,0.054823499271228,0.0855373635175848
"357",60,"Gniby","control",NA,NA,"s4",18.1977653402147,1.30553312624641,344.477228633357,15.8028844373325,20.9555834373625,0.0684796143861009,0.00766997113424861,92.9999447443748,0.054823499271228,0.0855373635175848
"358",60,"Gniby","fertilized",2,0,"s2",10.8370342313828,0.757624748318682,344.477228633357,9.44479483283334,12.4345010146644,0.0230652231739807,0.00397353664142969,92.9999447443748,0.0163826706337816,0.0324736138544181
"359",60,"Gniby","fertilized",3,NA,"s3",10.8370342313828,0.757624748318682,344.477228633357,9.44479483283334,12.4345010146644,0.0230652231739807,0.00397353664142969,92.9999447443748,0.0163826706337816,0.0324736138544181
"360",60,"Gniby","fertilized",NA,NA,"s4",10.8370342313828,0.757624748318682,344.477228633357,9.44479483283334,12.4345010146644,0.0230652231739807,0.00397353664142969,92.9999447443748,0.0163826706337816,0.0324736138544181
"361",61,"Gniby","control",30,NA,"s2",18.1977653402147,1.30553312624641,344.477228633357,15.8028844373325,20.9555834373625,0.0684796143861009,0.00766997113424861,92.9999447443748,0.054823499271228,0.0855373635175848
"362",61,"Gniby","control",48,0.135,"s3",18.1977653402147,1.30553312624641,344.477228633357,15.8028844373325,20.9555834373625,0.0684796143861009,0.00766997113424861,92.9999447443748,0.054823499271228,0.0855373635175848
"363",61,"Gniby","control",NA,NA,"s4",18.1977653402147,1.30553312624641,344.477228633357,15.8028844373325,20.9555834373625,0.0684796143861009,0.00766997113424861,92.9999447443748,0.054823499271228,0.0855373635175848
"364",61,"Gniby","fertilized",12,NA,"s2",10.8370342313828,0.757624748318682,344.477228633357,9.44479483283334,12.4345010146644,0.0230652231739807,0.00397353664142969,92.9999447443748,0.0163826706337816,0.0324736138544181
"365",61,"Gniby","fertilized",23,0.045,"s3",10.8370342313828,0.757624748318682,344.477228633357,9.44479483283334,12.4345010146644,0.0230652231739807,0.00397353664142969,92.9999447443748,0.0163826706337816,0.0324736138544181
"366",61,"Gniby","fertilized",NA,NA,"s4",10.8370342313828,0.757624748318682,344.477228633357,9.44479483283334,12.4345010146644,0.0230652231739807,0.00397353664142969,92.9999447443748,0.0163826706337816,0.0324736138544181
"367",62,"Gniby","control",28,NA,"s2",18.1977653402147,1.30553312624641,344.477228633357,15.8028844373325,20.9555834373625,0.0684796143861009,0.00766997113424861,92.9999447443748,0.054823499271228,0.0855373635175848
"368",62,"Gniby","control",27,0.09,"s3",18.1977653402147,1.30553312624641,344.477228633357,15.8028844373325,20.9555834373625,0.0684796143861009,0.00766997113424861,92.9999447443748,0.054823499271228,0.0855373635175848
"369",62,"Gniby","control",NA,NA,"s4",18.1977653402147,1.30553312624641,344.477228633357,15.8028844373325,20.9555834373625,0.0684796143861009,0.00766997113424861,92.9999447443748,0.054823499271228,0.0855373635175848
"370",62,"Gniby","fertilized",19,NA,"s2",10.8370342313828,0.757624748318682,344.477228633357,9.44479483283334,12.4345010146644,0.0230652231739807,0.00397353664142969,92.9999447443748,0.0163826706337816,0.0324736138544181
"371",62,"Gniby","fertilized",13,0.045,"s3",10.8370342313828,0.757624748318682,344.477228633357,9.44479483283334,12.4345010146644,0.0230652231739807,0.00397353664142969,92.9999447443748,0.0163826706337816,0.0324736138544181
"372",62,"Gniby","fertilized",NA,NA,"s4",10.8370342313828,0.757624748318682,344.477228633357,9.44479483283334,12.4345010146644,0.0230652231739807,0.00397353664142969,92.9999447443748,0.0163826706337816,0.0324736138544181
"373",63,"Gniby","control",22,0.045,"s2",18.1977653402147,1.30553312624641,344.477228633357,15.8028844373325,20.9555834373625,0.0684796143861009,0.00766997113424861,92.9999447443748,0.054823499271228,0.0855373635175848
"374",63,"Gniby","control",NA,NA,"s3",18.1977653402147,1.30553312624641,344.477228633357,15.8028844373325,20.9555834373625,0.0684796143861009,0.00766997113424861,92.9999447443748,0.054823499271228,0.0855373635175848
"375",63,"Gniby","control",NA,NA,"s4",18.1977653402147,1.30553312624641,344.477228633357,15.8028844373325,20.9555834373625,0.0684796143861009,0.00766997113424861,92.9999447443748,0.054823499271228,0.0855373635175848
"376",63,"Gniby","fertilized",15,0.009,"s2",10.8370342313828,0.757624748318682,344.477228633357,9.44479483283334,12.4345010146644,0.0230652231739807,0.00397353664142969,92.9999447443748,0.0163826706337816,0.0324736138544181
"377",63,"Gniby","fertilized",NA,NA,"s3",10.8370342313828,0.757624748318682,344.477228633357,9.44479483283334,12.4345010146644,0.0230652231739807,0.00397353664142969,92.9999447443748,0.0163826706337816,0.0324736138544181
"378",63,"Gniby","fertilized",NA,NA,"s4",10.8370342313828,0.757624748318682,344.477228633357,9.44479483283334,12.4345010146644,0.0230652231739807,0.00397353664142969,92.9999447443748,0.0163826706337816,0.0324736138544181
"379",64,"Gniby","control",19,NA,"s2",18.1977653402147,1.30553312624641,344.477228633357,15.8028844373325,20.9555834373625,0.0684796143861009,0.00766997113424861,92.9999447443748,0.054823499271228,0.0855373635175848
"380",64,"Gniby","control",41,NA,"s3",18.1977653402147,1.30553312624641,344.477228633357,15.8028844373325,20.9555834373625,0.0684796143861009,0.00766997113424861,92.9999447443748,0.054823499271228,0.0855373635175848
"381",64,"Gniby","control",NA,NA,"s4",18.1977653402147,1.30553312624641,344.477228633357,15.8028844373325,20.9555834373625,0.0684796143861009,0.00766997113424861,92.9999447443748,0.054823499271228,0.0855373635175848
"382",64,"Gniby","fertilized",5,NA,"s2",10.8370342313828,0.757624748318682,344.477228633357,9.44479483283334,12.4345010146644,0.0230652231739807,0.00397353664142969,92.9999447443748,0.0163826706337816,0.0324736138544181
"383",64,"Gniby","fertilized",26,NA,"s3",10.8370342313828,0.757624748318682,344.477228633357,9.44479483283334,12.4345010146644,0.0230652231739807,0.00397353664142969,92.9999447443748,0.0163826706337816,0.0324736138544181
"384",64,"Gniby","fertilized",NA,NA,"s4",10.8370342313828,0.757624748318682,344.477228633357,9.44479483283334,12.4345010146644,0.0230652231739807,0.00397353664142969,92.9999447443748,0.0163826706337816,0.0324736138544181
"385",65,"Gniby","control",25,NA,"s2",18.1977653402147,1.30553312624641,344.477228633357,15.8028844373325,20.9555834373625,0.0684796143861009,0.00766997113424861,92.9999447443748,0.054823499271228,0.0855373635175848
"386",65,"Gniby","control",13,NA,"s3",18.1977653402147,1.30553312624641,344.477228633357,15.8028844373325,20.9555834373625,0.0684796143861009,0.00766997113424861,92.9999447443748,0.054823499271228,0.0855373635175848
"387",65,"Gniby","control",NA,NA,"s4",18.1977653402147,1.30553312624641,344.477228633357,15.8028844373325,20.9555834373625,0.0684796143861009,0.00766997113424861,92.9999447443748,0.054823499271228,0.0855373635175848
"388",65,"Gniby","fertilized",10,NA,"s2",10.8370342313828,0.757624748318682,344.477228633357,9.44479483283334,12.4345010146644,0.0230652231739807,0.00397353664142969,92.9999447443748,0.0163826706337816,0.0324736138544181
"389",65,"Gniby","fertilized",4,NA,"s3",10.8370342313828,0.757624748318682,344.477228633357,9.44479483283334,12.4345010146644,0.0230652231739807,0.00397353664142969,92.9999447443748,0.0163826706337816,0.0324736138544181
"390",65,"Gniby","fertilized",NA,NA,"s4",10.8370342313828,0.757624748318682,344.477228633357,9.44479483283334,12.4345010146644,0.0230652231739807,0.00397353664142969,92.9999447443748,0.0163826706337816,0.0324736138544181
"391",66,"Gniby","control",NA,NA,"s2",18.1977653402147,1.30553312624641,344.477228633357,15.8028844373325,20.9555834373625,0.0684796143861009,0.00766997113424861,92.9999447443748,0.054823499271228,0.0855373635175848
"392",66,"Gniby","control",NA,NA,"s3",18.1977653402147,1.30553312624641,344.477228633357,15.8028844373325,20.9555834373625,0.0684796143861009,0.00766997113424861,92.9999447443748,0.054823499271228,0.0855373635175848
"393",66,"Gniby","control",NA,NA,"s4",18.1977653402147,1.30553312624641,344.477228633357,15.8028844373325,20.9555834373625,0.0684796143861009,0.00766997113424861,92.9999447443748,0.054823499271228,0.0855373635175848
"394",66,"Gniby","fertilized",11,NA,"s2",10.8370342313828,0.757624748318682,344.477228633357,9.44479483283334,12.4345010146644,0.0230652231739807,0.00397353664142969,92.9999447443748,0.0163826706337816,0.0324736138544181
"395",66,"Gniby","fertilized",10,NA,"s3",10.8370342313828,0.757624748318682,344.477228633357,9.44479483283334,12.4345010146644,0.0230652231739807,0.00397353664142969,92.9999447443748,0.0163826706337816,0.0324736138544181
"396",66,"Gniby","fertilized",NA,NA,"s4",10.8370342313828,0.757624748318682,344.477228633357,9.44479483283334,12.4345010146644,0.0230652231739807,0.00397353664142969,92.9999447443748,0.0163826706337816,0.0324736138544181
"397",67,"Gniby","control",15,NA,"s2",18.1977653402147,1.30553312624641,344.477228633357,15.8028844373325,20.9555834373625,0.0684796143861009,0.00766997113424861,92.9999447443748,0.054823499271228,0.0855373635175848
"398",67,"Gniby","control",16,NA,"s3",18.1977653402147,1.30553312624641,344.477228633357,15.8028844373325,20.9555834373625,0.0684796143861009,0.00766997113424861,92.9999447443748,0.054823499271228,0.0855373635175848
"399",67,"Gniby","control",NA,NA,"s4",18.1977653402147,1.30553312624641,344.477228633357,15.8028844373325,20.9555834373625,0.0684796143861009,0.00766997113424861,92.9999447443748,0.054823499271228,0.0855373635175848
"400",67,"Gniby","fertilized",5,NA,"s2",10.8370342313828,0.757624748318682,344.477228633357,9.44479483283334,12.4345010146644,0.0230652231739807,0.00397353664142969,92.9999447443748,0.0163826706337816,0.0324736138544181
"401",67,"Gniby","fertilized",13,NA,"s3",10.8370342313828,0.757624748318682,344.477228633357,9.44479483283334,12.4345010146644,0.0230652231739807,0.00397353664142969,92.9999447443748,0.0163826706337816,0.0324736138544181
"402",67,"Gniby","fertilized",NA,NA,"s4",10.8370342313828,0.757624748318682,344.477228633357,9.44479483283334,12.4345010146644,0.0230652231739807,0.00397353664142969,92.9999447443748,0.0163826706337816,0.0324736138544181
"403",68,"Gniby","control",16,0.027,"s2",18.1977653402147,1.30553312624641,344.477228633357,15.8028844373325,20.9555834373625,0.0684796143861009,0.00766997113424861,92.9999447443748,0.054823499271228,0.0855373635175848
"404",68,"Gniby","control",22,NA,"s3",18.1977653402147,1.30553312624641,344.477228633357,15.8028844373325,20.9555834373625,0.0684796143861009,0.00766997113424861,92.9999447443748,0.054823499271228,0.0855373635175848
"405",68,"Gniby","control",NA,NA,"s4",18.1977653402147,1.30553312624641,344.477228633357,15.8028844373325,20.9555834373625,0.0684796143861009,0.00766997113424861,92.9999447443748,0.054823499271228,0.0855373635175848
"406",68,"Gniby","fertilized",3,0,"s2",10.8370342313828,0.757624748318682,344.477228633357,9.44479483283334,12.4345010146644,0.0230652231739807,0.00397353664142969,92.9999447443748,0.0163826706337816,0.0324736138544181
"407",68,"Gniby","fertilized",8,NA,"s3",10.8370342313828,0.757624748318682,344.477228633357,9.44479483283334,12.4345010146644,0.0230652231739807,0.00397353664142969,92.9999447443748,0.0163826706337816,0.0324736138544181
"408",68,"Gniby","fertilized",NA,NA,"s4",10.8370342313828,0.757624748318682,344.477228633357,9.44479483283334,12.4345010146644,0.0230652231739807,0.00397353664142969,92.9999447443748,0.0163826706337816,0.0324736138544181
"409",69,"Gniby","control",14,NA,"s2",18.1977653402147,1.30553312624641,344.477228633357,15.8028844373325,20.9555834373625,0.0684796143861009,0.00766997113424861,92.9999447443748,0.054823499271228,0.0855373635175848
"410",69,"Gniby","control",7,NA,"s3",18.1977653402147,1.30553312624641,344.477228633357,15.8028844373325,20.9555834373625,0.0684796143861009,0.00766997113424861,92.9999447443748,0.054823499271228,0.0855373635175848
"411",69,"Gniby","control",NA,NA,"s4",18.1977653402147,1.30553312624641,344.477228633357,15.8028844373325,20.9555834373625,0.0684796143861009,0.00766997113424861,92.9999447443748,0.054823499271228,0.0855373635175848
"412",69,"Gniby","fertilized",12,NA,"s2",10.8370342313828,0.757624748318682,344.477228633357,9.44479483283334,12.4345010146644,0.0230652231739807,0.00397353664142969,92.9999447443748,0.0163826706337816,0.0324736138544181
"413",69,"Gniby","fertilized",5,NA,"s3",10.8370342313828,0.757624748318682,344.477228633357,9.44479483283334,12.4345010146644,0.0230652231739807,0.00397353664142969,92.9999447443748,0.0163826706337816,0.0324736138544181
"414",69,"Gniby","fertilized",NA,NA,"s4",10.8370342313828,0.757624748318682,344.477228633357,9.44479483283334,12.4345010146644,0.0230652231739807,0.00397353664142969,92.9999447443748,0.0163826706337816,0.0324736138544181
"415",70,"Gniby","control",4,0,"s2",18.1977653402147,1.30553312624641,344.477228633357,15.8028844373325,20.9555834373625,0.0684796143861009,0.00766997113424861,92.9999447443748,0.054823499271228,0.0855373635175848
"416",70,"Gniby","control",1,NA,"s3",18.1977653402147,1.30553312624641,344.477228633357,15.8028844373325,20.9555834373625,0.0684796143861009,0.00766997113424861,92.9999447443748,0.054823499271228,0.0855373635175848
"417",70,"Gniby","control",NA,NA,"s4",18.1977653402147,1.30553312624641,344.477228633357,15.8028844373325,20.9555834373625,0.0684796143861009,0.00766997113424861,92.9999447443748,0.054823499271228,0.0855373635175848
"418",70,"Gniby","fertilized",3,0,"s2",10.8370342313828,0.757624748318682,344.477228633357,9.44479483283334,12.4345010146644,0.0230652231739807,0.00397353664142969,92.9999447443748,0.0163826706337816,0.0324736138544181
"419",70,"Gniby","fertilized",4,NA,"s3",10.8370342313828,0.757624748318682,344.477228633357,9.44479483283334,12.4345010146644,0.0230652231739807,0.00397353664142969,92.9999447443748,0.0163826706337816,0.0324736138544181
"420",70,"Gniby","fertilized",NA,NA,"s4",10.8370342313828,0.757624748318682,344.477228633357,9.44479483283334,12.4345010146644,0.0230652231739807,0.00397353664142969,92.9999447443748,0.0163826706337816,0.0324736138544181
"421",71,"Gniby","control",2,NA,"s2",18.1977653402147,1.30553312624641,344.477228633357,15.8028844373325,20.9555834373625,0.0684796143861009,0.00766997113424861,92.9999447443748,0.054823499271228,0.0855373635175848
"422",71,"Gniby","control",13,NA,"s3",18.1977653402147,1.30553312624641,344.477228633357,15.8028844373325,20.9555834373625,0.0684796143861009,0.00766997113424861,92.9999447443748,0.054823499271228,0.0855373635175848
"423",71,"Gniby","control",NA,NA,"s4",18.1977653402147,1.30553312624641,344.477228633357,15.8028844373325,20.9555834373625,0.0684796143861009,0.00766997113424861,92.9999447443748,0.054823499271228,0.0855373635175848
"424",71,"Gniby","fertilized",8,NA,"s2",10.8370342313828,0.757624748318682,344.477228633357,9.44479483283334,12.4345010146644,0.0230652231739807,0.00397353664142969,92.9999447443748,0.0163826706337816,0.0324736138544181
"425",71,"Gniby","fertilized",8,NA,"s3",10.8370342313828,0.757624748318682,344.477228633357,9.44479483283334,12.4345010146644,0.0230652231739807,0.00397353664142969,92.9999447443748,0.0163826706337816,0.0324736138544181
"426",71,"Gniby","fertilized",NA,NA,"s4",10.8370342313828,0.757624748318682,344.477228633357,9.44479483283334,12.4345010146644,0.0230652231739807,0.00397353664142969,92.9999447443748,0.0163826706337816,0.0324736138544181
"427",72,"Gniby","control",11,NA,"s2",18.1977653402147,1.30553312624641,344.477228633357,15.8028844373325,20.9555834373625,0.0684796143861009,0.00766997113424861,92.9999447443748,0.054823499271228,0.0855373635175848
"428",72,"Gniby","control",21,0.09,"s3",18.1977653402147,1.30553312624641,344.477228633357,15.8028844373325,20.9555834373625,0.0684796143861009,0.00766997113424861,92.9999447443748,0.054823499271228,0.0855373635175848
"429",72,"Gniby","control",NA,NA,"s4",18.1977653402147,1.30553312624641,344.477228633357,15.8028844373325,20.9555834373625,0.0684796143861009,0.00766997113424861,92.9999447443748,0.054823499271228,0.0855373635175848
"430",72,"Gniby","fertilized",4,NA,"s2",10.8370342313828,0.757624748318682,344.477228633357,9.44479483283334,12.4345010146644,0.0230652231739807,0.00397353664142969,92.9999447443748,0.0163826706337816,0.0324736138544181
"431",72,"Gniby","fertilized",6,0,"s3",10.8370342313828,0.757624748318682,344.477228633357,9.44479483283334,12.4345010146644,0.0230652231739807,0.00397353664142969,92.9999447443748,0.0163826706337816,0.0324736138544181
"432",72,"Gniby","fertilized",NA,NA,"s4",10.8370342313828,0.757624748318682,344.477228633357,9.44479483283334,12.4345010146644,0.0230652231739807,0.00397353664142969,92.9999447443748,0.0163826706337816,0.0324736138544181
"433",73,"Gniby","control",8,NA,"s2",18.1977653402147,1.30553312624641,344.477228633357,15.8028844373325,20.9555834373625,0.0684796143861009,0.00766997113424861,92.9999447443748,0.054823499271228,0.0855373635175848
"434",73,"Gniby","control",4,NA,"s3",18.1977653402147,1.30553312624641,344.477228633357,15.8028844373325,20.9555834373625,0.0684796143861009,0.00766997113424861,92.9999447443748,0.054823499271228,0.0855373635175848
"435",73,"Gniby","control",NA,NA,"s4",18.1977653402147,1.30553312624641,344.477228633357,15.8028844373325,20.9555834373625,0.0684796143861009,0.00766997113424861,92.9999447443748,0.054823499271228,0.0855373635175848
"436",73,"Gniby","fertilized",5,NA,"s2",10.8370342313828,0.757624748318682,344.477228633357,9.44479483283334,12.4345010146644,0.0230652231739807,0.00397353664142969,92.9999447443748,0.0163826706337816,0.0324736138544181
"437",73,"Gniby","fertilized",5,NA,"s3",10.8370342313828,0.757624748318682,344.477228633357,9.44479483283334,12.4345010146644,0.0230652231739807,0.00397353664142969,92.9999447443748,0.0163826706337816,0.0324736138544181
"438",73,"Gniby","fertilized",NA,NA,"s4",10.8370342313828,0.757624748318682,344.477228633357,9.44479483283334,12.4345010146644,0.0230652231739807,0.00397353664142969,92.9999447443748,0.0163826706337816,0.0324736138544181
"439",74,"Gniby","control",5,NA,"s2",18.1977653402147,1.30553312624641,344.477228633357,15.8028844373325,20.9555834373625,0.0684796143861009,0.00766997113424861,92.9999447443748,0.054823499271228,0.0855373635175848
"440",74,"Gniby","control",4,NA,"s3",18.1977653402147,1.30553312624641,344.477228633357,15.8028844373325,20.9555834373625,0.0684796143861009,0.00766997113424861,92.9999447443748,0.054823499271228,0.0855373635175848
"441",74,"Gniby","control",NA,NA,"s4",18.1977653402147,1.30553312624641,344.477228633357,15.8028844373325,20.9555834373625,0.0684796143861009,0.00766997113424861,92.9999447443748,0.054823499271228,0.0855373635175848
"442",74,"Gniby","fertilized",2,NA,"s2",10.8370342313828,0.757624748318682,344.477228633357,9.44479483283334,12.4345010146644,0.0230652231739807,0.00397353664142969,92.9999447443748,0.0163826706337816,0.0324736138544181
"443",74,"Gniby","fertilized",3,NA,"s3",10.8370342313828,0.757624748318682,344.477228633357,9.44479483283334,12.4345010146644,0.0230652231739807,0.00397353664142969,92.9999447443748,0.0163826706337816,0.0324736138544181
"444",74,"Gniby","fertilized",NA,NA,"s4",10.8370342313828,0.757624748318682,344.477228633357,9.44479483283334,12.4345010146644,0.0230652231739807,0.00397353664142969,92.9999447443748,0.0163826706337816,0.0324736138544181
"445",75,"Gniby","control",6,NA,"s2",18.1977653402147,1.30553312624641,344.477228633357,15.8028844373325,20.9555834373625,0.0684796143861009,0.00766997113424861,92.9999447443748,0.054823499271228,0.0855373635175848
"446",75,"Gniby","control",8,NA,"s3",18.1977653402147,1.30553312624641,344.477228633357,15.8028844373325,20.9555834373625,0.0684796143861009,0.00766997113424861,92.9999447443748,0.054823499271228,0.0855373635175848
"447",75,"Gniby","control",NA,NA,"s4",18.1977653402147,1.30553312624641,344.477228633357,15.8028844373325,20.9555834373625,0.0684796143861009,0.00766997113424861,92.9999447443748,0.054823499271228,0.0855373635175848
"448",75,"Gniby","fertilized",1,NA,"s2",10.8370342313828,0.757624748318682,344.477228633357,9.44479483283334,12.4345010146644,0.0230652231739807,0.00397353664142969,92.9999447443748,0.0163826706337816,0.0324736138544181
"449",75,"Gniby","fertilized",4,NA,"s3",10.8370342313828,0.757624748318682,344.477228633357,9.44479483283334,12.4345010146644,0.0230652231739807,0.00397353664142969,92.9999447443748,0.0163826706337816,0.0324736138544181
"450",75,"Gniby","fertilized",NA,NA,"s4",10.8370342313828,0.757624748318682,344.477228633357,9.44479483283334,12.4345010146644,0.0230652231739807,0.00397353664142969,92.9999447443748,0.0163826706337816,0.0324736138544181
"451",76,"Gniby","control",41,NA,"s2",18.1977653402147,1.30553312624641,344.477228633357,15.8028844373325,20.9555834373625,0.0684796143861009,0.00766997113424861,92.9999447443748,0.054823499271228,0.0855373635175848
"452",76,"Gniby","control",18,0.045,"s3",18.1977653402147,1.30553312624641,344.477228633357,15.8028844373325,20.9555834373625,0.0684796143861009,0.00766997113424861,92.9999447443748,0.054823499271228,0.0855373635175848
"453",76,"Gniby","control",NA,NA,"s4",18.1977653402147,1.30553312624641,344.477228633357,15.8028844373325,20.9555834373625,0.0684796143861009,0.00766997113424861,92.9999447443748,0.054823499271228,0.0855373635175848
"454",76,"Gniby","fertilized",6,NA,"s2",10.8370342313828,0.757624748318682,344.477228633357,9.44479483283334,12.4345010146644,0.0230652231739807,0.00397353664142969,92.9999447443748,0.0163826706337816,0.0324736138544181
"455",76,"Gniby","fertilized",17,0.045,"s3",10.8370342313828,0.757624748318682,344.477228633357,9.44479483283334,12.4345010146644,0.0230652231739807,0.00397353664142969,92.9999447443748,0.0163826706337816,0.0324736138544181
"456",76,"Gniby","fertilized",NA,NA,"s4",10.8370342313828,0.757624748318682,344.477228633357,9.44479483283334,12.4345010146644,0.0230652231739807,0.00397353664142969,92.9999447443748,0.0163826706337816,0.0324736138544181
"457",77,"Gniby","control",6,NA,"s2",18.1977653402147,1.30553312624641,344.477228633357,15.8028844373325,20.9555834373625,0.0684796143861009,0.00766997113424861,92.9999447443748,0.054823499271228,0.0855373635175848
"458",77,"Gniby","control",15,NA,"s3",18.1977653402147,1.30553312624641,344.477228633357,15.8028844373325,20.9555834373625,0.0684796143861009,0.00766997113424861,92.9999447443748,0.054823499271228,0.0855373635175848
"459",77,"Gniby","control",NA,NA,"s4",18.1977653402147,1.30553312624641,344.477228633357,15.8028844373325,20.9555834373625,0.0684796143861009,0.00766997113424861,92.9999447443748,0.054823499271228,0.0855373635175848
"460",77,"Gniby","fertilized",3,NA,"s2",10.8370342313828,0.757624748318682,344.477228633357,9.44479483283334,12.4345010146644,0.0230652231739807,0.00397353664142969,92.9999447443748,0.0163826706337816,0.0324736138544181
"461",77,"Gniby","fertilized",19,NA,"s3",10.8370342313828,0.757624748318682,344.477228633357,9.44479483283334,12.4345010146644,0.0230652231739807,0.00397353664142969,92.9999447443748,0.0163826706337816,0.0324736138544181
"462",77,"Gniby","fertilized",NA,NA,"s4",10.8370342313828,0.757624748318682,344.477228633357,9.44479483283334,12.4345010146644,0.0230652231739807,0.00397353664142969,92.9999447443748,0.0163826706337816,0.0324736138544181
"463",78,"Gniby","control",42,0.135,"s2",18.1977653402147,1.30553312624641,344.477228633357,15.8028844373325,20.9555834373625,0.0684796143861009,0.00766997113424861,92.9999447443748,0.054823499271228,0.0855373635175848
"464",78,"Gniby","control",34,0,"s3",18.1977653402147,1.30553312624641,344.477228633357,15.8028844373325,20.9555834373625,0.0684796143861009,0.00766997113424861,92.9999447443748,0.054823499271228,0.0855373635175848
"465",78,"Gniby","control",NA,NA,"s4",18.1977653402147,1.30553312624641,344.477228633357,15.8028844373325,20.9555834373625,0.0684796143861009,0.00766997113424861,92.9999447443748,0.054823499271228,0.0855373635175848
"466",78,"Gniby","fertilized",20,0.045,"s2",10.8370342313828,0.757624748318682,344.477228633357,9.44479483283334,12.4345010146644,0.0230652231739807,0.00397353664142969,92.9999447443748,0.0163826706337816,0.0324736138544181
"467",78,"Gniby","fertilized",9,0,"s3",10.8370342313828,0.757624748318682,344.477228633357,9.44479483283334,12.4345010146644,0.0230652231739807,0.00397353664142969,92.9999447443748,0.0163826706337816,0.0324736138544181
"468",78,"Gniby","fertilized",NA,NA,"s4",10.8370342313828,0.757624748318682,344.477228633357,9.44479483283334,12.4345010146644,0.0230652231739807,0.00397353664142969,92.9999447443748,0.0163826706337816,0.0324736138544181
"469",79,"Gniby","control",11,NA,"s2",18.1977653402147,1.30553312624641,344.477228633357,15.8028844373325,20.9555834373625,0.0684796143861009,0.00766997113424861,92.9999447443748,0.054823499271228,0.0855373635175848
"470",79,"Gniby","control",15,NA,"s3",18.1977653402147,1.30553312624641,344.477228633357,15.8028844373325,20.9555834373625,0.0684796143861009,0.00766997113424861,92.9999447443748,0.054823499271228,0.0855373635175848
"471",79,"Gniby","control",NA,NA,"s4",18.1977653402147,1.30553312624641,344.477228633357,15.8028844373325,20.9555834373625,0.0684796143861009,0.00766997113424861,92.9999447443748,0.054823499271228,0.0855373635175848
"472",79,"Gniby","fertilized",1,NA,"s2",10.8370342313828,0.757624748318682,344.477228633357,9.44479483283334,12.4345010146644,0.0230652231739807,0.00397353664142969,92.9999447443748,0.0163826706337816,0.0324736138544181
"473",79,"Gniby","fertilized",6,NA,"s3",10.8370342313828,0.757624748318682,344.477228633357,9.44479483283334,12.4345010146644,0.0230652231739807,0.00397353664142969,92.9999447443748,0.0163826706337816,0.0324736138544181
"474",79,"Gniby","fertilized",NA,NA,"s4",10.8370342313828,0.757624748318682,344.477228633357,9.44479483283334,12.4345010146644,0.0230652231739807,0.00397353664142969,92.9999447443748,0.0163826706337816,0.0324736138544181
"475",80,"Gniby","control",21,NA,"s2",18.1977653402147,1.30553312624641,344.477228633357,15.8028844373325,20.9555834373625,0.0684796143861009,0.00766997113424861,92.9999447443748,0.054823499271228,0.0855373635175848
"476",80,"Gniby","control",9,NA,"s3",18.1977653402147,1.30553312624641,344.477228633357,15.8028844373325,20.9555834373625,0.0684796143861009,0.00766997113424861,92.9999447443748,0.054823499271228,0.0855373635175848
"477",80,"Gniby","control",NA,NA,"s4",18.1977653402147,1.30553312624641,344.477228633357,15.8028844373325,20.9555834373625,0.0684796143861009,0.00766997113424861,92.9999447443748,0.054823499271228,0.0855373635175848
"478",80,"Gniby","fertilized",15,NA,"s2",10.8370342313828,0.757624748318682,344.477228633357,9.44479483283334,12.4345010146644,0.0230652231739807,0.00397353664142969,92.9999447443748,0.0163826706337816,0.0324736138544181
"479",80,"Gniby","fertilized",10,NA,"s3",10.8370342313828,0.757624748318682,344.477228633357,9.44479483283334,12.4345010146644,0.0230652231739807,0.00397353664142969,92.9999447443748,0.0163826706337816,0.0324736138544181
"480",80,"Gniby","fertilized",NA,NA,"s4",10.8370342313828,0.757624748318682,344.477228633357,9.44479483283334,12.4345010146644,0.0230652231739807,0.00397353664142969,92.9999447443748,0.0163826706337816,0.0324736138544181
"481",81,"Gniby","control",29,0.135,"s2",18.1977653402147,1.30553312624641,344.477228633357,15.8028844373325,20.9555834373625,0.0684796143861009,0.00766997113424861,92.9999447443748,0.054823499271228,0.0855373635175848
"482",81,"Gniby","control",10,0.045,"s3",18.1977653402147,1.30553312624641,344.477228633357,15.8028844373325,20.9555834373625,0.0684796143861009,0.00766997113424861,92.9999447443748,0.054823499271228,0.0855373635175848
"483",81,"Gniby","control",NA,NA,"s4",18.1977653402147,1.30553312624641,344.477228633357,15.8028844373325,20.9555834373625,0.0684796143861009,0.00766997113424861,92.9999447443748,0.054823499271228,0.0855373635175848
"484",81,"Gniby","fertilized",21,0.045,"s2",10.8370342313828,0.757624748318682,344.477228633357,9.44479483283334,12.4345010146644,0.0230652231739807,0.00397353664142969,92.9999447443748,0.0163826706337816,0.0324736138544181
"485",81,"Gniby","fertilized",6,0.009,"s3",10.8370342313828,0.757624748318682,344.477228633357,9.44479483283334,12.4345010146644,0.0230652231739807,0.00397353664142969,92.9999447443748,0.0163826706337816,0.0324736138544181
"486",81,"Gniby","fertilized",NA,NA,"s4",10.8370342313828,0.757624748318682,344.477228633357,9.44479483283334,12.4345010146644,0.0230652231739807,0.00397353664142969,92.9999447443748,0.0163826706337816,0.0324736138544181
"487",82,"Gniby","control",11,NA,"s2",18.1977653402147,1.30553312624641,344.477228633357,15.8028844373325,20.9555834373625,0.0684796143861009,0.00766997113424861,92.9999447443748,0.054823499271228,0.0855373635175848
"488",82,"Gniby","control",32,NA,"s3",18.1977653402147,1.30553312624641,344.477228633357,15.8028844373325,20.9555834373625,0.0684796143861009,0.00766997113424861,92.9999447443748,0.054823499271228,0.0855373635175848
"489",82,"Gniby","control",NA,NA,"s4",18.1977653402147,1.30553312624641,344.477228633357,15.8028844373325,20.9555834373625,0.0684796143861009,0.00766997113424861,92.9999447443748,0.054823499271228,0.0855373635175848
"490",82,"Gniby","fertilized",6,NA,"s2",10.8370342313828,0.757624748318682,344.477228633357,9.44479483283334,12.4345010146644,0.0230652231739807,0.00397353664142969,92.9999447443748,0.0163826706337816,0.0324736138544181
"491",82,"Gniby","fertilized",25,NA,"s3",10.8370342313828,0.757624748318682,344.477228633357,9.44479483283334,12.4345010146644,0.0230652231739807,0.00397353664142969,92.9999447443748,0.0163826706337816,0.0324736138544181
"492",82,"Gniby","fertilized",NA,NA,"s4",10.8370342313828,0.757624748318682,344.477228633357,9.44479483283334,12.4345010146644,0.0230652231739807,0.00397353664142969,92.9999447443748,0.0163826706337816,0.0324736138544181
"493",83,"Gniby","control",12,NA,"s2",18.1977653402147,1.30553312624641,344.477228633357,15.8028844373325,20.9555834373625,0.0684796143861009,0.00766997113424861,92.9999447443748,0.054823499271228,0.0855373635175848
"494",83,"Gniby","control",16,NA,"s3",18.1977653402147,1.30553312624641,344.477228633357,15.8028844373325,20.9555834373625,0.0684796143861009,0.00766997113424861,92.9999447443748,0.054823499271228,0.0855373635175848
"495",83,"Gniby","control",NA,NA,"s4",18.1977653402147,1.30553312624641,344.477228633357,15.8028844373325,20.9555834373625,0.0684796143861009,0.00766997113424861,92.9999447443748,0.054823499271228,0.0855373635175848
"496",83,"Gniby","fertilized",2,NA,"s2",10.8370342313828,0.757624748318682,344.477228633357,9.44479483283334,12.4345010146644,0.0230652231739807,0.00397353664142969,92.9999447443748,0.0163826706337816,0.0324736138544181
"497",83,"Gniby","fertilized",12,NA,"s3",10.8370342313828,0.757624748318682,344.477228633357,9.44479483283334,12.4345010146644,0.0230652231739807,0.00397353664142969,92.9999447443748,0.0163826706337816,0.0324736138544181
"498",83,"Gniby","fertilized",NA,NA,"s4",10.8370342313828,0.757624748318682,344.477228633357,9.44479483283334,12.4345010146644,0.0230652231739807,0.00397353664142969,92.9999447443748,0.0163826706337816,0.0324736138544181
"499",84,"Gniby","control",17,NA,"s2",18.1977653402147,1.30553312624641,344.477228633357,15.8028844373325,20.9555834373625,0.0684796143861009,0.00766997113424861,92.9999447443748,0.054823499271228,0.0855373635175848
"500",84,"Gniby","control",23,0.09,"s3",18.1977653402147,1.30553312624641,344.477228633357,15.8028844373325,20.9555834373625,0.0684796143861009,0.00766997113424861,92.9999447443748,0.054823499271228,0.0855373635175848
"501",84,"Gniby","control",NA,NA,"s4",18.1977653402147,1.30553312624641,344.477228633357,15.8028844373325,20.9555834373625,0.0684796143861009,0.00766997113424861,92.9999447443748,0.054823499271228,0.0855373635175848
"502",84,"Gniby","fertilized",37,NA,"s2",10.8370342313828,0.757624748318682,344.477228633357,9.44479483283334,12.4345010146644,0.0230652231739807,0.00397353664142969,92.9999447443748,0.0163826706337816,0.0324736138544181
"503",84,"Gniby","fertilized",9,0,"s3",10.8370342313828,0.757624748318682,344.477228633357,9.44479483283334,12.4345010146644,0.0230652231739807,0.00397353664142969,92.9999447443748,0.0163826706337816,0.0324736138544181
"504",84,"Gniby","fertilized",NA,NA,"s4",10.8370342313828,0.757624748318682,344.477228633357,9.44479483283334,12.4345010146644,0.0230652231739807,0.00397353664142969,92.9999447443748,0.0163826706337816,0.0324736138544181
"505",85,"Gniby","control",28,NA,"s2",18.1977653402147,1.30553312624641,344.477228633357,15.8028844373325,20.9555834373625,0.0684796143861009,0.00766997113424861,92.9999447443748,0.054823499271228,0.0855373635175848
"506",85,"Gniby","control",8,NA,"s3",18.1977653402147,1.30553312624641,344.477228633357,15.8028844373325,20.9555834373625,0.0684796143861009,0.00766997113424861,92.9999447443748,0.054823499271228,0.0855373635175848
"507",85,"Gniby","control",NA,NA,"s4",18.1977653402147,1.30553312624641,344.477228633357,15.8028844373325,20.9555834373625,0.0684796143861009,0.00766997113424861,92.9999447443748,0.054823499271228,0.0855373635175848
"508",85,"Gniby","fertilized",11,NA,"s2",10.8370342313828,0.757624748318682,344.477228633357,9.44479483283334,12.4345010146644,0.0230652231739807,0.00397353664142969,92.9999447443748,0.0163826706337816,0.0324736138544181
"509",85,"Gniby","fertilized",14,NA,"s3",10.8370342313828,0.757624748318682,344.477228633357,9.44479483283334,12.4345010146644,0.0230652231739807,0.00397353664142969,92.9999447443748,0.0163826706337816,0.0324736138544181
"510",85,"Gniby","fertilized",NA,NA,"s4",10.8370342313828,0.757624748318682,344.477228633357,9.44479483283334,12.4345010146644,0.0230652231739807,0.00397353664142969,92.9999447443748,0.0163826706337816,0.0324736138544181
"511",86,"Gniby","control",16,NA,"s2",18.1977653402147,1.30553312624641,344.477228633357,15.8028844373325,20.9555834373625,0.0684796143861009,0.00766997113424861,92.9999447443748,0.054823499271228,0.0855373635175848
"512",86,"Gniby","control",13,NA,"s3",18.1977653402147,1.30553312624641,344.477228633357,15.8028844373325,20.9555834373625,0.0684796143861009,0.00766997113424861,92.9999447443748,0.054823499271228,0.0855373635175848
"513",86,"Gniby","control",NA,NA,"s4",18.1977653402147,1.30553312624641,344.477228633357,15.8028844373325,20.9555834373625,0.0684796143861009,0.00766997113424861,92.9999447443748,0.054823499271228,0.0855373635175848
"514",86,"Gniby","fertilized",7,NA,"s2",10.8370342313828,0.757624748318682,344.477228633357,9.44479483283334,12.4345010146644,0.0230652231739807,0.00397353664142969,92.9999447443748,0.0163826706337816,0.0324736138544181
"515",86,"Gniby","fertilized",2,NA,"s3",10.8370342313828,0.757624748318682,344.477228633357,9.44479483283334,12.4345010146644,0.0230652231739807,0.00397353664142969,92.9999447443748,0.0163826706337816,0.0324736138544181
"516",86,"Gniby","fertilized",NA,NA,"s4",10.8370342313828,0.757624748318682,344.477228633357,9.44479483283334,12.4345010146644,0.0230652231739807,0.00397353664142969,92.9999447443748,0.0163826706337816,0.0324736138544181
"517",87,"Gniby","control",6,NA,"s2",18.1977653402147,1.30553312624641,344.477228633357,15.8028844373325,20.9555834373625,0.0684796143861009,0.00766997113424861,92.9999447443748,0.054823499271228,0.0855373635175848
"518",87,"Gniby","control",47,0.135,"s3",18.1977653402147,1.30553312624641,344.477228633357,15.8028844373325,20.9555834373625,0.0684796143861009,0.00766997113424861,92.9999447443748,0.054823499271228,0.0855373635175848
"519",87,"Gniby","control",NA,NA,"s4",18.1977653402147,1.30553312624641,344.477228633357,15.8028844373325,20.9555834373625,0.0684796143861009,0.00766997113424861,92.9999447443748,0.054823499271228,0.0855373635175848
"520",87,"Gniby","fertilized",18,NA,"s2",10.8370342313828,0.757624748318682,344.477228633357,9.44479483283334,12.4345010146644,0.0230652231739807,0.00397353664142969,92.9999447443748,0.0163826706337816,0.0324736138544181
"521",87,"Gniby","fertilized",22,0.045,"s3",10.8370342313828,0.757624748318682,344.477228633357,9.44479483283334,12.4345010146644,0.0230652231739807,0.00397353664142969,92.9999447443748,0.0163826706337816,0.0324736138544181
"522",87,"Gniby","fertilized",NA,NA,"s4",10.8370342313828,0.757624748318682,344.477228633357,9.44479483283334,12.4345010146644,0.0230652231739807,0.00397353664142969,92.9999447443748,0.0163826706337816,0.0324736138544181
"523",88,"Gniby","control",4,NA,"s2",18.1977653402147,1.30553312624641,344.477228633357,15.8028844373325,20.9555834373625,0.0684796143861009,0.00766997113424861,92.9999447443748,0.054823499271228,0.0855373635175848
"524",88,"Gniby","control",4,NA,"s3",18.1977653402147,1.30553312624641,344.477228633357,15.8028844373325,20.9555834373625,0.0684796143861009,0.00766997113424861,92.9999447443748,0.054823499271228,0.0855373635175848
"525",88,"Gniby","control",NA,NA,"s4",18.1977653402147,1.30553312624641,344.477228633357,15.8028844373325,20.9555834373625,0.0684796143861009,0.00766997113424861,92.9999447443748,0.054823499271228,0.0855373635175848
"526",88,"Gniby","fertilized",1,NA,"s2",10.8370342313828,0.757624748318682,344.477228633357,9.44479483283334,12.4345010146644,0.0230652231739807,0.00397353664142969,92.9999447443748,0.0163826706337816,0.0324736138544181
"527",88,"Gniby","fertilized",4,NA,"s3",10.8370342313828,0.757624748318682,344.477228633357,9.44479483283334,12.4345010146644,0.0230652231739807,0.00397353664142969,92.9999447443748,0.0163826706337816,0.0324736138544181
"528",88,"Gniby","fertilized",NA,NA,"s4",10.8370342313828,0.757624748318682,344.477228633357,9.44479483283334,12.4345010146644,0.0230652231739807,0.00397353664142969,92.9999447443748,0.0163826706337816,0.0324736138544181
"529",89,"Gniby","control",NA,NA,"s2",18.1977653402147,1.30553312624641,344.477228633357,15.8028844373325,20.9555834373625,0.0684796143861009,0.00766997113424861,92.9999447443748,0.054823499271228,0.0855373635175848
"530",89,"Gniby","control",NA,NA,"s3",18.1977653402147,1.30553312624641,344.477228633357,15.8028844373325,20.9555834373625,0.0684796143861009,0.00766997113424861,92.9999447443748,0.054823499271228,0.0855373635175848
"531",89,"Gniby","control",NA,NA,"s4",18.1977653402147,1.30553312624641,344.477228633357,15.8028844373325,20.9555834373625,0.0684796143861009,0.00766997113424861,92.9999447443748,0.054823499271228,0.0855373635175848
"532",89,"Gniby","fertilized",NA,NA,"s2",10.8370342313828,0.757624748318682,344.477228633357,9.44479483283334,12.4345010146644,0.0230652231739807,0.00397353664142969,92.9999447443748,0.0163826706337816,0.0324736138544181
"533",89,"Gniby","fertilized",NA,NA,"s3",10.8370342313828,0.757624748318682,344.477228633357,9.44479483283334,12.4345010146644,0.0230652231739807,0.00397353664142969,92.9999447443748,0.0163826706337816,0.0324736138544181
"534",89,"Gniby","fertilized",NA,NA,"s4",10.8370342313828,0.757624748318682,344.477228633357,9.44479483283334,12.4345010146644,0.0230652231739807,0.00397353664142969,92.9999447443748,0.0163826706337816,0.0324736138544181
"535",90,"Gniby","control",4,NA,"s2",18.1977653402147,1.30553312624641,344.477228633357,15.8028844373325,20.9555834373625,0.0684796143861009,0.00766997113424861,92.9999447443748,0.054823499271228,0.0855373635175848
"536",90,"Gniby","control",14,NA,"s3",18.1977653402147,1.30553312624641,344.477228633357,15.8028844373325,20.9555834373625,0.0684796143861009,0.00766997113424861,92.9999447443748,0.054823499271228,0.0855373635175848
"537",90,"Gniby","control",NA,NA,"s4",18.1977653402147,1.30553312624641,344.477228633357,15.8028844373325,20.9555834373625,0.0684796143861009,0.00766997113424861,92.9999447443748,0.054823499271228,0.0855373635175848
"538",90,"Gniby","fertilized",2,NA,"s2",10.8370342313828,0.757624748318682,344.477228633357,9.44479483283334,12.4345010146644,0.0230652231739807,0.00397353664142969,92.9999447443748,0.0163826706337816,0.0324736138544181
"539",90,"Gniby","fertilized",6,NA,"s3",10.8370342313828,0.757624748318682,344.477228633357,9.44479483283334,12.4345010146644,0.0230652231739807,0.00397353664142969,92.9999447443748,0.0163826706337816,0.0324736138544181
"540",90,"Gniby","fertilized",NA,NA,"s4",10.8370342313828,0.757624748318682,344.477228633357,9.44479483283334,12.4345010146644,0.0230652231739807,0.00397353664142969,92.9999447443748,0.0163826706337816,0.0324736138544181
"541",91,"Gniby","control",8,0.045,"s2",18.1977653402147,1.30553312624641,344.477228633357,15.8028844373325,20.9555834373625,0.0684796143861009,0.00766997113424861,92.9999447443748,0.054823499271228,0.0855373635175848
"542",91,"Gniby","control",33,0,"s3",18.1977653402147,1.30553312624641,344.477228633357,15.8028844373325,20.9555834373625,0.0684796143861009,0.00766997113424861,92.9999447443748,0.054823499271228,0.0855373635175848
"543",91,"Gniby","control",NA,NA,"s4",18.1977653402147,1.30553312624641,344.477228633357,15.8028844373325,20.9555834373625,0.0684796143861009,0.00766997113424861,92.9999447443748,0.054823499271228,0.0855373635175848
"544",91,"Gniby","fertilized",32,0.09,"s2",10.8370342313828,0.757624748318682,344.477228633357,9.44479483283334,12.4345010146644,0.0230652231739807,0.00397353664142969,92.9999447443748,0.0163826706337816,0.0324736138544181
"545",91,"Gniby","fertilized",25,0,"s3",10.8370342313828,0.757624748318682,344.477228633357,9.44479483283334,12.4345010146644,0.0230652231739807,0.00397353664142969,92.9999447443748,0.0163826706337816,0.0324736138544181
"546",91,"Gniby","fertilized",NA,NA,"s4",10.8370342313828,0.757624748318682,344.477228633357,9.44479483283334,12.4345010146644,0.0230652231739807,0.00397353664142969,92.9999447443748,0.0163826706337816,0.0324736138544181
"547",92,"Gniby","control",NA,NA,"s2",18.1977653402147,1.30553312624641,344.477228633357,15.8028844373325,20.9555834373625,0.0684796143861009,0.00766997113424861,92.9999447443748,0.054823499271228,0.0855373635175848
"548",92,"Gniby","control",19,NA,"s3",18.1977653402147,1.30553312624641,344.477228633357,15.8028844373325,20.9555834373625,0.0684796143861009,0.00766997113424861,92.9999447443748,0.054823499271228,0.0855373635175848
"549",92,"Gniby","control",NA,NA,"s4",18.1977653402147,1.30553312624641,344.477228633357,15.8028844373325,20.9555834373625,0.0684796143861009,0.00766997113424861,92.9999447443748,0.054823499271228,0.0855373635175848
"550",92,"Gniby","fertilized",NA,NA,"s2",10.8370342313828,0.757624748318682,344.477228633357,9.44479483283334,12.4345010146644,0.0230652231739807,0.00397353664142969,92.9999447443748,0.0163826706337816,0.0324736138544181
"551",92,"Gniby","fertilized",13,NA,"s3",10.8370342313828,0.757624748318682,344.477228633357,9.44479483283334,12.4345010146644,0.0230652231739807,0.00397353664142969,92.9999447443748,0.0163826706337816,0.0324736138544181
"552",92,"Gniby","fertilized",NA,NA,"s4",10.8370342313828,0.757624748318682,344.477228633357,9.44479483283334,12.4345010146644,0.0230652231739807,0.00397353664142969,92.9999447443748,0.0163826706337816,0.0324736138544181
"553",93,"Gniby","control",NA,NA,"s2",18.1977653402147,1.30553312624641,344.477228633357,15.8028844373325,20.9555834373625,0.0684796143861009,0.00766997113424861,92.9999447443748,0.054823499271228,0.0855373635175848
"554",93,"Gniby","control",NA,NA,"s3",18.1977653402147,1.30553312624641,344.477228633357,15.8028844373325,20.9555834373625,0.0684796143861009,0.00766997113424861,92.9999447443748,0.054823499271228,0.0855373635175848
"555",93,"Gniby","control",NA,NA,"s4",18.1977653402147,1.30553312624641,344.477228633357,15.8028844373325,20.9555834373625,0.0684796143861009,0.00766997113424861,92.9999447443748,0.054823499271228,0.0855373635175848
"556",93,"Gniby","fertilized",3,NA,"s2",10.8370342313828,0.757624748318682,344.477228633357,9.44479483283334,12.4345010146644,0.0230652231739807,0.00397353664142969,92.9999447443748,0.0163826706337816,0.0324736138544181
"557",93,"Gniby","fertilized",4,NA,"s3",10.8370342313828,0.757624748318682,344.477228633357,9.44479483283334,12.4345010146644,0.0230652231739807,0.00397353664142969,92.9999447443748,0.0163826706337816,0.0324736138544181
"558",93,"Gniby","fertilized",NA,NA,"s4",10.8370342313828,0.757624748318682,344.477228633357,9.44479483283334,12.4345010146644,0.0230652231739807,0.00397353664142969,92.9999447443748,0.0163826706337816,0.0324736138544181
"559",94,"Gniby","control",18,NA,"s2",18.1977653402147,1.30553312624641,344.477228633357,15.8028844373325,20.9555834373625,0.0684796143861009,0.00766997113424861,92.9999447443748,0.054823499271228,0.0855373635175848
"560",94,"Gniby","control",8,NA,"s3",18.1977653402147,1.30553312624641,344.477228633357,15.8028844373325,20.9555834373625,0.0684796143861009,0.00766997113424861,92.9999447443748,0.054823499271228,0.0855373635175848
"561",94,"Gniby","control",NA,NA,"s4",18.1977653402147,1.30553312624641,344.477228633357,15.8028844373325,20.9555834373625,0.0684796143861009,0.00766997113424861,92.9999447443748,0.054823499271228,0.0855373635175848
"562",94,"Gniby","fertilized",3,NA,"s2",10.8370342313828,0.757624748318682,344.477228633357,9.44479483283334,12.4345010146644,0.0230652231739807,0.00397353664142969,92.9999447443748,0.0163826706337816,0.0324736138544181
"563",94,"Gniby","fertilized",11,NA,"s3",10.8370342313828,0.757624748318682,344.477228633357,9.44479483283334,12.4345010146644,0.0230652231739807,0.00397353664142969,92.9999447443748,0.0163826706337816,0.0324736138544181
"564",94,"Gniby","fertilized",NA,NA,"s4",10.8370342313828,0.757624748318682,344.477228633357,9.44479483283334,12.4345010146644,0.0230652231739807,0.00397353664142969,92.9999447443748,0.0163826706337816,0.0324736138544181
"565",95,"Gniby","control",9,NA,"s2",18.1977653402147,1.30553312624641,344.477228633357,15.8028844373325,20.9555834373625,0.0684796143861009,0.00766997113424861,92.9999447443748,0.054823499271228,0.0855373635175848
"566",95,"Gniby","control",4,NA,"s3",18.1977653402147,1.30553312624641,344.477228633357,15.8028844373325,20.9555834373625,0.0684796143861009,0.00766997113424861,92.9999447443748,0.054823499271228,0.0855373635175848
"567",95,"Gniby","control",NA,NA,"s4",18.1977653402147,1.30553312624641,344.477228633357,15.8028844373325,20.9555834373625,0.0684796143861009,0.00766997113424861,92.9999447443748,0.054823499271228,0.0855373635175848
"568",95,"Gniby","fertilized",14,NA,"s2",10.8370342313828,0.757624748318682,344.477228633357,9.44479483283334,12.4345010146644,0.0230652231739807,0.00397353664142969,92.9999447443748,0.0163826706337816,0.0324736138544181
"569",95,"Gniby","fertilized",9,NA,"s3",10.8370342313828,0.757624748318682,344.477228633357,9.44479483283334,12.4345010146644,0.0230652231739807,0.00397353664142969,92.9999447443748,0.0163826706337816,0.0324736138544181
"570",95,"Gniby","fertilized",NA,NA,"s4",10.8370342313828,0.757624748318682,344.477228633357,9.44479483283334,12.4345010146644,0.0230652231739807,0.00397353664142969,92.9999447443748,0.0163826706337816,0.0324736138544181
"571",96,"Gniby","control",30,NA,"s2",18.1977653402147,1.30553312624641,344.477228633357,15.8028844373325,20.9555834373625,0.0684796143861009,0.00766997113424861,92.9999447443748,0.054823499271228,0.0855373635175848
"572",96,"Gniby","control",27,NA,"s3",18.1977653402147,1.30553312624641,344.477228633357,15.8028844373325,20.9555834373625,0.0684796143861009,0.00766997113424861,92.9999447443748,0.054823499271228,0.0855373635175848
"573",96,"Gniby","control",NA,NA,"s4",18.1977653402147,1.30553312624641,344.477228633357,15.8028844373325,20.9555834373625,0.0684796143861009,0.00766997113424861,92.9999447443748,0.054823499271228,0.0855373635175848
"574",96,"Gniby","fertilized",8,NA,"s2",10.8370342313828,0.757624748318682,344.477228633357,9.44479483283334,12.4345010146644,0.0230652231739807,0.00397353664142969,92.9999447443748,0.0163826706337816,0.0324736138544181
"575",96,"Gniby","fertilized",16,NA,"s3",10.8370342313828,0.757624748318682,344.477228633357,9.44479483283334,12.4345010146644,0.0230652231739807,0.00397353664142969,92.9999447443748,0.0163826706337816,0.0324736138544181
"576",96,"Gniby","fertilized",NA,NA,"s4",10.8370342313828,0.757624748318682,344.477228633357,9.44479483283334,12.4345010146644,0.0230652231739807,0.00397353664142969,92.9999447443748,0.0163826706337816,0.0324736138544181
"577",97,"Gniby","control",30,0.135,"s2",18.1977653402147,1.30553312624641,344.477228633357,15.8028844373325,20.9555834373625,0.0684796143861009,0.00766997113424861,92.9999447443748,0.054823499271228,0.0855373635175848
"578",97,"Gniby","control",51,0,"s3",18.1977653402147,1.30553312624641,344.477228633357,15.8028844373325,20.9555834373625,0.0684796143861009,0.00766997113424861,92.9999447443748,0.054823499271228,0.0855373635175848
"579",97,"Gniby","control",NA,NA,"s4",18.1977653402147,1.30553312624641,344.477228633357,15.8028844373325,20.9555834373625,0.0684796143861009,0.00766997113424861,92.9999447443748,0.054823499271228,0.0855373635175848
"580",97,"Gniby","fertilized",4,0,"s2",10.8370342313828,0.757624748318682,344.477228633357,9.44479483283334,12.4345010146644,0.0230652231739807,0.00397353664142969,92.9999447443748,0.0163826706337816,0.0324736138544181
"581",97,"Gniby","fertilized",32,0,"s3",10.8370342313828,0.757624748318682,344.477228633357,9.44479483283334,12.4345010146644,0.0230652231739807,0.00397353664142969,92.9999447443748,0.0163826706337816,0.0324736138544181
"582",97,"Gniby","fertilized",NA,NA,"s4",10.8370342313828,0.757624748318682,344.477228633357,9.44479483283334,12.4345010146644,0.0230652231739807,0.00397353664142969,92.9999447443748,0.0163826706337816,0.0324736138544181
"583",98,"Gniby","control",10,NA,"s2",18.1977653402147,1.30553312624641,344.477228633357,15.8028844373325,20.9555834373625,0.0684796143861009,0.00766997113424861,92.9999447443748,0.054823499271228,0.0855373635175848
"584",98,"Gniby","control",12,NA,"s3",18.1977653402147,1.30553312624641,344.477228633357,15.8028844373325,20.9555834373625,0.0684796143861009,0.00766997113424861,92.9999447443748,0.054823499271228,0.0855373635175848
"585",98,"Gniby","control",NA,NA,"s4",18.1977653402147,1.30553312624641,344.477228633357,15.8028844373325,20.9555834373625,0.0684796143861009,0.00766997113424861,92.9999447443748,0.054823499271228,0.0855373635175848
"586",98,"Gniby","fertilized",4,NA,"s2",10.8370342313828,0.757624748318682,344.477228633357,9.44479483283334,12.4345010146644,0.0230652231739807,0.00397353664142969,92.9999447443748,0.0163826706337816,0.0324736138544181
"587",98,"Gniby","fertilized",6,NA,"s3",10.8370342313828,0.757624748318682,344.477228633357,9.44479483283334,12.4345010146644,0.0230652231739807,0.00397353664142969,92.9999447443748,0.0163826706337816,0.0324736138544181
"588",98,"Gniby","fertilized",NA,NA,"s4",10.8370342313828,0.757624748318682,344.477228633357,9.44479483283334,12.4345010146644,0.0230652231739807,0.00397353664142969,92.9999447443748,0.0163826706337816,0.0324736138544181
"589",99,"Gniby","control",5,NA,"s2",18.1977653402147,1.30553312624641,344.477228633357,15.8028844373325,20.9555834373625,0.0684796143861009,0.00766997113424861,92.9999447443748,0.054823499271228,0.0855373635175848
"590",99,"Gniby","control",18,NA,"s3",18.1977653402147,1.30553312624641,344.477228633357,15.8028844373325,20.9555834373625,0.0684796143861009,0.00766997113424861,92.9999447443748,0.054823499271228,0.0855373635175848
"591",99,"Gniby","control",NA,NA,"s4",18.1977653402147,1.30553312624641,344.477228633357,15.8028844373325,20.9555834373625,0.0684796143861009,0.00766997113424861,92.9999447443748,0.054823499271228,0.0855373635175848
"592",99,"Gniby","fertilized",1,NA,"s2",10.8370342313828,0.757624748318682,344.477228633357,9.44479483283334,12.4345010146644,0.0230652231739807,0.00397353664142969,92.9999447443748,0.0163826706337816,0.0324736138544181
"593",99,"Gniby","fertilized",4,NA,"s3",10.8370342313828,0.757624748318682,344.477228633357,9.44479483283334,12.4345010146644,0.0230652231739807,0.00397353664142969,92.9999447443748,0.0163826706337816,0.0324736138544181
"594",99,"Gniby","fertilized",NA,NA,"s4",10.8370342313828,0.757624748318682,344.477228633357,9.44479483283334,12.4345010146644,0.0230652231739807,0.00397353664142969,92.9999447443748,0.0163826706337816,0.0324736138544181
"595",100,"Gniby","control",11,0.09,"s2",18.1977653402147,1.30553312624641,344.477228633357,15.8028844373325,20.9555834373625,0.0684796143861009,0.00766997113424861,92.9999447443748,0.054823499271228,0.0855373635175848
"596",100,"Gniby","control",3,0.09,"s3",18.1977653402147,1.30553312624641,344.477228633357,15.8028844373325,20.9555834373625,0.0684796143861009,0.00766997113424861,92.9999447443748,0.054823499271228,0.0855373635175848
"597",100,"Gniby","control",NA,NA,"s4",18.1977653402147,1.30553312624641,344.477228633357,15.8028844373325,20.9555834373625,0.0684796143861009,0.00766997113424861,92.9999447443748,0.054823499271228,0.0855373635175848
"598",100,"Gniby","fertilized",4,0.009,"s2",10.8370342313828,0.757624748318682,344.477228633357,9.44479483283334,12.4345010146644,0.0230652231739807,0.00397353664142969,92.9999447443748,0.0163826706337816,0.0324736138544181
"599",100,"Gniby","fertilized",16,0.009,"s3",10.8370342313828,0.757624748318682,344.477228633357,9.44479483283334,12.4345010146644,0.0230652231739807,0.00397353664142969,92.9999447443748,0.0163826706337816,0.0324736138544181
"600",100,"Gniby","fertilized",NA,NA,"s4",10.8370342313828,0.757624748318682,344.477228633357,9.44479483283334,12.4345010146644,0.0230652231739807,0.00397353664142969,92.9999447443748,0.0163826706337816,0.0324736138544181
