"","farmer_num","village","treatment","yield","survey","response","SE","df","lower.CL","upper.CL","model"
"1",1,"Gossas","control",NA,"s1",284.925373134328,22.1891213089035,145,244.277931123326,332.336481983508,"ANOVA"
"2",1,"Gossas","control",NA,"s1",325.096233999814,36.9627286153654,144.255355102856,259.66500688176,407.015033061375,"GLMM"
"3",1,"Gossas","control",NA,"s2",284.925373134328,22.1891213089035,145,244.277931123326,332.336481983508,"ANOVA"
"4",1,"Gossas","control",NA,"s2",325.096233999814,36.9627286153654,144.255355102856,259.66500688176,407.015033061375,"GLMM"
"5",1,"Gossas","control",NA,"s3",284.925373134328,22.1891213089035,145,244.277931123326,332.336481983508,"ANOVA"
"6",1,"Gossas","control",NA,"s3",325.096233999814,36.9627286153654,144.255355102856,259.66500688176,407.015033061375,"GLMM"
"7",1,"Gossas","control",279,"s4",284.925373134328,22.1891213089035,145,244.277931123326,332.336481983508,"ANOVA"
"8",1,"Gossas","control",279,"s4",325.096233999814,36.9627286153654,144.255355102856,259.66500688176,407.015033061375,"GLMM"
"9",1,"Gossas","fertilized",NA,"s1",640.387499999999,45.4546883537672,145,556.56524900606,736.833912804685,"ANOVA"
"10",1,"Gossas","fertilized",NA,"s1",734.964808667971,79.0013504230741,144.255355102856,594.287849478976,908.942140503003,"GLMM"
"11",1,"Gossas","fertilized",NA,"s2",640.387499999999,45.4546883537672,145,556.56524900606,736.833912804685,"ANOVA"
"12",1,"Gossas","fertilized",NA,"s2",734.964808667971,79.0013504230741,144.255355102856,594.287849478976,908.942140503003,"GLMM"
"13",1,"Gossas","fertilized",NA,"s3",640.387499999999,45.4546883537672,145,556.56524900606,736.833912804685,"ANOVA"
"14",1,"Gossas","fertilized",NA,"s3",734.964808667971,79.0013504230741,144.255355102856,594.287849478976,908.942140503003,"GLMM"
"15",1,"Gossas","fertilized",595,"s4",640.387499999999,45.4546883537672,145,556.56524900606,736.833912804685,"ANOVA"
"16",1,"Gossas","fertilized",595,"s4",734.964808667971,79.0013504230741,144.255355102856,594.287849478976,908.942140503003,"GLMM"
"17",2,"Gossas","control",NA,"s1",284.925373134328,22.1891213089035,145,244.277931123326,332.336481983508,"ANOVA"
"18",2,"Gossas","control",NA,"s1",325.096233999814,36.9627286153654,144.255355102856,259.66500688176,407.015033061375,"GLMM"
"19",2,"Gossas","control",NA,"s2",284.925373134328,22.1891213089035,145,244.277931123326,332.336481983508,"ANOVA"
"20",2,"Gossas","control",NA,"s2",325.096233999814,36.9627286153654,144.255355102856,259.66500688176,407.015033061375,"GLMM"
"21",2,"Gossas","control",NA,"s3",284.925373134328,22.1891213089035,145,244.277931123326,332.336481983508,"ANOVA"
"22",2,"Gossas","control",NA,"s3",325.096233999814,36.9627286153654,144.255355102856,259.66500688176,407.015033061375,"GLMM"
"23",2,"Gossas","control",250,"s4",284.925373134328,22.1891213089035,145,244.277931123326,332.336481983508,"ANOVA"
"24",2,"Gossas","control",250,"s4",325.096233999814,36.9627286153654,144.255355102856,259.66500688176,407.015033061375,"GLMM"
"25",2,"Gossas","fertilized",NA,"s1",640.387499999999,45.4546883537672,145,556.56524900606,736.833912804685,"ANOVA"
"26",2,"Gossas","fertilized",NA,"s1",734.964808667971,79.0013504230741,144.255355102856,594.287849478976,908.942140503003,"GLMM"
"27",2,"Gossas","fertilized",NA,"s2",640.387499999999,45.4546883537672,145,556.56524900606,736.833912804685,"ANOVA"
"28",2,"Gossas","fertilized",NA,"s2",734.964808667971,79.0013504230741,144.255355102856,594.287849478976,908.942140503003,"GLMM"
"29",2,"Gossas","fertilized",NA,"s3",640.387499999999,45.4546883537672,145,556.56524900606,736.833912804685,"ANOVA"
"30",2,"Gossas","fertilized",NA,"s3",734.964808667971,79.0013504230741,144.255355102856,594.287849478976,908.942140503003,"GLMM"
"31",2,"Gossas","fertilized",750,"s4",640.387499999999,45.4546883537672,145,556.56524900606,736.833912804685,"ANOVA"
"32",2,"Gossas","fertilized",750,"s4",734.964808667971,79.0013504230741,144.255355102856,594.287849478976,908.942140503003,"GLMM"
"33",3,"Gossas","control",NA,"s1",284.925373134328,22.1891213089035,145,244.277931123326,332.336481983508,"ANOVA"
"34",3,"Gossas","control",NA,"s1",325.096233999814,36.9627286153654,144.255355102856,259.66500688176,407.015033061375,"GLMM"
"35",3,"Gossas","control",NA,"s2",284.925373134328,22.1891213089035,145,244.277931123326,332.336481983508,"ANOVA"
"36",3,"Gossas","control",NA,"s2",325.096233999814,36.9627286153654,144.255355102856,259.66500688176,407.015033061375,"GLMM"
"37",3,"Gossas","control",NA,"s3",284.925373134328,22.1891213089035,145,244.277931123326,332.336481983508,"ANOVA"
"38",3,"Gossas","control",NA,"s3",325.096233999814,36.9627286153654,144.255355102856,259.66500688176,407.015033061375,"GLMM"
"39",3,"Gossas","control",NA,"s4",284.925373134328,22.1891213089035,145,244.277931123326,332.336481983508,"ANOVA"
"40",3,"Gossas","control",NA,"s4",325.096233999814,36.9627286153654,144.255355102856,259.66500688176,407.015033061375,"GLMM"
"41",3,"Gossas","fertilized",NA,"s1",640.387499999999,45.4546883537672,145,556.56524900606,736.833912804685,"ANOVA"
"42",3,"Gossas","fertilized",NA,"s1",734.964808667971,79.0013504230741,144.255355102856,594.287849478976,908.942140503003,"GLMM"
"43",3,"Gossas","fertilized",NA,"s2",640.387499999999,45.4546883537672,145,556.56524900606,736.833912804685,"ANOVA"
"44",3,"Gossas","fertilized",NA,"s2",734.964808667971,79.0013504230741,144.255355102856,594.287849478976,908.942140503003,"GLMM"
"45",3,"Gossas","fertilized",NA,"s3",640.387499999999,45.4546883537672,145,556.56524900606,736.833912804685,"ANOVA"
"46",3,"Gossas","fertilized",NA,"s3",734.964808667971,79.0013504230741,144.255355102856,594.287849478976,908.942140503003,"GLMM"
"47",3,"Gossas","fertilized",200,"s4",640.387499999999,45.4546883537672,145,556.56524900606,736.833912804685,"ANOVA"
"48",3,"Gossas","fertilized",200,"s4",734.964808667971,79.0013504230741,144.255355102856,594.287849478976,908.942140503003,"GLMM"
"49",4,"Gossas","control",NA,"s1",284.925373134328,22.1891213089035,145,244.277931123326,332.336481983508,"ANOVA"
"50",4,"Gossas","control",NA,"s1",325.096233999814,36.9627286153654,144.255355102856,259.66500688176,407.015033061375,"GLMM"
"51",4,"Gossas","control",NA,"s2",284.925373134328,22.1891213089035,145,244.277931123326,332.336481983508,"ANOVA"
"52",4,"Gossas","control",NA,"s2",325.096233999814,36.9627286153654,144.255355102856,259.66500688176,407.015033061375,"GLMM"
"53",4,"Gossas","control",NA,"s3",284.925373134328,22.1891213089035,145,244.277931123326,332.336481983508,"ANOVA"
"54",4,"Gossas","control",NA,"s3",325.096233999814,36.9627286153654,144.255355102856,259.66500688176,407.015033061375,"GLMM"
"55",4,"Gossas","control",NA,"s4",284.925373134328,22.1891213089035,145,244.277931123326,332.336481983508,"ANOVA"
"56",4,"Gossas","control",NA,"s4",325.096233999814,36.9627286153654,144.255355102856,259.66500688176,407.015033061375,"GLMM"
"57",4,"Gossas","fertilized",NA,"s1",640.387499999999,45.4546883537672,145,556.56524900606,736.833912804685,"ANOVA"
"58",4,"Gossas","fertilized",NA,"s1",734.964808667971,79.0013504230741,144.255355102856,594.287849478976,908.942140503003,"GLMM"
"59",4,"Gossas","fertilized",NA,"s2",640.387499999999,45.4546883537672,145,556.56524900606,736.833912804685,"ANOVA"
"60",4,"Gossas","fertilized",NA,"s2",734.964808667971,79.0013504230741,144.255355102856,594.287849478976,908.942140503003,"GLMM"
"61",4,"Gossas","fertilized",NA,"s3",640.387499999999,45.4546883537672,145,556.56524900606,736.833912804685,"ANOVA"
"62",4,"Gossas","fertilized",NA,"s3",734.964808667971,79.0013504230741,144.255355102856,594.287849478976,908.942140503003,"GLMM"
"63",4,"Gossas","fertilized",NA,"s4",640.387499999999,45.4546883537672,145,556.56524900606,736.833912804685,"ANOVA"
"64",4,"Gossas","fertilized",NA,"s4",734.964808667971,79.0013504230741,144.255355102856,594.287849478976,908.942140503003,"GLMM"
"65",5,"Gossas","control",NA,"s1",284.925373134328,22.1891213089035,145,244.277931123326,332.336481983508,"ANOVA"
"66",5,"Gossas","control",NA,"s1",325.096233999814,36.9627286153654,144.255355102856,259.66500688176,407.015033061375,"GLMM"
"67",5,"Gossas","control",NA,"s2",284.925373134328,22.1891213089035,145,244.277931123326,332.336481983508,"ANOVA"
"68",5,"Gossas","control",NA,"s2",325.096233999814,36.9627286153654,144.255355102856,259.66500688176,407.015033061375,"GLMM"
"69",5,"Gossas","control",NA,"s3",284.925373134328,22.1891213089035,145,244.277931123326,332.336481983508,"ANOVA"
"70",5,"Gossas","control",NA,"s3",325.096233999814,36.9627286153654,144.255355102856,259.66500688176,407.015033061375,"GLMM"
"71",5,"Gossas","control",NA,"s4",284.925373134328,22.1891213089035,145,244.277931123326,332.336481983508,"ANOVA"
"72",5,"Gossas","control",NA,"s4",325.096233999814,36.9627286153654,144.255355102856,259.66500688176,407.015033061375,"GLMM"
"73",5,"Gossas","fertilized",NA,"s1",640.387499999999,45.4546883537672,145,556.56524900606,736.833912804685,"ANOVA"
"74",5,"Gossas","fertilized",NA,"s1",734.964808667971,79.0013504230741,144.255355102856,594.287849478976,908.942140503003,"GLMM"
"75",5,"Gossas","fertilized",NA,"s2",640.387499999999,45.4546883537672,145,556.56524900606,736.833912804685,"ANOVA"
"76",5,"Gossas","fertilized",NA,"s2",734.964808667971,79.0013504230741,144.255355102856,594.287849478976,908.942140503003,"GLMM"
"77",5,"Gossas","fertilized",NA,"s3",640.387499999999,45.4546883537672,145,556.56524900606,736.833912804685,"ANOVA"
"78",5,"Gossas","fertilized",NA,"s3",734.964808667971,79.0013504230741,144.255355102856,594.287849478976,908.942140503003,"GLMM"
"79",5,"Gossas","fertilized",NA,"s4",640.387499999999,45.4546883537672,145,556.56524900606,736.833912804685,"ANOVA"
"80",5,"Gossas","fertilized",NA,"s4",734.964808667971,79.0013504230741,144.255355102856,594.287849478976,908.942140503003,"GLMM"
"81",6,"Gossas","control",NA,"s1",284.925373134328,22.1891213089035,145,244.277931123326,332.336481983508,"ANOVA"
"82",6,"Gossas","control",NA,"s1",325.096233999814,36.9627286153654,144.255355102856,259.66500688176,407.015033061375,"GLMM"
"83",6,"Gossas","control",NA,"s2",284.925373134328,22.1891213089035,145,244.277931123326,332.336481983508,"ANOVA"
"84",6,"Gossas","control",NA,"s2",325.096233999814,36.9627286153654,144.255355102856,259.66500688176,407.015033061375,"GLMM"
"85",6,"Gossas","control",NA,"s3",284.925373134328,22.1891213089035,145,244.277931123326,332.336481983508,"ANOVA"
"86",6,"Gossas","control",NA,"s3",325.096233999814,36.9627286153654,144.255355102856,259.66500688176,407.015033061375,"GLMM"
"87",6,"Gossas","control",NA,"s4",284.925373134328,22.1891213089035,145,244.277931123326,332.336481983508,"ANOVA"
"88",6,"Gossas","control",NA,"s4",325.096233999814,36.9627286153654,144.255355102856,259.66500688176,407.015033061375,"GLMM"
"89",6,"Gossas","fertilized",NA,"s1",640.387499999999,45.4546883537672,145,556.56524900606,736.833912804685,"ANOVA"
"90",6,"Gossas","fertilized",NA,"s1",734.964808667971,79.0013504230741,144.255355102856,594.287849478976,908.942140503003,"GLMM"
"91",6,"Gossas","fertilized",NA,"s2",640.387499999999,45.4546883537672,145,556.56524900606,736.833912804685,"ANOVA"
"92",6,"Gossas","fertilized",NA,"s2",734.964808667971,79.0013504230741,144.255355102856,594.287849478976,908.942140503003,"GLMM"
"93",6,"Gossas","fertilized",NA,"s3",640.387499999999,45.4546883537672,145,556.56524900606,736.833912804685,"ANOVA"
"94",6,"Gossas","fertilized",NA,"s3",734.964808667971,79.0013504230741,144.255355102856,594.287849478976,908.942140503003,"GLMM"
"95",6,"Gossas","fertilized",NA,"s4",640.387499999999,45.4546883537672,145,556.56524900606,736.833912804685,"ANOVA"
"96",6,"Gossas","fertilized",NA,"s4",734.964808667971,79.0013504230741,144.255355102856,594.287849478976,908.942140503003,"GLMM"
"97",7,"Gossas","control",NA,"s1",284.925373134328,22.1891213089035,145,244.277931123326,332.336481983508,"ANOVA"
"98",7,"Gossas","control",NA,"s1",325.096233999814,36.9627286153654,144.255355102856,259.66500688176,407.015033061375,"GLMM"
"99",7,"Gossas","control",NA,"s2",284.925373134328,22.1891213089035,145,244.277931123326,332.336481983508,"ANOVA"
"100",7,"Gossas","control",NA,"s2",325.096233999814,36.9627286153654,144.255355102856,259.66500688176,407.015033061375,"GLMM"
"101",7,"Gossas","control",NA,"s3",284.925373134328,22.1891213089035,145,244.277931123326,332.336481983508,"ANOVA"
"102",7,"Gossas","control",NA,"s3",325.096233999814,36.9627286153654,144.255355102856,259.66500688176,407.015033061375,"GLMM"
"103",7,"Gossas","control",NA,"s4",284.925373134328,22.1891213089035,145,244.277931123326,332.336481983508,"ANOVA"
"104",7,"Gossas","control",NA,"s4",325.096233999814,36.9627286153654,144.255355102856,259.66500688176,407.015033061375,"GLMM"
"105",7,"Gossas","fertilized",NA,"s1",640.387499999999,45.4546883537672,145,556.56524900606,736.833912804685,"ANOVA"
"106",7,"Gossas","fertilized",NA,"s1",734.964808667971,79.0013504230741,144.255355102856,594.287849478976,908.942140503003,"GLMM"
"107",7,"Gossas","fertilized",NA,"s2",640.387499999999,45.4546883537672,145,556.56524900606,736.833912804685,"ANOVA"
"108",7,"Gossas","fertilized",NA,"s2",734.964808667971,79.0013504230741,144.255355102856,594.287849478976,908.942140503003,"GLMM"
"109",7,"Gossas","fertilized",NA,"s3",640.387499999999,45.4546883537672,145,556.56524900606,736.833912804685,"ANOVA"
"110",7,"Gossas","fertilized",NA,"s3",734.964808667971,79.0013504230741,144.255355102856,594.287849478976,908.942140503003,"GLMM"
"111",7,"Gossas","fertilized",700,"s4",640.387499999999,45.4546883537672,145,556.56524900606,736.833912804685,"ANOVA"
"112",7,"Gossas","fertilized",700,"s4",734.964808667971,79.0013504230741,144.255355102856,594.287849478976,908.942140503003,"GLMM"
"113",8,"Gossas","control",NA,"s1",284.925373134328,22.1891213089035,145,244.277931123326,332.336481983508,"ANOVA"
"114",8,"Gossas","control",NA,"s1",325.096233999814,36.9627286153654,144.255355102856,259.66500688176,407.015033061375,"GLMM"
"115",8,"Gossas","control",NA,"s2",284.925373134328,22.1891213089035,145,244.277931123326,332.336481983508,"ANOVA"
"116",8,"Gossas","control",NA,"s2",325.096233999814,36.9627286153654,144.255355102856,259.66500688176,407.015033061375,"GLMM"
"117",8,"Gossas","control",NA,"s3",284.925373134328,22.1891213089035,145,244.277931123326,332.336481983508,"ANOVA"
"118",8,"Gossas","control",NA,"s3",325.096233999814,36.9627286153654,144.255355102856,259.66500688176,407.015033061375,"GLMM"
"119",8,"Gossas","control",150,"s4",284.925373134328,22.1891213089035,145,244.277931123326,332.336481983508,"ANOVA"
"120",8,"Gossas","control",150,"s4",325.096233999814,36.9627286153654,144.255355102856,259.66500688176,407.015033061375,"GLMM"
"121",8,"Gossas","fertilized",NA,"s1",640.387499999999,45.4546883537672,145,556.56524900606,736.833912804685,"ANOVA"
"122",8,"Gossas","fertilized",NA,"s1",734.964808667971,79.0013504230741,144.255355102856,594.287849478976,908.942140503003,"GLMM"
"123",8,"Gossas","fertilized",NA,"s2",640.387499999999,45.4546883537672,145,556.56524900606,736.833912804685,"ANOVA"
"124",8,"Gossas","fertilized",NA,"s2",734.964808667971,79.0013504230741,144.255355102856,594.287849478976,908.942140503003,"GLMM"
"125",8,"Gossas","fertilized",NA,"s3",640.387499999999,45.4546883537672,145,556.56524900606,736.833912804685,"ANOVA"
"126",8,"Gossas","fertilized",NA,"s3",734.964808667971,79.0013504230741,144.255355102856,594.287849478976,908.942140503003,"GLMM"
"127",8,"Gossas","fertilized",200,"s4",640.387499999999,45.4546883537672,145,556.56524900606,736.833912804685,"ANOVA"
"128",8,"Gossas","fertilized",200,"s4",734.964808667971,79.0013504230741,144.255355102856,594.287849478976,908.942140503003,"GLMM"
"129",9,"Gossas","control",NA,"s1",284.925373134328,22.1891213089035,145,244.277931123326,332.336481983508,"ANOVA"
"130",9,"Gossas","control",NA,"s1",325.096233999814,36.9627286153654,144.255355102856,259.66500688176,407.015033061375,"GLMM"
"131",9,"Gossas","control",NA,"s2",284.925373134328,22.1891213089035,145,244.277931123326,332.336481983508,"ANOVA"
"132",9,"Gossas","control",NA,"s2",325.096233999814,36.9627286153654,144.255355102856,259.66500688176,407.015033061375,"GLMM"
"133",9,"Gossas","control",NA,"s3",284.925373134328,22.1891213089035,145,244.277931123326,332.336481983508,"ANOVA"
"134",9,"Gossas","control",NA,"s3",325.096233999814,36.9627286153654,144.255355102856,259.66500688176,407.015033061375,"GLMM"
"135",9,"Gossas","control",302,"s4",284.925373134328,22.1891213089035,145,244.277931123326,332.336481983508,"ANOVA"
"136",9,"Gossas","control",302,"s4",325.096233999814,36.9627286153654,144.255355102856,259.66500688176,407.015033061375,"GLMM"
"137",9,"Gossas","fertilized",NA,"s1",640.387499999999,45.4546883537672,145,556.56524900606,736.833912804685,"ANOVA"
"138",9,"Gossas","fertilized",NA,"s1",734.964808667971,79.0013504230741,144.255355102856,594.287849478976,908.942140503003,"GLMM"
"139",9,"Gossas","fertilized",NA,"s2",640.387499999999,45.4546883537672,145,556.56524900606,736.833912804685,"ANOVA"
"140",9,"Gossas","fertilized",NA,"s2",734.964808667971,79.0013504230741,144.255355102856,594.287849478976,908.942140503003,"GLMM"
"141",9,"Gossas","fertilized",NA,"s3",640.387499999999,45.4546883537672,145,556.56524900606,736.833912804685,"ANOVA"
"142",9,"Gossas","fertilized",NA,"s3",734.964808667971,79.0013504230741,144.255355102856,594.287849478976,908.942140503003,"GLMM"
"143",9,"Gossas","fertilized",436,"s4",640.387499999999,45.4546883537672,145,556.56524900606,736.833912804685,"ANOVA"
"144",9,"Gossas","fertilized",436,"s4",734.964808667971,79.0013504230741,144.255355102856,594.287849478976,908.942140503003,"GLMM"
"145",10,"Gossas","control",NA,"s1",284.925373134328,22.1891213089035,145,244.277931123326,332.336481983508,"ANOVA"
"146",10,"Gossas","control",NA,"s1",325.096233999814,36.9627286153654,144.255355102856,259.66500688176,407.015033061375,"GLMM"
"147",10,"Gossas","control",NA,"s2",284.925373134328,22.1891213089035,145,244.277931123326,332.336481983508,"ANOVA"
"148",10,"Gossas","control",NA,"s2",325.096233999814,36.9627286153654,144.255355102856,259.66500688176,407.015033061375,"GLMM"
"149",10,"Gossas","control",NA,"s3",284.925373134328,22.1891213089035,145,244.277931123326,332.336481983508,"ANOVA"
"150",10,"Gossas","control",NA,"s3",325.096233999814,36.9627286153654,144.255355102856,259.66500688176,407.015033061375,"GLMM"
"151",10,"Gossas","control",50,"s4",284.925373134328,22.1891213089035,145,244.277931123326,332.336481983508,"ANOVA"
"152",10,"Gossas","control",50,"s4",325.096233999814,36.9627286153654,144.255355102856,259.66500688176,407.015033061375,"GLMM"
"153",10,"Gossas","fertilized",NA,"s1",640.387499999999,45.4546883537672,145,556.56524900606,736.833912804685,"ANOVA"
"154",10,"Gossas","fertilized",NA,"s1",734.964808667971,79.0013504230741,144.255355102856,594.287849478976,908.942140503003,"GLMM"
"155",10,"Gossas","fertilized",NA,"s2",640.387499999999,45.4546883537672,145,556.56524900606,736.833912804685,"ANOVA"
"156",10,"Gossas","fertilized",NA,"s2",734.964808667971,79.0013504230741,144.255355102856,594.287849478976,908.942140503003,"GLMM"
"157",10,"Gossas","fertilized",NA,"s3",640.387499999999,45.4546883537672,145,556.56524900606,736.833912804685,"ANOVA"
"158",10,"Gossas","fertilized",NA,"s3",734.964808667971,79.0013504230741,144.255355102856,594.287849478976,908.942140503003,"GLMM"
"159",10,"Gossas","fertilized",100,"s4",640.387499999999,45.4546883537672,145,556.56524900606,736.833912804685,"ANOVA"
"160",10,"Gossas","fertilized",100,"s4",734.964808667971,79.0013504230741,144.255355102856,594.287849478976,908.942140503003,"GLMM"
"161",11,"Gossas","control",NA,"s1",284.925373134328,22.1891213089035,145,244.277931123326,332.336481983508,"ANOVA"
"162",11,"Gossas","control",NA,"s1",325.096233999814,36.9627286153654,144.255355102856,259.66500688176,407.015033061375,"GLMM"
"163",11,"Gossas","control",NA,"s2",284.925373134328,22.1891213089035,145,244.277931123326,332.336481983508,"ANOVA"
"164",11,"Gossas","control",NA,"s2",325.096233999814,36.9627286153654,144.255355102856,259.66500688176,407.015033061375,"GLMM"
"165",11,"Gossas","control",NA,"s3",284.925373134328,22.1891213089035,145,244.277931123326,332.336481983508,"ANOVA"
"166",11,"Gossas","control",NA,"s3",325.096233999814,36.9627286153654,144.255355102856,259.66500688176,407.015033061375,"GLMM"
"167",11,"Gossas","control",1400,"s4",284.925373134328,22.1891213089035,145,244.277931123326,332.336481983508,"ANOVA"
"168",11,"Gossas","control",1400,"s4",325.096233999814,36.9627286153654,144.255355102856,259.66500688176,407.015033061375,"GLMM"
"169",11,"Gossas","fertilized",NA,"s1",640.387499999999,45.4546883537672,145,556.56524900606,736.833912804685,"ANOVA"
"170",11,"Gossas","fertilized",NA,"s1",734.964808667971,79.0013504230741,144.255355102856,594.287849478976,908.942140503003,"GLMM"
"171",11,"Gossas","fertilized",NA,"s2",640.387499999999,45.4546883537672,145,556.56524900606,736.833912804685,"ANOVA"
"172",11,"Gossas","fertilized",NA,"s2",734.964808667971,79.0013504230741,144.255355102856,594.287849478976,908.942140503003,"GLMM"
"173",11,"Gossas","fertilized",NA,"s3",640.387499999999,45.4546883537672,145,556.56524900606,736.833912804685,"ANOVA"
"174",11,"Gossas","fertilized",NA,"s3",734.964808667971,79.0013504230741,144.255355102856,594.287849478976,908.942140503003,"GLMM"
"175",11,"Gossas","fertilized",2216,"s4",640.387499999999,45.4546883537672,145,556.56524900606,736.833912804685,"ANOVA"
"176",11,"Gossas","fertilized",2216,"s4",734.964808667971,79.0013504230741,144.255355102856,594.287849478976,908.942140503003,"GLMM"
"177",12,"Gossas","control",NA,"s1",284.925373134328,22.1891213089035,145,244.277931123326,332.336481983508,"ANOVA"
"178",12,"Gossas","control",NA,"s1",325.096233999814,36.9627286153654,144.255355102856,259.66500688176,407.015033061375,"GLMM"
"179",12,"Gossas","control",NA,"s2",284.925373134328,22.1891213089035,145,244.277931123326,332.336481983508,"ANOVA"
"180",12,"Gossas","control",NA,"s2",325.096233999814,36.9627286153654,144.255355102856,259.66500688176,407.015033061375,"GLMM"
"181",12,"Gossas","control",NA,"s3",284.925373134328,22.1891213089035,145,244.277931123326,332.336481983508,"ANOVA"
"182",12,"Gossas","control",NA,"s3",325.096233999814,36.9627286153654,144.255355102856,259.66500688176,407.015033061375,"GLMM"
"183",12,"Gossas","control",190,"s4",284.925373134328,22.1891213089035,145,244.277931123326,332.336481983508,"ANOVA"
"184",12,"Gossas","control",190,"s4",325.096233999814,36.9627286153654,144.255355102856,259.66500688176,407.015033061375,"GLMM"
"185",12,"Gossas","fertilized",NA,"s1",640.387499999999,45.4546883537672,145,556.56524900606,736.833912804685,"ANOVA"
"186",12,"Gossas","fertilized",NA,"s1",734.964808667971,79.0013504230741,144.255355102856,594.287849478976,908.942140503003,"GLMM"
"187",12,"Gossas","fertilized",NA,"s2",640.387499999999,45.4546883537672,145,556.56524900606,736.833912804685,"ANOVA"
"188",12,"Gossas","fertilized",NA,"s2",734.964808667971,79.0013504230741,144.255355102856,594.287849478976,908.942140503003,"GLMM"
"189",12,"Gossas","fertilized",NA,"s3",640.387499999999,45.4546883537672,145,556.56524900606,736.833912804685,"ANOVA"
"190",12,"Gossas","fertilized",NA,"s3",734.964808667971,79.0013504230741,144.255355102856,594.287849478976,908.942140503003,"GLMM"
"191",12,"Gossas","fertilized",390,"s4",640.387499999999,45.4546883537672,145,556.56524900606,736.833912804685,"ANOVA"
"192",12,"Gossas","fertilized",390,"s4",734.964808667971,79.0013504230741,144.255355102856,594.287849478976,908.942140503003,"GLMM"
"193",13,"Gossas","control",NA,"s1",284.925373134328,22.1891213089035,145,244.277931123326,332.336481983508,"ANOVA"
"194",13,"Gossas","control",NA,"s1",325.096233999814,36.9627286153654,144.255355102856,259.66500688176,407.015033061375,"GLMM"
"195",13,"Gossas","control",NA,"s2",284.925373134328,22.1891213089035,145,244.277931123326,332.336481983508,"ANOVA"
"196",13,"Gossas","control",NA,"s2",325.096233999814,36.9627286153654,144.255355102856,259.66500688176,407.015033061375,"GLMM"
"197",13,"Gossas","control",NA,"s3",284.925373134328,22.1891213089035,145,244.277931123326,332.336481983508,"ANOVA"
"198",13,"Gossas","control",NA,"s3",325.096233999814,36.9627286153654,144.255355102856,259.66500688176,407.015033061375,"GLMM"
"199",13,"Gossas","control",160,"s4",284.925373134328,22.1891213089035,145,244.277931123326,332.336481983508,"ANOVA"
"200",13,"Gossas","control",160,"s4",325.096233999814,36.9627286153654,144.255355102856,259.66500688176,407.015033061375,"GLMM"
"201",13,"Gossas","fertilized",NA,"s1",640.387499999999,45.4546883537672,145,556.56524900606,736.833912804685,"ANOVA"
"202",13,"Gossas","fertilized",NA,"s1",734.964808667971,79.0013504230741,144.255355102856,594.287849478976,908.942140503003,"GLMM"
"203",13,"Gossas","fertilized",NA,"s2",640.387499999999,45.4546883537672,145,556.56524900606,736.833912804685,"ANOVA"
"204",13,"Gossas","fertilized",NA,"s2",734.964808667971,79.0013504230741,144.255355102856,594.287849478976,908.942140503003,"GLMM"
"205",13,"Gossas","fertilized",NA,"s3",640.387499999999,45.4546883537672,145,556.56524900606,736.833912804685,"ANOVA"
"206",13,"Gossas","fertilized",NA,"s3",734.964808667971,79.0013504230741,144.255355102856,594.287849478976,908.942140503003,"GLMM"
"207",13,"Gossas","fertilized",1126,"s4",640.387499999999,45.4546883537672,145,556.56524900606,736.833912804685,"ANOVA"
"208",13,"Gossas","fertilized",1126,"s4",734.964808667971,79.0013504230741,144.255355102856,594.287849478976,908.942140503003,"GLMM"
"209",14,"Gossas","control",NA,"s1",284.925373134328,22.1891213089035,145,244.277931123326,332.336481983508,"ANOVA"
"210",14,"Gossas","control",NA,"s1",325.096233999814,36.9627286153654,144.255355102856,259.66500688176,407.015033061375,"GLMM"
"211",14,"Gossas","control",NA,"s2",284.925373134328,22.1891213089035,145,244.277931123326,332.336481983508,"ANOVA"
"212",14,"Gossas","control",NA,"s2",325.096233999814,36.9627286153654,144.255355102856,259.66500688176,407.015033061375,"GLMM"
"213",14,"Gossas","control",NA,"s3",284.925373134328,22.1891213089035,145,244.277931123326,332.336481983508,"ANOVA"
"214",14,"Gossas","control",NA,"s3",325.096233999814,36.9627286153654,144.255355102856,259.66500688176,407.015033061375,"GLMM"
"215",14,"Gossas","control",NA,"s4",284.925373134328,22.1891213089035,145,244.277931123326,332.336481983508,"ANOVA"
"216",14,"Gossas","control",NA,"s4",325.096233999814,36.9627286153654,144.255355102856,259.66500688176,407.015033061375,"GLMM"
"217",14,"Gossas","fertilized",NA,"s1",640.387499999999,45.4546883537672,145,556.56524900606,736.833912804685,"ANOVA"
"218",14,"Gossas","fertilized",NA,"s1",734.964808667971,79.0013504230741,144.255355102856,594.287849478976,908.942140503003,"GLMM"
"219",14,"Gossas","fertilized",NA,"s2",640.387499999999,45.4546883537672,145,556.56524900606,736.833912804685,"ANOVA"
"220",14,"Gossas","fertilized",NA,"s2",734.964808667971,79.0013504230741,144.255355102856,594.287849478976,908.942140503003,"GLMM"
"221",14,"Gossas","fertilized",NA,"s3",640.387499999999,45.4546883537672,145,556.56524900606,736.833912804685,"ANOVA"
"222",14,"Gossas","fertilized",NA,"s3",734.964808667971,79.0013504230741,144.255355102856,594.287849478976,908.942140503003,"GLMM"
"223",14,"Gossas","fertilized",485,"s4",640.387499999999,45.4546883537672,145,556.56524900606,736.833912804685,"ANOVA"
"224",14,"Gossas","fertilized",485,"s4",734.964808667971,79.0013504230741,144.255355102856,594.287849478976,908.942140503003,"GLMM"
"225",15,"Gossas","control",NA,"s1",284.925373134328,22.1891213089035,145,244.277931123326,332.336481983508,"ANOVA"
"226",15,"Gossas","control",NA,"s1",325.096233999814,36.9627286153654,144.255355102856,259.66500688176,407.015033061375,"GLMM"
"227",15,"Gossas","control",NA,"s2",284.925373134328,22.1891213089035,145,244.277931123326,332.336481983508,"ANOVA"
"228",15,"Gossas","control",NA,"s2",325.096233999814,36.9627286153654,144.255355102856,259.66500688176,407.015033061375,"GLMM"
"229",15,"Gossas","control",NA,"s3",284.925373134328,22.1891213089035,145,244.277931123326,332.336481983508,"ANOVA"
"230",15,"Gossas","control",NA,"s3",325.096233999814,36.9627286153654,144.255355102856,259.66500688176,407.015033061375,"GLMM"
"231",15,"Gossas","control",NA,"s4",284.925373134328,22.1891213089035,145,244.277931123326,332.336481983508,"ANOVA"
"232",15,"Gossas","control",NA,"s4",325.096233999814,36.9627286153654,144.255355102856,259.66500688176,407.015033061375,"GLMM"
"233",15,"Gossas","fertilized",NA,"s1",640.387499999999,45.4546883537672,145,556.56524900606,736.833912804685,"ANOVA"
"234",15,"Gossas","fertilized",NA,"s1",734.964808667971,79.0013504230741,144.255355102856,594.287849478976,908.942140503003,"GLMM"
"235",15,"Gossas","fertilized",NA,"s2",640.387499999999,45.4546883537672,145,556.56524900606,736.833912804685,"ANOVA"
"236",15,"Gossas","fertilized",NA,"s2",734.964808667971,79.0013504230741,144.255355102856,594.287849478976,908.942140503003,"GLMM"
"237",15,"Gossas","fertilized",NA,"s3",640.387499999999,45.4546883537672,145,556.56524900606,736.833912804685,"ANOVA"
"238",15,"Gossas","fertilized",NA,"s3",734.964808667971,79.0013504230741,144.255355102856,594.287849478976,908.942140503003,"GLMM"
"239",15,"Gossas","fertilized",NA,"s4",640.387499999999,45.4546883537672,145,556.56524900606,736.833912804685,"ANOVA"
"240",15,"Gossas","fertilized",NA,"s4",734.964808667971,79.0013504230741,144.255355102856,594.287849478976,908.942140503003,"GLMM"
"241",16,"Gossas","control",NA,"s1",284.925373134328,22.1891213089035,145,244.277931123326,332.336481983508,"ANOVA"
"242",16,"Gossas","control",NA,"s1",325.096233999814,36.9627286153654,144.255355102856,259.66500688176,407.015033061375,"GLMM"
"243",16,"Gossas","control",NA,"s2",284.925373134328,22.1891213089035,145,244.277931123326,332.336481983508,"ANOVA"
"244",16,"Gossas","control",NA,"s2",325.096233999814,36.9627286153654,144.255355102856,259.66500688176,407.015033061375,"GLMM"
"245",16,"Gossas","control",NA,"s3",284.925373134328,22.1891213089035,145,244.277931123326,332.336481983508,"ANOVA"
"246",16,"Gossas","control",NA,"s3",325.096233999814,36.9627286153654,144.255355102856,259.66500688176,407.015033061375,"GLMM"
"247",16,"Gossas","control",219,"s4",284.925373134328,22.1891213089035,145,244.277931123326,332.336481983508,"ANOVA"
"248",16,"Gossas","control",219,"s4",325.096233999814,36.9627286153654,144.255355102856,259.66500688176,407.015033061375,"GLMM"
"249",16,"Gossas","fertilized",NA,"s1",640.387499999999,45.4546883537672,145,556.56524900606,736.833912804685,"ANOVA"
"250",16,"Gossas","fertilized",NA,"s1",734.964808667971,79.0013504230741,144.255355102856,594.287849478976,908.942140503003,"GLMM"
"251",16,"Gossas","fertilized",NA,"s2",640.387499999999,45.4546883537672,145,556.56524900606,736.833912804685,"ANOVA"
"252",16,"Gossas","fertilized",NA,"s2",734.964808667971,79.0013504230741,144.255355102856,594.287849478976,908.942140503003,"GLMM"
"253",16,"Gossas","fertilized",NA,"s3",640.387499999999,45.4546883537672,145,556.56524900606,736.833912804685,"ANOVA"
"254",16,"Gossas","fertilized",NA,"s3",734.964808667971,79.0013504230741,144.255355102856,594.287849478976,908.942140503003,"GLMM"
"255",16,"Gossas","fertilized",1089,"s4",640.387499999999,45.4546883537672,145,556.56524900606,736.833912804685,"ANOVA"
"256",16,"Gossas","fertilized",1089,"s4",734.964808667971,79.0013504230741,144.255355102856,594.287849478976,908.942140503003,"GLMM"
"257",17,"Gossas","control",NA,"s1",284.925373134328,22.1891213089035,145,244.277931123326,332.336481983508,"ANOVA"
"258",17,"Gossas","control",NA,"s1",325.096233999814,36.9627286153654,144.255355102856,259.66500688176,407.015033061375,"GLMM"
"259",17,"Gossas","control",NA,"s2",284.925373134328,22.1891213089035,145,244.277931123326,332.336481983508,"ANOVA"
"260",17,"Gossas","control",NA,"s2",325.096233999814,36.9627286153654,144.255355102856,259.66500688176,407.015033061375,"GLMM"
"261",17,"Gossas","control",NA,"s3",284.925373134328,22.1891213089035,145,244.277931123326,332.336481983508,"ANOVA"
"262",17,"Gossas","control",NA,"s3",325.096233999814,36.9627286153654,144.255355102856,259.66500688176,407.015033061375,"GLMM"
"263",17,"Gossas","control",NA,"s4",284.925373134328,22.1891213089035,145,244.277931123326,332.336481983508,"ANOVA"
"264",17,"Gossas","control",NA,"s4",325.096233999814,36.9627286153654,144.255355102856,259.66500688176,407.015033061375,"GLMM"
"265",17,"Gossas","fertilized",NA,"s1",640.387499999999,45.4546883537672,145,556.56524900606,736.833912804685,"ANOVA"
"266",17,"Gossas","fertilized",NA,"s1",734.964808667971,79.0013504230741,144.255355102856,594.287849478976,908.942140503003,"GLMM"
"267",17,"Gossas","fertilized",NA,"s2",640.387499999999,45.4546883537672,145,556.56524900606,736.833912804685,"ANOVA"
"268",17,"Gossas","fertilized",NA,"s2",734.964808667971,79.0013504230741,144.255355102856,594.287849478976,908.942140503003,"GLMM"
"269",17,"Gossas","fertilized",NA,"s3",640.387499999999,45.4546883537672,145,556.56524900606,736.833912804685,"ANOVA"
"270",17,"Gossas","fertilized",NA,"s3",734.964808667971,79.0013504230741,144.255355102856,594.287849478976,908.942140503003,"GLMM"
"271",17,"Gossas","fertilized",495,"s4",640.387499999999,45.4546883537672,145,556.56524900606,736.833912804685,"ANOVA"
"272",17,"Gossas","fertilized",495,"s4",734.964808667971,79.0013504230741,144.255355102856,594.287849478976,908.942140503003,"GLMM"
"273",18,"Gossas","control",NA,"s1",284.925373134328,22.1891213089035,145,244.277931123326,332.336481983508,"ANOVA"
"274",18,"Gossas","control",NA,"s1",325.096233999814,36.9627286153654,144.255355102856,259.66500688176,407.015033061375,"GLMM"
"275",18,"Gossas","control",NA,"s2",284.925373134328,22.1891213089035,145,244.277931123326,332.336481983508,"ANOVA"
"276",18,"Gossas","control",NA,"s2",325.096233999814,36.9627286153654,144.255355102856,259.66500688176,407.015033061375,"GLMM"
"277",18,"Gossas","control",NA,"s3",284.925373134328,22.1891213089035,145,244.277931123326,332.336481983508,"ANOVA"
"278",18,"Gossas","control",NA,"s3",325.096233999814,36.9627286153654,144.255355102856,259.66500688176,407.015033061375,"GLMM"
"279",18,"Gossas","control",324,"s4",284.925373134328,22.1891213089035,145,244.277931123326,332.336481983508,"ANOVA"
"280",18,"Gossas","control",324,"s4",325.096233999814,36.9627286153654,144.255355102856,259.66500688176,407.015033061375,"GLMM"
"281",18,"Gossas","fertilized",NA,"s1",640.387499999999,45.4546883537672,145,556.56524900606,736.833912804685,"ANOVA"
"282",18,"Gossas","fertilized",NA,"s1",734.964808667971,79.0013504230741,144.255355102856,594.287849478976,908.942140503003,"GLMM"
"283",18,"Gossas","fertilized",NA,"s2",640.387499999999,45.4546883537672,145,556.56524900606,736.833912804685,"ANOVA"
"284",18,"Gossas","fertilized",NA,"s2",734.964808667971,79.0013504230741,144.255355102856,594.287849478976,908.942140503003,"GLMM"
"285",18,"Gossas","fertilized",NA,"s3",640.387499999999,45.4546883537672,145,556.56524900606,736.833912804685,"ANOVA"
"286",18,"Gossas","fertilized",NA,"s3",734.964808667971,79.0013504230741,144.255355102856,594.287849478976,908.942140503003,"GLMM"
"287",18,"Gossas","fertilized",509,"s4",640.387499999999,45.4546883537672,145,556.56524900606,736.833912804685,"ANOVA"
"288",18,"Gossas","fertilized",509,"s4",734.964808667971,79.0013504230741,144.255355102856,594.287849478976,908.942140503003,"GLMM"
"289",19,"Gossas","control",NA,"s1",284.925373134328,22.1891213089035,145,244.277931123326,332.336481983508,"ANOVA"
"290",19,"Gossas","control",NA,"s1",325.096233999814,36.9627286153654,144.255355102856,259.66500688176,407.015033061375,"GLMM"
"291",19,"Gossas","control",NA,"s2",284.925373134328,22.1891213089035,145,244.277931123326,332.336481983508,"ANOVA"
"292",19,"Gossas","control",NA,"s2",325.096233999814,36.9627286153654,144.255355102856,259.66500688176,407.015033061375,"GLMM"
"293",19,"Gossas","control",NA,"s3",284.925373134328,22.1891213089035,145,244.277931123326,332.336481983508,"ANOVA"
"294",19,"Gossas","control",NA,"s3",325.096233999814,36.9627286153654,144.255355102856,259.66500688176,407.015033061375,"GLMM"
"295",19,"Gossas","control",558,"s4",284.925373134328,22.1891213089035,145,244.277931123326,332.336481983508,"ANOVA"
"296",19,"Gossas","control",558,"s4",325.096233999814,36.9627286153654,144.255355102856,259.66500688176,407.015033061375,"GLMM"
"297",19,"Gossas","fertilized",NA,"s1",640.387499999999,45.4546883537672,145,556.56524900606,736.833912804685,"ANOVA"
"298",19,"Gossas","fertilized",NA,"s1",734.964808667971,79.0013504230741,144.255355102856,594.287849478976,908.942140503003,"GLMM"
"299",19,"Gossas","fertilized",NA,"s2",640.387499999999,45.4546883537672,145,556.56524900606,736.833912804685,"ANOVA"
"300",19,"Gossas","fertilized",NA,"s2",734.964808667971,79.0013504230741,144.255355102856,594.287849478976,908.942140503003,"GLMM"
"301",19,"Gossas","fertilized",NA,"s3",640.387499999999,45.4546883537672,145,556.56524900606,736.833912804685,"ANOVA"
"302",19,"Gossas","fertilized",NA,"s3",734.964808667971,79.0013504230741,144.255355102856,594.287849478976,908.942140503003,"GLMM"
"303",19,"Gossas","fertilized",1314,"s4",640.387499999999,45.4546883537672,145,556.56524900606,736.833912804685,"ANOVA"
"304",19,"Gossas","fertilized",1314,"s4",734.964808667971,79.0013504230741,144.255355102856,594.287849478976,908.942140503003,"GLMM"
"305",20,"Gossas","control",NA,"s1",284.925373134328,22.1891213089035,145,244.277931123326,332.336481983508,"ANOVA"
"306",20,"Gossas","control",NA,"s1",325.096233999814,36.9627286153654,144.255355102856,259.66500688176,407.015033061375,"GLMM"
"307",20,"Gossas","control",NA,"s2",284.925373134328,22.1891213089035,145,244.277931123326,332.336481983508,"ANOVA"
"308",20,"Gossas","control",NA,"s2",325.096233999814,36.9627286153654,144.255355102856,259.66500688176,407.015033061375,"GLMM"
"309",20,"Gossas","control",NA,"s3",284.925373134328,22.1891213089035,145,244.277931123326,332.336481983508,"ANOVA"
"310",20,"Gossas","control",NA,"s3",325.096233999814,36.9627286153654,144.255355102856,259.66500688176,407.015033061375,"GLMM"
"311",20,"Gossas","control",626,"s4",284.925373134328,22.1891213089035,145,244.277931123326,332.336481983508,"ANOVA"
"312",20,"Gossas","control",626,"s4",325.096233999814,36.9627286153654,144.255355102856,259.66500688176,407.015033061375,"GLMM"
"313",20,"Gossas","fertilized",NA,"s1",640.387499999999,45.4546883537672,145,556.56524900606,736.833912804685,"ANOVA"
"314",20,"Gossas","fertilized",NA,"s1",734.964808667971,79.0013504230741,144.255355102856,594.287849478976,908.942140503003,"GLMM"
"315",20,"Gossas","fertilized",NA,"s2",640.387499999999,45.4546883537672,145,556.56524900606,736.833912804685,"ANOVA"
"316",20,"Gossas","fertilized",NA,"s2",734.964808667971,79.0013504230741,144.255355102856,594.287849478976,908.942140503003,"GLMM"
"317",20,"Gossas","fertilized",NA,"s3",640.387499999999,45.4546883537672,145,556.56524900606,736.833912804685,"ANOVA"
"318",20,"Gossas","fertilized",NA,"s3",734.964808667971,79.0013504230741,144.255355102856,594.287849478976,908.942140503003,"GLMM"
"319",20,"Gossas","fertilized",598,"s4",640.387499999999,45.4546883537672,145,556.56524900606,736.833912804685,"ANOVA"
"320",20,"Gossas","fertilized",598,"s4",734.964808667971,79.0013504230741,144.255355102856,594.287849478976,908.942140503003,"GLMM"
"321",21,"Gossas","control",NA,"s1",284.925373134328,22.1891213089035,145,244.277931123326,332.336481983508,"ANOVA"
"322",21,"Gossas","control",NA,"s1",325.096233999814,36.9627286153654,144.255355102856,259.66500688176,407.015033061375,"GLMM"
"323",21,"Gossas","control",NA,"s2",284.925373134328,22.1891213089035,145,244.277931123326,332.336481983508,"ANOVA"
"324",21,"Gossas","control",NA,"s2",325.096233999814,36.9627286153654,144.255355102856,259.66500688176,407.015033061375,"GLMM"
"325",21,"Gossas","control",NA,"s3",284.925373134328,22.1891213089035,145,244.277931123326,332.336481983508,"ANOVA"
"326",21,"Gossas","control",NA,"s3",325.096233999814,36.9627286153654,144.255355102856,259.66500688176,407.015033061375,"GLMM"
"327",21,"Gossas","control",776,"s4",284.925373134328,22.1891213089035,145,244.277931123326,332.336481983508,"ANOVA"
"328",21,"Gossas","control",776,"s4",325.096233999814,36.9627286153654,144.255355102856,259.66500688176,407.015033061375,"GLMM"
"329",21,"Gossas","fertilized",NA,"s1",640.387499999999,45.4546883537672,145,556.56524900606,736.833912804685,"ANOVA"
"330",21,"Gossas","fertilized",NA,"s1",734.964808667971,79.0013504230741,144.255355102856,594.287849478976,908.942140503003,"GLMM"
"331",21,"Gossas","fertilized",NA,"s2",640.387499999999,45.4546883537672,145,556.56524900606,736.833912804685,"ANOVA"
"332",21,"Gossas","fertilized",NA,"s2",734.964808667971,79.0013504230741,144.255355102856,594.287849478976,908.942140503003,"GLMM"
"333",21,"Gossas","fertilized",NA,"s3",640.387499999999,45.4546883537672,145,556.56524900606,736.833912804685,"ANOVA"
"334",21,"Gossas","fertilized",NA,"s3",734.964808667971,79.0013504230741,144.255355102856,594.287849478976,908.942140503003,"GLMM"
"335",21,"Gossas","fertilized",1824,"s4",640.387499999999,45.4546883537672,145,556.56524900606,736.833912804685,"ANOVA"
"336",21,"Gossas","fertilized",1824,"s4",734.964808667971,79.0013504230741,144.255355102856,594.287849478976,908.942140503003,"GLMM"
"337",22,"Gossas","control",NA,"s1",284.925373134328,22.1891213089035,145,244.277931123326,332.336481983508,"ANOVA"
"338",22,"Gossas","control",NA,"s1",325.096233999814,36.9627286153654,144.255355102856,259.66500688176,407.015033061375,"GLMM"
"339",22,"Gossas","control",NA,"s2",284.925373134328,22.1891213089035,145,244.277931123326,332.336481983508,"ANOVA"
"340",22,"Gossas","control",NA,"s2",325.096233999814,36.9627286153654,144.255355102856,259.66500688176,407.015033061375,"GLMM"
"341",22,"Gossas","control",NA,"s3",284.925373134328,22.1891213089035,145,244.277931123326,332.336481983508,"ANOVA"
"342",22,"Gossas","control",NA,"s3",325.096233999814,36.9627286153654,144.255355102856,259.66500688176,407.015033061375,"GLMM"
"343",22,"Gossas","control",279,"s4",284.925373134328,22.1891213089035,145,244.277931123326,332.336481983508,"ANOVA"
"344",22,"Gossas","control",279,"s4",325.096233999814,36.9627286153654,144.255355102856,259.66500688176,407.015033061375,"GLMM"
"345",22,"Gossas","fertilized",NA,"s1",640.387499999999,45.4546883537672,145,556.56524900606,736.833912804685,"ANOVA"
"346",22,"Gossas","fertilized",NA,"s1",734.964808667971,79.0013504230741,144.255355102856,594.287849478976,908.942140503003,"GLMM"
"347",22,"Gossas","fertilized",NA,"s2",640.387499999999,45.4546883537672,145,556.56524900606,736.833912804685,"ANOVA"
"348",22,"Gossas","fertilized",NA,"s2",734.964808667971,79.0013504230741,144.255355102856,594.287849478976,908.942140503003,"GLMM"
"349",22,"Gossas","fertilized",NA,"s3",640.387499999999,45.4546883537672,145,556.56524900606,736.833912804685,"ANOVA"
"350",22,"Gossas","fertilized",NA,"s3",734.964808667971,79.0013504230741,144.255355102856,594.287849478976,908.942140503003,"GLMM"
"351",22,"Gossas","fertilized",558,"s4",640.387499999999,45.4546883537672,145,556.56524900606,736.833912804685,"ANOVA"
"352",22,"Gossas","fertilized",558,"s4",734.964808667971,79.0013504230741,144.255355102856,594.287849478976,908.942140503003,"GLMM"
"353",23,"Gossas","control",NA,"s1",284.925373134328,22.1891213089035,145,244.277931123326,332.336481983508,"ANOVA"
"354",23,"Gossas","control",NA,"s1",325.096233999814,36.9627286153654,144.255355102856,259.66500688176,407.015033061375,"GLMM"
"355",23,"Gossas","control",NA,"s2",284.925373134328,22.1891213089035,145,244.277931123326,332.336481983508,"ANOVA"
"356",23,"Gossas","control",NA,"s2",325.096233999814,36.9627286153654,144.255355102856,259.66500688176,407.015033061375,"GLMM"
"357",23,"Gossas","control",NA,"s3",284.925373134328,22.1891213089035,145,244.277931123326,332.336481983508,"ANOVA"
"358",23,"Gossas","control",NA,"s3",325.096233999814,36.9627286153654,144.255355102856,259.66500688176,407.015033061375,"GLMM"
"359",23,"Gossas","control",450,"s4",284.925373134328,22.1891213089035,145,244.277931123326,332.336481983508,"ANOVA"
"360",23,"Gossas","control",450,"s4",325.096233999814,36.9627286153654,144.255355102856,259.66500688176,407.015033061375,"GLMM"
"361",23,"Gossas","fertilized",NA,"s1",640.387499999999,45.4546883537672,145,556.56524900606,736.833912804685,"ANOVA"
"362",23,"Gossas","fertilized",NA,"s1",734.964808667971,79.0013504230741,144.255355102856,594.287849478976,908.942140503003,"GLMM"
"363",23,"Gossas","fertilized",NA,"s2",640.387499999999,45.4546883537672,145,556.56524900606,736.833912804685,"ANOVA"
"364",23,"Gossas","fertilized",NA,"s2",734.964808667971,79.0013504230741,144.255355102856,594.287849478976,908.942140503003,"GLMM"
"365",23,"Gossas","fertilized",NA,"s3",640.387499999999,45.4546883537672,145,556.56524900606,736.833912804685,"ANOVA"
"366",23,"Gossas","fertilized",NA,"s3",734.964808667971,79.0013504230741,144.255355102856,594.287849478976,908.942140503003,"GLMM"
"367",23,"Gossas","fertilized",950,"s4",640.387499999999,45.4546883537672,145,556.56524900606,736.833912804685,"ANOVA"
"368",23,"Gossas","fertilized",950,"s4",734.964808667971,79.0013504230741,144.255355102856,594.287849478976,908.942140503003,"GLMM"
"369",24,"Gossas","control",NA,"s1",284.925373134328,22.1891213089035,145,244.277931123326,332.336481983508,"ANOVA"
"370",24,"Gossas","control",NA,"s1",325.096233999814,36.9627286153654,144.255355102856,259.66500688176,407.015033061375,"GLMM"
"371",24,"Gossas","control",NA,"s2",284.925373134328,22.1891213089035,145,244.277931123326,332.336481983508,"ANOVA"
"372",24,"Gossas","control",NA,"s2",325.096233999814,36.9627286153654,144.255355102856,259.66500688176,407.015033061375,"GLMM"
"373",24,"Gossas","control",NA,"s3",284.925373134328,22.1891213089035,145,244.277931123326,332.336481983508,"ANOVA"
"374",24,"Gossas","control",NA,"s3",325.096233999814,36.9627286153654,144.255355102856,259.66500688176,407.015033061375,"GLMM"
"375",24,"Gossas","control",80,"s4",284.925373134328,22.1891213089035,145,244.277931123326,332.336481983508,"ANOVA"
"376",24,"Gossas","control",80,"s4",325.096233999814,36.9627286153654,144.255355102856,259.66500688176,407.015033061375,"GLMM"
"377",24,"Gossas","fertilized",NA,"s1",640.387499999999,45.4546883537672,145,556.56524900606,736.833912804685,"ANOVA"
"378",24,"Gossas","fertilized",NA,"s1",734.964808667971,79.0013504230741,144.255355102856,594.287849478976,908.942140503003,"GLMM"
"379",24,"Gossas","fertilized",NA,"s2",640.387499999999,45.4546883537672,145,556.56524900606,736.833912804685,"ANOVA"
"380",24,"Gossas","fertilized",NA,"s2",734.964808667971,79.0013504230741,144.255355102856,594.287849478976,908.942140503003,"GLMM"
"381",24,"Gossas","fertilized",NA,"s3",640.387499999999,45.4546883537672,145,556.56524900606,736.833912804685,"ANOVA"
"382",24,"Gossas","fertilized",NA,"s3",734.964808667971,79.0013504230741,144.255355102856,594.287849478976,908.942140503003,"GLMM"
"383",24,"Gossas","fertilized",546,"s4",640.387499999999,45.4546883537672,145,556.56524900606,736.833912804685,"ANOVA"
"384",24,"Gossas","fertilized",546,"s4",734.964808667971,79.0013504230741,144.255355102856,594.287849478976,908.942140503003,"GLMM"
"385",25,"Gossas","control",NA,"s1",284.925373134328,22.1891213089035,145,244.277931123326,332.336481983508,"ANOVA"
"386",25,"Gossas","control",NA,"s1",325.096233999814,36.9627286153654,144.255355102856,259.66500688176,407.015033061375,"GLMM"
"387",25,"Gossas","control",NA,"s2",284.925373134328,22.1891213089035,145,244.277931123326,332.336481983508,"ANOVA"
"388",25,"Gossas","control",NA,"s2",325.096233999814,36.9627286153654,144.255355102856,259.66500688176,407.015033061375,"GLMM"
"389",25,"Gossas","control",NA,"s3",284.925373134328,22.1891213089035,145,244.277931123326,332.336481983508,"ANOVA"
"390",25,"Gossas","control",NA,"s3",325.096233999814,36.9627286153654,144.255355102856,259.66500688176,407.015033061375,"GLMM"
"391",25,"Gossas","control",NA,"s4",284.925373134328,22.1891213089035,145,244.277931123326,332.336481983508,"ANOVA"
"392",25,"Gossas","control",NA,"s4",325.096233999814,36.9627286153654,144.255355102856,259.66500688176,407.015033061375,"GLMM"
"393",25,"Gossas","fertilized",NA,"s1",640.387499999999,45.4546883537672,145,556.56524900606,736.833912804685,"ANOVA"
"394",25,"Gossas","fertilized",NA,"s1",734.964808667971,79.0013504230741,144.255355102856,594.287849478976,908.942140503003,"GLMM"
"395",25,"Gossas","fertilized",NA,"s2",640.387499999999,45.4546883537672,145,556.56524900606,736.833912804685,"ANOVA"
"396",25,"Gossas","fertilized",NA,"s2",734.964808667971,79.0013504230741,144.255355102856,594.287849478976,908.942140503003,"GLMM"
"397",25,"Gossas","fertilized",NA,"s3",640.387499999999,45.4546883537672,145,556.56524900606,736.833912804685,"ANOVA"
"398",25,"Gossas","fertilized",NA,"s3",734.964808667971,79.0013504230741,144.255355102856,594.287849478976,908.942140503003,"GLMM"
"399",25,"Gossas","fertilized",NA,"s4",640.387499999999,45.4546883537672,145,556.56524900606,736.833912804685,"ANOVA"
"400",25,"Gossas","fertilized",NA,"s4",734.964808667971,79.0013504230741,144.255355102856,594.287849478976,908.942140503003,"GLMM"
"401",26,"Gossas","control",NA,"s1",284.925373134328,22.1891213089035,145,244.277931123326,332.336481983508,"ANOVA"
"402",26,"Gossas","control",NA,"s1",325.096233999814,36.9627286153654,144.255355102856,259.66500688176,407.015033061375,"GLMM"
"403",26,"Gossas","control",NA,"s2",284.925373134328,22.1891213089035,145,244.277931123326,332.336481983508,"ANOVA"
"404",26,"Gossas","control",NA,"s2",325.096233999814,36.9627286153654,144.255355102856,259.66500688176,407.015033061375,"GLMM"
"405",26,"Gossas","control",NA,"s3",284.925373134328,22.1891213089035,145,244.277931123326,332.336481983508,"ANOVA"
"406",26,"Gossas","control",NA,"s3",325.096233999814,36.9627286153654,144.255355102856,259.66500688176,407.015033061375,"GLMM"
"407",26,"Gossas","control",NA,"s4",284.925373134328,22.1891213089035,145,244.277931123326,332.336481983508,"ANOVA"
"408",26,"Gossas","control",NA,"s4",325.096233999814,36.9627286153654,144.255355102856,259.66500688176,407.015033061375,"GLMM"
"409",26,"Gossas","fertilized",NA,"s1",640.387499999999,45.4546883537672,145,556.56524900606,736.833912804685,"ANOVA"
"410",26,"Gossas","fertilized",NA,"s1",734.964808667971,79.0013504230741,144.255355102856,594.287849478976,908.942140503003,"GLMM"
"411",26,"Gossas","fertilized",NA,"s2",640.387499999999,45.4546883537672,145,556.56524900606,736.833912804685,"ANOVA"
"412",26,"Gossas","fertilized",NA,"s2",734.964808667971,79.0013504230741,144.255355102856,594.287849478976,908.942140503003,"GLMM"
"413",26,"Gossas","fertilized",NA,"s3",640.387499999999,45.4546883537672,145,556.56524900606,736.833912804685,"ANOVA"
"414",26,"Gossas","fertilized",NA,"s3",734.964808667971,79.0013504230741,144.255355102856,594.287849478976,908.942140503003,"GLMM"
"415",26,"Gossas","fertilized",285,"s4",640.387499999999,45.4546883537672,145,556.56524900606,736.833912804685,"ANOVA"
"416",26,"Gossas","fertilized",285,"s4",734.964808667971,79.0013504230741,144.255355102856,594.287849478976,908.942140503003,"GLMM"
"417",27,"Gossas","control",NA,"s1",284.925373134328,22.1891213089035,145,244.277931123326,332.336481983508,"ANOVA"
"418",27,"Gossas","control",NA,"s1",325.096233999814,36.9627286153654,144.255355102856,259.66500688176,407.015033061375,"GLMM"
"419",27,"Gossas","control",NA,"s2",284.925373134328,22.1891213089035,145,244.277931123326,332.336481983508,"ANOVA"
"420",27,"Gossas","control",NA,"s2",325.096233999814,36.9627286153654,144.255355102856,259.66500688176,407.015033061375,"GLMM"
"421",27,"Gossas","control",NA,"s3",284.925373134328,22.1891213089035,145,244.277931123326,332.336481983508,"ANOVA"
"422",27,"Gossas","control",NA,"s3",325.096233999814,36.9627286153654,144.255355102856,259.66500688176,407.015033061375,"GLMM"
"423",27,"Gossas","control",NA,"s4",284.925373134328,22.1891213089035,145,244.277931123326,332.336481983508,"ANOVA"
"424",27,"Gossas","control",NA,"s4",325.096233999814,36.9627286153654,144.255355102856,259.66500688176,407.015033061375,"GLMM"
"425",27,"Gossas","fertilized",NA,"s1",640.387499999999,45.4546883537672,145,556.56524900606,736.833912804685,"ANOVA"
"426",27,"Gossas","fertilized",NA,"s1",734.964808667971,79.0013504230741,144.255355102856,594.287849478976,908.942140503003,"GLMM"
"427",27,"Gossas","fertilized",NA,"s2",640.387499999999,45.4546883537672,145,556.56524900606,736.833912804685,"ANOVA"
"428",27,"Gossas","fertilized",NA,"s2",734.964808667971,79.0013504230741,144.255355102856,594.287849478976,908.942140503003,"GLMM"
"429",27,"Gossas","fertilized",NA,"s3",640.387499999999,45.4546883537672,145,556.56524900606,736.833912804685,"ANOVA"
"430",27,"Gossas","fertilized",NA,"s3",734.964808667971,79.0013504230741,144.255355102856,594.287849478976,908.942140503003,"GLMM"
"431",27,"Gossas","fertilized",NA,"s4",640.387499999999,45.4546883537672,145,556.56524900606,736.833912804685,"ANOVA"
"432",27,"Gossas","fertilized",NA,"s4",734.964808667971,79.0013504230741,144.255355102856,594.287849478976,908.942140503003,"GLMM"
"433",28,"Gossas","control",NA,"s1",284.925373134328,22.1891213089035,145,244.277931123326,332.336481983508,"ANOVA"
"434",28,"Gossas","control",NA,"s1",325.096233999814,36.9627286153654,144.255355102856,259.66500688176,407.015033061375,"GLMM"
"435",28,"Gossas","control",NA,"s2",284.925373134328,22.1891213089035,145,244.277931123326,332.336481983508,"ANOVA"
"436",28,"Gossas","control",NA,"s2",325.096233999814,36.9627286153654,144.255355102856,259.66500688176,407.015033061375,"GLMM"
"437",28,"Gossas","control",NA,"s3",284.925373134328,22.1891213089035,145,244.277931123326,332.336481983508,"ANOVA"
"438",28,"Gossas","control",NA,"s3",325.096233999814,36.9627286153654,144.255355102856,259.66500688176,407.015033061375,"GLMM"
"439",28,"Gossas","control",NA,"s4",284.925373134328,22.1891213089035,145,244.277931123326,332.336481983508,"ANOVA"
"440",28,"Gossas","control",NA,"s4",325.096233999814,36.9627286153654,144.255355102856,259.66500688176,407.015033061375,"GLMM"
"441",28,"Gossas","fertilized",NA,"s1",640.387499999999,45.4546883537672,145,556.56524900606,736.833912804685,"ANOVA"
"442",28,"Gossas","fertilized",NA,"s1",734.964808667971,79.0013504230741,144.255355102856,594.287849478976,908.942140503003,"GLMM"
"443",28,"Gossas","fertilized",NA,"s2",640.387499999999,45.4546883537672,145,556.56524900606,736.833912804685,"ANOVA"
"444",28,"Gossas","fertilized",NA,"s2",734.964808667971,79.0013504230741,144.255355102856,594.287849478976,908.942140503003,"GLMM"
"445",28,"Gossas","fertilized",NA,"s3",640.387499999999,45.4546883537672,145,556.56524900606,736.833912804685,"ANOVA"
"446",28,"Gossas","fertilized",NA,"s3",734.964808667971,79.0013504230741,144.255355102856,594.287849478976,908.942140503003,"GLMM"
"447",28,"Gossas","fertilized",NA,"s4",640.387499999999,45.4546883537672,145,556.56524900606,736.833912804685,"ANOVA"
"448",28,"Gossas","fertilized",NA,"s4",734.964808667971,79.0013504230741,144.255355102856,594.287849478976,908.942140503003,"GLMM"
"449",29,"Gossas","control",NA,"s1",284.925373134328,22.1891213089035,145,244.277931123326,332.336481983508,"ANOVA"
"450",29,"Gossas","control",NA,"s1",325.096233999814,36.9627286153654,144.255355102856,259.66500688176,407.015033061375,"GLMM"
"451",29,"Gossas","control",NA,"s2",284.925373134328,22.1891213089035,145,244.277931123326,332.336481983508,"ANOVA"
"452",29,"Gossas","control",NA,"s2",325.096233999814,36.9627286153654,144.255355102856,259.66500688176,407.015033061375,"GLMM"
"453",29,"Gossas","control",NA,"s3",284.925373134328,22.1891213089035,145,244.277931123326,332.336481983508,"ANOVA"
"454",29,"Gossas","control",NA,"s3",325.096233999814,36.9627286153654,144.255355102856,259.66500688176,407.015033061375,"GLMM"
"455",29,"Gossas","control",80,"s4",284.925373134328,22.1891213089035,145,244.277931123326,332.336481983508,"ANOVA"
"456",29,"Gossas","control",80,"s4",325.096233999814,36.9627286153654,144.255355102856,259.66500688176,407.015033061375,"GLMM"
"457",29,"Gossas","fertilized",NA,"s1",640.387499999999,45.4546883537672,145,556.56524900606,736.833912804685,"ANOVA"
"458",29,"Gossas","fertilized",NA,"s1",734.964808667971,79.0013504230741,144.255355102856,594.287849478976,908.942140503003,"GLMM"
"459",29,"Gossas","fertilized",NA,"s2",640.387499999999,45.4546883537672,145,556.56524900606,736.833912804685,"ANOVA"
"460",29,"Gossas","fertilized",NA,"s2",734.964808667971,79.0013504230741,144.255355102856,594.287849478976,908.942140503003,"GLMM"
"461",29,"Gossas","fertilized",NA,"s3",640.387499999999,45.4546883537672,145,556.56524900606,736.833912804685,"ANOVA"
"462",29,"Gossas","fertilized",NA,"s3",734.964808667971,79.0013504230741,144.255355102856,594.287849478976,908.942140503003,"GLMM"
"463",29,"Gossas","fertilized",360,"s4",640.387499999999,45.4546883537672,145,556.56524900606,736.833912804685,"ANOVA"
"464",29,"Gossas","fertilized",360,"s4",734.964808667971,79.0013504230741,144.255355102856,594.287849478976,908.942140503003,"GLMM"
"465",30,"Gossas","control",NA,"s1",284.925373134328,22.1891213089035,145,244.277931123326,332.336481983508,"ANOVA"
"466",30,"Gossas","control",NA,"s1",325.096233999814,36.9627286153654,144.255355102856,259.66500688176,407.015033061375,"GLMM"
"467",30,"Gossas","control",NA,"s2",284.925373134328,22.1891213089035,145,244.277931123326,332.336481983508,"ANOVA"
"468",30,"Gossas","control",NA,"s2",325.096233999814,36.9627286153654,144.255355102856,259.66500688176,407.015033061375,"GLMM"
"469",30,"Gossas","control",NA,"s3",284.925373134328,22.1891213089035,145,244.277931123326,332.336481983508,"ANOVA"
"470",30,"Gossas","control",NA,"s3",325.096233999814,36.9627286153654,144.255355102856,259.66500688176,407.015033061375,"GLMM"
"471",30,"Gossas","control",243,"s4",284.925373134328,22.1891213089035,145,244.277931123326,332.336481983508,"ANOVA"
"472",30,"Gossas","control",243,"s4",325.096233999814,36.9627286153654,144.255355102856,259.66500688176,407.015033061375,"GLMM"
"473",30,"Gossas","fertilized",NA,"s1",640.387499999999,45.4546883537672,145,556.56524900606,736.833912804685,"ANOVA"
"474",30,"Gossas","fertilized",NA,"s1",734.964808667971,79.0013504230741,144.255355102856,594.287849478976,908.942140503003,"GLMM"
"475",30,"Gossas","fertilized",NA,"s2",640.387499999999,45.4546883537672,145,556.56524900606,736.833912804685,"ANOVA"
"476",30,"Gossas","fertilized",NA,"s2",734.964808667971,79.0013504230741,144.255355102856,594.287849478976,908.942140503003,"GLMM"
"477",30,"Gossas","fertilized",NA,"s3",640.387499999999,45.4546883537672,145,556.56524900606,736.833912804685,"ANOVA"
"478",30,"Gossas","fertilized",NA,"s3",734.964808667971,79.0013504230741,144.255355102856,594.287849478976,908.942140503003,"GLMM"
"479",30,"Gossas","fertilized",534,"s4",640.387499999999,45.4546883537672,145,556.56524900606,736.833912804685,"ANOVA"
"480",30,"Gossas","fertilized",534,"s4",734.964808667971,79.0013504230741,144.255355102856,594.287849478976,908.942140503003,"GLMM"
"481",31,"Gossas","control",NA,"s1",284.925373134328,22.1891213089035,145,244.277931123326,332.336481983508,"ANOVA"
"482",31,"Gossas","control",NA,"s1",325.096233999814,36.9627286153654,144.255355102856,259.66500688176,407.015033061375,"GLMM"
"483",31,"Gossas","control",NA,"s2",284.925373134328,22.1891213089035,145,244.277931123326,332.336481983508,"ANOVA"
"484",31,"Gossas","control",NA,"s2",325.096233999814,36.9627286153654,144.255355102856,259.66500688176,407.015033061375,"GLMM"
"485",31,"Gossas","control",NA,"s3",284.925373134328,22.1891213089035,145,244.277931123326,332.336481983508,"ANOVA"
"486",31,"Gossas","control",NA,"s3",325.096233999814,36.9627286153654,144.255355102856,259.66500688176,407.015033061375,"GLMM"
"487",31,"Gossas","control",203,"s4",284.925373134328,22.1891213089035,145,244.277931123326,332.336481983508,"ANOVA"
"488",31,"Gossas","control",203,"s4",325.096233999814,36.9627286153654,144.255355102856,259.66500688176,407.015033061375,"GLMM"
"489",31,"Gossas","fertilized",NA,"s1",640.387499999999,45.4546883537672,145,556.56524900606,736.833912804685,"ANOVA"
"490",31,"Gossas","fertilized",NA,"s1",734.964808667971,79.0013504230741,144.255355102856,594.287849478976,908.942140503003,"GLMM"
"491",31,"Gossas","fertilized",NA,"s2",640.387499999999,45.4546883537672,145,556.56524900606,736.833912804685,"ANOVA"
"492",31,"Gossas","fertilized",NA,"s2",734.964808667971,79.0013504230741,144.255355102856,594.287849478976,908.942140503003,"GLMM"
"493",31,"Gossas","fertilized",NA,"s3",640.387499999999,45.4546883537672,145,556.56524900606,736.833912804685,"ANOVA"
"494",31,"Gossas","fertilized",NA,"s3",734.964808667971,79.0013504230741,144.255355102856,594.287849478976,908.942140503003,"GLMM"
"495",31,"Gossas","fertilized",475,"s4",640.387499999999,45.4546883537672,145,556.56524900606,736.833912804685,"ANOVA"
"496",31,"Gossas","fertilized",475,"s4",734.964808667971,79.0013504230741,144.255355102856,594.287849478976,908.942140503003,"GLMM"
"497",32,"Gossas","control",NA,"s1",284.925373134328,22.1891213089035,145,244.277931123326,332.336481983508,"ANOVA"
"498",32,"Gossas","control",NA,"s1",325.096233999814,36.9627286153654,144.255355102856,259.66500688176,407.015033061375,"GLMM"
"499",32,"Gossas","control",NA,"s2",284.925373134328,22.1891213089035,145,244.277931123326,332.336481983508,"ANOVA"
"500",32,"Gossas","control",NA,"s2",325.096233999814,36.9627286153654,144.255355102856,259.66500688176,407.015033061375,"GLMM"
"501",32,"Gossas","control",NA,"s3",284.925373134328,22.1891213089035,145,244.277931123326,332.336481983508,"ANOVA"
"502",32,"Gossas","control",NA,"s3",325.096233999814,36.9627286153654,144.255355102856,259.66500688176,407.015033061375,"GLMM"
"503",32,"Gossas","control",NA,"s4",284.925373134328,22.1891213089035,145,244.277931123326,332.336481983508,"ANOVA"
"504",32,"Gossas","control",NA,"s4",325.096233999814,36.9627286153654,144.255355102856,259.66500688176,407.015033061375,"GLMM"
"505",32,"Gossas","fertilized",NA,"s1",640.387499999999,45.4546883537672,145,556.56524900606,736.833912804685,"ANOVA"
"506",32,"Gossas","fertilized",NA,"s1",734.964808667971,79.0013504230741,144.255355102856,594.287849478976,908.942140503003,"GLMM"
"507",32,"Gossas","fertilized",NA,"s2",640.387499999999,45.4546883537672,145,556.56524900606,736.833912804685,"ANOVA"
"508",32,"Gossas","fertilized",NA,"s2",734.964808667971,79.0013504230741,144.255355102856,594.287849478976,908.942140503003,"GLMM"
"509",32,"Gossas","fertilized",NA,"s3",640.387499999999,45.4546883537672,145,556.56524900606,736.833912804685,"ANOVA"
"510",32,"Gossas","fertilized",NA,"s3",734.964808667971,79.0013504230741,144.255355102856,594.287849478976,908.942140503003,"GLMM"
"511",32,"Gossas","fertilized",NA,"s4",640.387499999999,45.4546883537672,145,556.56524900606,736.833912804685,"ANOVA"
"512",32,"Gossas","fertilized",NA,"s4",734.964808667971,79.0013504230741,144.255355102856,594.287849478976,908.942140503003,"GLMM"
"513",33,"Gossas","control",NA,"s1",284.925373134328,22.1891213089035,145,244.277931123326,332.336481983508,"ANOVA"
"514",33,"Gossas","control",NA,"s1",325.096233999814,36.9627286153654,144.255355102856,259.66500688176,407.015033061375,"GLMM"
"515",33,"Gossas","control",NA,"s2",284.925373134328,22.1891213089035,145,244.277931123326,332.336481983508,"ANOVA"
"516",33,"Gossas","control",NA,"s2",325.096233999814,36.9627286153654,144.255355102856,259.66500688176,407.015033061375,"GLMM"
"517",33,"Gossas","control",NA,"s3",284.925373134328,22.1891213089035,145,244.277931123326,332.336481983508,"ANOVA"
"518",33,"Gossas","control",NA,"s3",325.096233999814,36.9627286153654,144.255355102856,259.66500688176,407.015033061375,"GLMM"
"519",33,"Gossas","control",NA,"s4",284.925373134328,22.1891213089035,145,244.277931123326,332.336481983508,"ANOVA"
"520",33,"Gossas","control",NA,"s4",325.096233999814,36.9627286153654,144.255355102856,259.66500688176,407.015033061375,"GLMM"
"521",33,"Gossas","fertilized",NA,"s1",640.387499999999,45.4546883537672,145,556.56524900606,736.833912804685,"ANOVA"
"522",33,"Gossas","fertilized",NA,"s1",734.964808667971,79.0013504230741,144.255355102856,594.287849478976,908.942140503003,"GLMM"
"523",33,"Gossas","fertilized",NA,"s2",640.387499999999,45.4546883537672,145,556.56524900606,736.833912804685,"ANOVA"
"524",33,"Gossas","fertilized",NA,"s2",734.964808667971,79.0013504230741,144.255355102856,594.287849478976,908.942140503003,"GLMM"
"525",33,"Gossas","fertilized",NA,"s3",640.387499999999,45.4546883537672,145,556.56524900606,736.833912804685,"ANOVA"
"526",33,"Gossas","fertilized",NA,"s3",734.964808667971,79.0013504230741,144.255355102856,594.287849478976,908.942140503003,"GLMM"
"527",33,"Gossas","fertilized",NA,"s4",640.387499999999,45.4546883537672,145,556.56524900606,736.833912804685,"ANOVA"
"528",33,"Gossas","fertilized",NA,"s4",734.964808667971,79.0013504230741,144.255355102856,594.287849478976,908.942140503003,"GLMM"
"529",34,"Gossas","control",NA,"s1",284.925373134328,22.1891213089035,145,244.277931123326,332.336481983508,"ANOVA"
"530",34,"Gossas","control",NA,"s1",325.096233999814,36.9627286153654,144.255355102856,259.66500688176,407.015033061375,"GLMM"
"531",34,"Gossas","control",NA,"s2",284.925373134328,22.1891213089035,145,244.277931123326,332.336481983508,"ANOVA"
"532",34,"Gossas","control",NA,"s2",325.096233999814,36.9627286153654,144.255355102856,259.66500688176,407.015033061375,"GLMM"
"533",34,"Gossas","control",NA,"s3",284.925373134328,22.1891213089035,145,244.277931123326,332.336481983508,"ANOVA"
"534",34,"Gossas","control",NA,"s3",325.096233999814,36.9627286153654,144.255355102856,259.66500688176,407.015033061375,"GLMM"
"535",34,"Gossas","control",NA,"s4",284.925373134328,22.1891213089035,145,244.277931123326,332.336481983508,"ANOVA"
"536",34,"Gossas","control",NA,"s4",325.096233999814,36.9627286153654,144.255355102856,259.66500688176,407.015033061375,"GLMM"
"537",34,"Gossas","fertilized",NA,"s1",640.387499999999,45.4546883537672,145,556.56524900606,736.833912804685,"ANOVA"
"538",34,"Gossas","fertilized",NA,"s1",734.964808667971,79.0013504230741,144.255355102856,594.287849478976,908.942140503003,"GLMM"
"539",34,"Gossas","fertilized",NA,"s2",640.387499999999,45.4546883537672,145,556.56524900606,736.833912804685,"ANOVA"
"540",34,"Gossas","fertilized",NA,"s2",734.964808667971,79.0013504230741,144.255355102856,594.287849478976,908.942140503003,"GLMM"
"541",34,"Gossas","fertilized",NA,"s3",640.387499999999,45.4546883537672,145,556.56524900606,736.833912804685,"ANOVA"
"542",34,"Gossas","fertilized",NA,"s3",734.964808667971,79.0013504230741,144.255355102856,594.287849478976,908.942140503003,"GLMM"
"543",34,"Gossas","fertilized",325,"s4",640.387499999999,45.4546883537672,145,556.56524900606,736.833912804685,"ANOVA"
"544",34,"Gossas","fertilized",325,"s4",734.964808667971,79.0013504230741,144.255355102856,594.287849478976,908.942140503003,"GLMM"
"545",35,"Gossas","control",NA,"s1",284.925373134328,22.1891213089035,145,244.277931123326,332.336481983508,"ANOVA"
"546",35,"Gossas","control",NA,"s1",325.096233999814,36.9627286153654,144.255355102856,259.66500688176,407.015033061375,"GLMM"
"547",35,"Gossas","control",NA,"s2",284.925373134328,22.1891213089035,145,244.277931123326,332.336481983508,"ANOVA"
"548",35,"Gossas","control",NA,"s2",325.096233999814,36.9627286153654,144.255355102856,259.66500688176,407.015033061375,"GLMM"
"549",35,"Gossas","control",NA,"s3",284.925373134328,22.1891213089035,145,244.277931123326,332.336481983508,"ANOVA"
"550",35,"Gossas","control",NA,"s3",325.096233999814,36.9627286153654,144.255355102856,259.66500688176,407.015033061375,"GLMM"
"551",35,"Gossas","control",140,"s4",284.925373134328,22.1891213089035,145,244.277931123326,332.336481983508,"ANOVA"
"552",35,"Gossas","control",140,"s4",325.096233999814,36.9627286153654,144.255355102856,259.66500688176,407.015033061375,"GLMM"
"553",35,"Gossas","fertilized",NA,"s1",640.387499999999,45.4546883537672,145,556.56524900606,736.833912804685,"ANOVA"
"554",35,"Gossas","fertilized",NA,"s1",734.964808667971,79.0013504230741,144.255355102856,594.287849478976,908.942140503003,"GLMM"
"555",35,"Gossas","fertilized",NA,"s2",640.387499999999,45.4546883537672,145,556.56524900606,736.833912804685,"ANOVA"
"556",35,"Gossas","fertilized",NA,"s2",734.964808667971,79.0013504230741,144.255355102856,594.287849478976,908.942140503003,"GLMM"
"557",35,"Gossas","fertilized",NA,"s3",640.387499999999,45.4546883537672,145,556.56524900606,736.833912804685,"ANOVA"
"558",35,"Gossas","fertilized",NA,"s3",734.964808667971,79.0013504230741,144.255355102856,594.287849478976,908.942140503003,"GLMM"
"559",35,"Gossas","fertilized",163,"s4",640.387499999999,45.4546883537672,145,556.56524900606,736.833912804685,"ANOVA"
"560",35,"Gossas","fertilized",163,"s4",734.964808667971,79.0013504230741,144.255355102856,594.287849478976,908.942140503003,"GLMM"
"561",36,"Gossas","control",NA,"s1",284.925373134328,22.1891213089035,145,244.277931123326,332.336481983508,"ANOVA"
"562",36,"Gossas","control",NA,"s1",325.096233999814,36.9627286153654,144.255355102856,259.66500688176,407.015033061375,"GLMM"
"563",36,"Gossas","control",NA,"s2",284.925373134328,22.1891213089035,145,244.277931123326,332.336481983508,"ANOVA"
"564",36,"Gossas","control",NA,"s2",325.096233999814,36.9627286153654,144.255355102856,259.66500688176,407.015033061375,"GLMM"
"565",36,"Gossas","control",NA,"s3",284.925373134328,22.1891213089035,145,244.277931123326,332.336481983508,"ANOVA"
"566",36,"Gossas","control",NA,"s3",325.096233999814,36.9627286153654,144.255355102856,259.66500688176,407.015033061375,"GLMM"
"567",36,"Gossas","control",114,"s4",284.925373134328,22.1891213089035,145,244.277931123326,332.336481983508,"ANOVA"
"568",36,"Gossas","control",114,"s4",325.096233999814,36.9627286153654,144.255355102856,259.66500688176,407.015033061375,"GLMM"
"569",36,"Gossas","fertilized",NA,"s1",640.387499999999,45.4546883537672,145,556.56524900606,736.833912804685,"ANOVA"
"570",36,"Gossas","fertilized",NA,"s1",734.964808667971,79.0013504230741,144.255355102856,594.287849478976,908.942140503003,"GLMM"
"571",36,"Gossas","fertilized",NA,"s2",640.387499999999,45.4546883537672,145,556.56524900606,736.833912804685,"ANOVA"
"572",36,"Gossas","fertilized",NA,"s2",734.964808667971,79.0013504230741,144.255355102856,594.287849478976,908.942140503003,"GLMM"
"573",36,"Gossas","fertilized",NA,"s3",640.387499999999,45.4546883537672,145,556.56524900606,736.833912804685,"ANOVA"
"574",36,"Gossas","fertilized",NA,"s3",734.964808667971,79.0013504230741,144.255355102856,594.287849478976,908.942140503003,"GLMM"
"575",36,"Gossas","fertilized",313,"s4",640.387499999999,45.4546883537672,145,556.56524900606,736.833912804685,"ANOVA"
"576",36,"Gossas","fertilized",313,"s4",734.964808667971,79.0013504230741,144.255355102856,594.287849478976,908.942140503003,"GLMM"
"577",37,"Gossas","control",NA,"s1",284.925373134328,22.1891213089035,145,244.277931123326,332.336481983508,"ANOVA"
"578",37,"Gossas","control",NA,"s1",325.096233999814,36.9627286153654,144.255355102856,259.66500688176,407.015033061375,"GLMM"
"579",37,"Gossas","control",NA,"s2",284.925373134328,22.1891213089035,145,244.277931123326,332.336481983508,"ANOVA"
"580",37,"Gossas","control",NA,"s2",325.096233999814,36.9627286153654,144.255355102856,259.66500688176,407.015033061375,"GLMM"
"581",37,"Gossas","control",NA,"s3",284.925373134328,22.1891213089035,145,244.277931123326,332.336481983508,"ANOVA"
"582",37,"Gossas","control",NA,"s3",325.096233999814,36.9627286153654,144.255355102856,259.66500688176,407.015033061375,"GLMM"
"583",37,"Gossas","control",NA,"s4",284.925373134328,22.1891213089035,145,244.277931123326,332.336481983508,"ANOVA"
"584",37,"Gossas","control",NA,"s4",325.096233999814,36.9627286153654,144.255355102856,259.66500688176,407.015033061375,"GLMM"
"585",37,"Gossas","fertilized",NA,"s1",640.387499999999,45.4546883537672,145,556.56524900606,736.833912804685,"ANOVA"
"586",37,"Gossas","fertilized",NA,"s1",734.964808667971,79.0013504230741,144.255355102856,594.287849478976,908.942140503003,"GLMM"
"587",37,"Gossas","fertilized",NA,"s2",640.387499999999,45.4546883537672,145,556.56524900606,736.833912804685,"ANOVA"
"588",37,"Gossas","fertilized",NA,"s2",734.964808667971,79.0013504230741,144.255355102856,594.287849478976,908.942140503003,"GLMM"
"589",37,"Gossas","fertilized",NA,"s3",640.387499999999,45.4546883537672,145,556.56524900606,736.833912804685,"ANOVA"
"590",37,"Gossas","fertilized",NA,"s3",734.964808667971,79.0013504230741,144.255355102856,594.287849478976,908.942140503003,"GLMM"
"591",37,"Gossas","fertilized",455,"s4",640.387499999999,45.4546883537672,145,556.56524900606,736.833912804685,"ANOVA"
"592",37,"Gossas","fertilized",455,"s4",734.964808667971,79.0013504230741,144.255355102856,594.287849478976,908.942140503003,"GLMM"
"593",38,"Gossas","control",NA,"s1",284.925373134328,22.1891213089035,145,244.277931123326,332.336481983508,"ANOVA"
"594",38,"Gossas","control",NA,"s1",325.096233999814,36.9627286153654,144.255355102856,259.66500688176,407.015033061375,"GLMM"
"595",38,"Gossas","control",NA,"s2",284.925373134328,22.1891213089035,145,244.277931123326,332.336481983508,"ANOVA"
"596",38,"Gossas","control",NA,"s2",325.096233999814,36.9627286153654,144.255355102856,259.66500688176,407.015033061375,"GLMM"
"597",38,"Gossas","control",NA,"s3",284.925373134328,22.1891213089035,145,244.277931123326,332.336481983508,"ANOVA"
"598",38,"Gossas","control",NA,"s3",325.096233999814,36.9627286153654,144.255355102856,259.66500688176,407.015033061375,"GLMM"
"599",38,"Gossas","control",456,"s4",284.925373134328,22.1891213089035,145,244.277931123326,332.336481983508,"ANOVA"
"600",38,"Gossas","control",456,"s4",325.096233999814,36.9627286153654,144.255355102856,259.66500688176,407.015033061375,"GLMM"
"601",38,"Gossas","fertilized",NA,"s1",640.387499999999,45.4546883537672,145,556.56524900606,736.833912804685,"ANOVA"
"602",38,"Gossas","fertilized",NA,"s1",734.964808667971,79.0013504230741,144.255355102856,594.287849478976,908.942140503003,"GLMM"
"603",38,"Gossas","fertilized",NA,"s2",640.387499999999,45.4546883537672,145,556.56524900606,736.833912804685,"ANOVA"
"604",38,"Gossas","fertilized",NA,"s2",734.964808667971,79.0013504230741,144.255355102856,594.287849478976,908.942140503003,"GLMM"
"605",38,"Gossas","fertilized",NA,"s3",640.387499999999,45.4546883537672,145,556.56524900606,736.833912804685,"ANOVA"
"606",38,"Gossas","fertilized",NA,"s3",734.964808667971,79.0013504230741,144.255355102856,594.287849478976,908.942140503003,"GLMM"
"607",38,"Gossas","fertilized",1711,"s4",640.387499999999,45.4546883537672,145,556.56524900606,736.833912804685,"ANOVA"
"608",38,"Gossas","fertilized",1711,"s4",734.964808667971,79.0013504230741,144.255355102856,594.287849478976,908.942140503003,"GLMM"
"609",39,"Gossas","control",NA,"s1",284.925373134328,22.1891213089035,145,244.277931123326,332.336481983508,"ANOVA"
"610",39,"Gossas","control",NA,"s1",325.096233999814,36.9627286153654,144.255355102856,259.66500688176,407.015033061375,"GLMM"
"611",39,"Gossas","control",NA,"s2",284.925373134328,22.1891213089035,145,244.277931123326,332.336481983508,"ANOVA"
"612",39,"Gossas","control",NA,"s2",325.096233999814,36.9627286153654,144.255355102856,259.66500688176,407.015033061375,"GLMM"
"613",39,"Gossas","control",NA,"s3",284.925373134328,22.1891213089035,145,244.277931123326,332.336481983508,"ANOVA"
"614",39,"Gossas","control",NA,"s3",325.096233999814,36.9627286153654,144.255355102856,259.66500688176,407.015033061375,"GLMM"
"615",39,"Gossas","control",113,"s4",284.925373134328,22.1891213089035,145,244.277931123326,332.336481983508,"ANOVA"
"616",39,"Gossas","control",113,"s4",325.096233999814,36.9627286153654,144.255355102856,259.66500688176,407.015033061375,"GLMM"
"617",39,"Gossas","fertilized",NA,"s1",640.387499999999,45.4546883537672,145,556.56524900606,736.833912804685,"ANOVA"
"618",39,"Gossas","fertilized",NA,"s1",734.964808667971,79.0013504230741,144.255355102856,594.287849478976,908.942140503003,"GLMM"
"619",39,"Gossas","fertilized",NA,"s2",640.387499999999,45.4546883537672,145,556.56524900606,736.833912804685,"ANOVA"
"620",39,"Gossas","fertilized",NA,"s2",734.964808667971,79.0013504230741,144.255355102856,594.287849478976,908.942140503003,"GLMM"
"621",39,"Gossas","fertilized",NA,"s3",640.387499999999,45.4546883537672,145,556.56524900606,736.833912804685,"ANOVA"
"622",39,"Gossas","fertilized",NA,"s3",734.964808667971,79.0013504230741,144.255355102856,594.287849478976,908.942140503003,"GLMM"
"623",39,"Gossas","fertilized",182,"s4",640.387499999999,45.4546883537672,145,556.56524900606,736.833912804685,"ANOVA"
"624",39,"Gossas","fertilized",182,"s4",734.964808667971,79.0013504230741,144.255355102856,594.287849478976,908.942140503003,"GLMM"
"625",40,"Gossas","control",NA,"s1",284.925373134328,22.1891213089035,145,244.277931123326,332.336481983508,"ANOVA"
"626",40,"Gossas","control",NA,"s1",325.096233999814,36.9627286153654,144.255355102856,259.66500688176,407.015033061375,"GLMM"
"627",40,"Gossas","control",NA,"s2",284.925373134328,22.1891213089035,145,244.277931123326,332.336481983508,"ANOVA"
"628",40,"Gossas","control",NA,"s2",325.096233999814,36.9627286153654,144.255355102856,259.66500688176,407.015033061375,"GLMM"
"629",40,"Gossas","control",NA,"s3",284.925373134328,22.1891213089035,145,244.277931123326,332.336481983508,"ANOVA"
"630",40,"Gossas","control",NA,"s3",325.096233999814,36.9627286153654,144.255355102856,259.66500688176,407.015033061375,"GLMM"
"631",40,"Gossas","control",302,"s4",284.925373134328,22.1891213089035,145,244.277931123326,332.336481983508,"ANOVA"
"632",40,"Gossas","control",302,"s4",325.096233999814,36.9627286153654,144.255355102856,259.66500688176,407.015033061375,"GLMM"
"633",40,"Gossas","fertilized",NA,"s1",640.387499999999,45.4546883537672,145,556.56524900606,736.833912804685,"ANOVA"
"634",40,"Gossas","fertilized",NA,"s1",734.964808667971,79.0013504230741,144.255355102856,594.287849478976,908.942140503003,"GLMM"
"635",40,"Gossas","fertilized",NA,"s2",640.387499999999,45.4546883537672,145,556.56524900606,736.833912804685,"ANOVA"
"636",40,"Gossas","fertilized",NA,"s2",734.964808667971,79.0013504230741,144.255355102856,594.287849478976,908.942140503003,"GLMM"
"637",40,"Gossas","fertilized",NA,"s3",640.387499999999,45.4546883537672,145,556.56524900606,736.833912804685,"ANOVA"
"638",40,"Gossas","fertilized",NA,"s3",734.964808667971,79.0013504230741,144.255355102856,594.287849478976,908.942140503003,"GLMM"
"639",40,"Gossas","fertilized",925,"s4",640.387499999999,45.4546883537672,145,556.56524900606,736.833912804685,"ANOVA"
"640",40,"Gossas","fertilized",925,"s4",734.964808667971,79.0013504230741,144.255355102856,594.287849478976,908.942140503003,"GLMM"
"641",41,"Gossas","control",NA,"s1",284.925373134328,22.1891213089035,145,244.277931123326,332.336481983508,"ANOVA"
"642",41,"Gossas","control",NA,"s1",325.096233999814,36.9627286153654,144.255355102856,259.66500688176,407.015033061375,"GLMM"
"643",41,"Gossas","control",NA,"s2",284.925373134328,22.1891213089035,145,244.277931123326,332.336481983508,"ANOVA"
"644",41,"Gossas","control",NA,"s2",325.096233999814,36.9627286153654,144.255355102856,259.66500688176,407.015033061375,"GLMM"
"645",41,"Gossas","control",NA,"s3",284.925373134328,22.1891213089035,145,244.277931123326,332.336481983508,"ANOVA"
"646",41,"Gossas","control",NA,"s3",325.096233999814,36.9627286153654,144.255355102856,259.66500688176,407.015033061375,"GLMM"
"647",41,"Gossas","control",84,"s4",284.925373134328,22.1891213089035,145,244.277931123326,332.336481983508,"ANOVA"
"648",41,"Gossas","control",84,"s4",325.096233999814,36.9627286153654,144.255355102856,259.66500688176,407.015033061375,"GLMM"
"649",41,"Gossas","fertilized",NA,"s1",640.387499999999,45.4546883537672,145,556.56524900606,736.833912804685,"ANOVA"
"650",41,"Gossas","fertilized",NA,"s1",734.964808667971,79.0013504230741,144.255355102856,594.287849478976,908.942140503003,"GLMM"
"651",41,"Gossas","fertilized",NA,"s2",640.387499999999,45.4546883537672,145,556.56524900606,736.833912804685,"ANOVA"
"652",41,"Gossas","fertilized",NA,"s2",734.964808667971,79.0013504230741,144.255355102856,594.287849478976,908.942140503003,"GLMM"
"653",41,"Gossas","fertilized",NA,"s3",640.387499999999,45.4546883537672,145,556.56524900606,736.833912804685,"ANOVA"
"654",41,"Gossas","fertilized",NA,"s3",734.964808667971,79.0013504230741,144.255355102856,594.287849478976,908.942140503003,"GLMM"
"655",41,"Gossas","fertilized",432,"s4",640.387499999999,45.4546883537672,145,556.56524900606,736.833912804685,"ANOVA"
"656",41,"Gossas","fertilized",432,"s4",734.964808667971,79.0013504230741,144.255355102856,594.287849478976,908.942140503003,"GLMM"
"657",42,"Gossas","control",NA,"s1",284.925373134328,22.1891213089035,145,244.277931123326,332.336481983508,"ANOVA"
"658",42,"Gossas","control",NA,"s1",325.096233999814,36.9627286153654,144.255355102856,259.66500688176,407.015033061375,"GLMM"
"659",42,"Gossas","control",NA,"s2",284.925373134328,22.1891213089035,145,244.277931123326,332.336481983508,"ANOVA"
"660",42,"Gossas","control",NA,"s2",325.096233999814,36.9627286153654,144.255355102856,259.66500688176,407.015033061375,"GLMM"
"661",42,"Gossas","control",NA,"s3",284.925373134328,22.1891213089035,145,244.277931123326,332.336481983508,"ANOVA"
"662",42,"Gossas","control",NA,"s3",325.096233999814,36.9627286153654,144.255355102856,259.66500688176,407.015033061375,"GLMM"
"663",42,"Gossas","control",826,"s4",284.925373134328,22.1891213089035,145,244.277931123326,332.336481983508,"ANOVA"
"664",42,"Gossas","control",826,"s4",325.096233999814,36.9627286153654,144.255355102856,259.66500688176,407.015033061375,"GLMM"
"665",42,"Gossas","fertilized",NA,"s1",640.387499999999,45.4546883537672,145,556.56524900606,736.833912804685,"ANOVA"
"666",42,"Gossas","fertilized",NA,"s1",734.964808667971,79.0013504230741,144.255355102856,594.287849478976,908.942140503003,"GLMM"
"667",42,"Gossas","fertilized",NA,"s2",640.387499999999,45.4546883537672,145,556.56524900606,736.833912804685,"ANOVA"
"668",42,"Gossas","fertilized",NA,"s2",734.964808667971,79.0013504230741,144.255355102856,594.287849478976,908.942140503003,"GLMM"
"669",42,"Gossas","fertilized",NA,"s3",640.387499999999,45.4546883537672,145,556.56524900606,736.833912804685,"ANOVA"
"670",42,"Gossas","fertilized",NA,"s3",734.964808667971,79.0013504230741,144.255355102856,594.287849478976,908.942140503003,"GLMM"
"671",42,"Gossas","fertilized",900,"s4",640.387499999999,45.4546883537672,145,556.56524900606,736.833912804685,"ANOVA"
"672",42,"Gossas","fertilized",900,"s4",734.964808667971,79.0013504230741,144.255355102856,594.287849478976,908.942140503003,"GLMM"
"673",43,"Gossas","control",NA,"s1",284.925373134328,22.1891213089035,145,244.277931123326,332.336481983508,"ANOVA"
"674",43,"Gossas","control",NA,"s1",325.096233999814,36.9627286153654,144.255355102856,259.66500688176,407.015033061375,"GLMM"
"675",43,"Gossas","control",NA,"s2",284.925373134328,22.1891213089035,145,244.277931123326,332.336481983508,"ANOVA"
"676",43,"Gossas","control",NA,"s2",325.096233999814,36.9627286153654,144.255355102856,259.66500688176,407.015033061375,"GLMM"
"677",43,"Gossas","control",NA,"s3",284.925373134328,22.1891213089035,145,244.277931123326,332.336481983508,"ANOVA"
"678",43,"Gossas","control",NA,"s3",325.096233999814,36.9627286153654,144.255355102856,259.66500688176,407.015033061375,"GLMM"
"679",43,"Gossas","control",98,"s4",284.925373134328,22.1891213089035,145,244.277931123326,332.336481983508,"ANOVA"
"680",43,"Gossas","control",98,"s4",325.096233999814,36.9627286153654,144.255355102856,259.66500688176,407.015033061375,"GLMM"
"681",43,"Gossas","fertilized",NA,"s1",640.387499999999,45.4546883537672,145,556.56524900606,736.833912804685,"ANOVA"
"682",43,"Gossas","fertilized",NA,"s1",734.964808667971,79.0013504230741,144.255355102856,594.287849478976,908.942140503003,"GLMM"
"683",43,"Gossas","fertilized",NA,"s2",640.387499999999,45.4546883537672,145,556.56524900606,736.833912804685,"ANOVA"
"684",43,"Gossas","fertilized",NA,"s2",734.964808667971,79.0013504230741,144.255355102856,594.287849478976,908.942140503003,"GLMM"
"685",43,"Gossas","fertilized",NA,"s3",640.387499999999,45.4546883537672,145,556.56524900606,736.833912804685,"ANOVA"
"686",43,"Gossas","fertilized",NA,"s3",734.964808667971,79.0013504230741,144.255355102856,594.287849478976,908.942140503003,"GLMM"
"687",43,"Gossas","fertilized",278,"s4",640.387499999999,45.4546883537672,145,556.56524900606,736.833912804685,"ANOVA"
"688",43,"Gossas","fertilized",278,"s4",734.964808667971,79.0013504230741,144.255355102856,594.287849478976,908.942140503003,"GLMM"
"689",44,"Gossas","control",NA,"s1",284.925373134328,22.1891213089035,145,244.277931123326,332.336481983508,"ANOVA"
"690",44,"Gossas","control",NA,"s1",325.096233999814,36.9627286153654,144.255355102856,259.66500688176,407.015033061375,"GLMM"
"691",44,"Gossas","control",NA,"s2",284.925373134328,22.1891213089035,145,244.277931123326,332.336481983508,"ANOVA"
"692",44,"Gossas","control",NA,"s2",325.096233999814,36.9627286153654,144.255355102856,259.66500688176,407.015033061375,"GLMM"
"693",44,"Gossas","control",NA,"s3",284.925373134328,22.1891213089035,145,244.277931123326,332.336481983508,"ANOVA"
"694",44,"Gossas","control",NA,"s3",325.096233999814,36.9627286153654,144.255355102856,259.66500688176,407.015033061375,"GLMM"
"695",44,"Gossas","control",NA,"s4",284.925373134328,22.1891213089035,145,244.277931123326,332.336481983508,"ANOVA"
"696",44,"Gossas","control",NA,"s4",325.096233999814,36.9627286153654,144.255355102856,259.66500688176,407.015033061375,"GLMM"
"697",44,"Gossas","fertilized",NA,"s1",640.387499999999,45.4546883537672,145,556.56524900606,736.833912804685,"ANOVA"
"698",44,"Gossas","fertilized",NA,"s1",734.964808667971,79.0013504230741,144.255355102856,594.287849478976,908.942140503003,"GLMM"
"699",44,"Gossas","fertilized",NA,"s2",640.387499999999,45.4546883537672,145,556.56524900606,736.833912804685,"ANOVA"
"700",44,"Gossas","fertilized",NA,"s2",734.964808667971,79.0013504230741,144.255355102856,594.287849478976,908.942140503003,"GLMM"
"701",44,"Gossas","fertilized",NA,"s3",640.387499999999,45.4546883537672,145,556.56524900606,736.833912804685,"ANOVA"
"702",44,"Gossas","fertilized",NA,"s3",734.964808667971,79.0013504230741,144.255355102856,594.287849478976,908.942140503003,"GLMM"
"703",44,"Gossas","fertilized",248,"s4",640.387499999999,45.4546883537672,145,556.56524900606,736.833912804685,"ANOVA"
"704",44,"Gossas","fertilized",248,"s4",734.964808667971,79.0013504230741,144.255355102856,594.287849478976,908.942140503003,"GLMM"
"705",45,"Gossas","control",NA,"s1",284.925373134328,22.1891213089035,145,244.277931123326,332.336481983508,"ANOVA"
"706",45,"Gossas","control",NA,"s1",325.096233999814,36.9627286153654,144.255355102856,259.66500688176,407.015033061375,"GLMM"
"707",45,"Gossas","control",NA,"s2",284.925373134328,22.1891213089035,145,244.277931123326,332.336481983508,"ANOVA"
"708",45,"Gossas","control",NA,"s2",325.096233999814,36.9627286153654,144.255355102856,259.66500688176,407.015033061375,"GLMM"
"709",45,"Gossas","control",NA,"s3",284.925373134328,22.1891213089035,145,244.277931123326,332.336481983508,"ANOVA"
"710",45,"Gossas","control",NA,"s3",325.096233999814,36.9627286153654,144.255355102856,259.66500688176,407.015033061375,"GLMM"
"711",45,"Gossas","control",NA,"s4",284.925373134328,22.1891213089035,145,244.277931123326,332.336481983508,"ANOVA"
"712",45,"Gossas","control",NA,"s4",325.096233999814,36.9627286153654,144.255355102856,259.66500688176,407.015033061375,"GLMM"
"713",45,"Gossas","fertilized",NA,"s1",640.387499999999,45.4546883537672,145,556.56524900606,736.833912804685,"ANOVA"
"714",45,"Gossas","fertilized",NA,"s1",734.964808667971,79.0013504230741,144.255355102856,594.287849478976,908.942140503003,"GLMM"
"715",45,"Gossas","fertilized",NA,"s2",640.387499999999,45.4546883537672,145,556.56524900606,736.833912804685,"ANOVA"
"716",45,"Gossas","fertilized",NA,"s2",734.964808667971,79.0013504230741,144.255355102856,594.287849478976,908.942140503003,"GLMM"
"717",45,"Gossas","fertilized",NA,"s3",640.387499999999,45.4546883537672,145,556.56524900606,736.833912804685,"ANOVA"
"718",45,"Gossas","fertilized",NA,"s3",734.964808667971,79.0013504230741,144.255355102856,594.287849478976,908.942140503003,"GLMM"
"719",45,"Gossas","fertilized",NA,"s4",640.387499999999,45.4546883537672,145,556.56524900606,736.833912804685,"ANOVA"
"720",45,"Gossas","fertilized",NA,"s4",734.964808667971,79.0013504230741,144.255355102856,594.287849478976,908.942140503003,"GLMM"
"721",46,"Gossas","control",NA,"s1",284.925373134328,22.1891213089035,145,244.277931123326,332.336481983508,"ANOVA"
"722",46,"Gossas","control",NA,"s1",325.096233999814,36.9627286153654,144.255355102856,259.66500688176,407.015033061375,"GLMM"
"723",46,"Gossas","control",NA,"s2",284.925373134328,22.1891213089035,145,244.277931123326,332.336481983508,"ANOVA"
"724",46,"Gossas","control",NA,"s2",325.096233999814,36.9627286153654,144.255355102856,259.66500688176,407.015033061375,"GLMM"
"725",46,"Gossas","control",NA,"s3",284.925373134328,22.1891213089035,145,244.277931123326,332.336481983508,"ANOVA"
"726",46,"Gossas","control",NA,"s3",325.096233999814,36.9627286153654,144.255355102856,259.66500688176,407.015033061375,"GLMM"
"727",46,"Gossas","control",372,"s4",284.925373134328,22.1891213089035,145,244.277931123326,332.336481983508,"ANOVA"
"728",46,"Gossas","control",372,"s4",325.096233999814,36.9627286153654,144.255355102856,259.66500688176,407.015033061375,"GLMM"
"729",46,"Gossas","fertilized",NA,"s1",640.387499999999,45.4546883537672,145,556.56524900606,736.833912804685,"ANOVA"
"730",46,"Gossas","fertilized",NA,"s1",734.964808667971,79.0013504230741,144.255355102856,594.287849478976,908.942140503003,"GLMM"
"731",46,"Gossas","fertilized",NA,"s2",640.387499999999,45.4546883537672,145,556.56524900606,736.833912804685,"ANOVA"
"732",46,"Gossas","fertilized",NA,"s2",734.964808667971,79.0013504230741,144.255355102856,594.287849478976,908.942140503003,"GLMM"
"733",46,"Gossas","fertilized",NA,"s3",640.387499999999,45.4546883537672,145,556.56524900606,736.833912804685,"ANOVA"
"734",46,"Gossas","fertilized",NA,"s3",734.964808667971,79.0013504230741,144.255355102856,594.287849478976,908.942140503003,"GLMM"
"735",46,"Gossas","fertilized",558,"s4",640.387499999999,45.4546883537672,145,556.56524900606,736.833912804685,"ANOVA"
"736",46,"Gossas","fertilized",558,"s4",734.964808667971,79.0013504230741,144.255355102856,594.287849478976,908.942140503003,"GLMM"
"737",47,"Gossas","control",NA,"s1",284.925373134328,22.1891213089035,145,244.277931123326,332.336481983508,"ANOVA"
"738",47,"Gossas","control",NA,"s1",325.096233999814,36.9627286153654,144.255355102856,259.66500688176,407.015033061375,"GLMM"
"739",47,"Gossas","control",NA,"s2",284.925373134328,22.1891213089035,145,244.277931123326,332.336481983508,"ANOVA"
"740",47,"Gossas","control",NA,"s2",325.096233999814,36.9627286153654,144.255355102856,259.66500688176,407.015033061375,"GLMM"
"741",47,"Gossas","control",NA,"s3",284.925373134328,22.1891213089035,145,244.277931123326,332.336481983508,"ANOVA"
"742",47,"Gossas","control",NA,"s3",325.096233999814,36.9627286153654,144.255355102856,259.66500688176,407.015033061375,"GLMM"
"743",47,"Gossas","control",NA,"s4",284.925373134328,22.1891213089035,145,244.277931123326,332.336481983508,"ANOVA"
"744",47,"Gossas","control",NA,"s4",325.096233999814,36.9627286153654,144.255355102856,259.66500688176,407.015033061375,"GLMM"
"745",47,"Gossas","fertilized",NA,"s1",640.387499999999,45.4546883537672,145,556.56524900606,736.833912804685,"ANOVA"
"746",47,"Gossas","fertilized",NA,"s1",734.964808667971,79.0013504230741,144.255355102856,594.287849478976,908.942140503003,"GLMM"
"747",47,"Gossas","fertilized",NA,"s2",640.387499999999,45.4546883537672,145,556.56524900606,736.833912804685,"ANOVA"
"748",47,"Gossas","fertilized",NA,"s2",734.964808667971,79.0013504230741,144.255355102856,594.287849478976,908.942140503003,"GLMM"
"749",47,"Gossas","fertilized",NA,"s3",640.387499999999,45.4546883537672,145,556.56524900606,736.833912804685,"ANOVA"
"750",47,"Gossas","fertilized",NA,"s3",734.964808667971,79.0013504230741,144.255355102856,594.287849478976,908.942140503003,"GLMM"
"751",47,"Gossas","fertilized",NA,"s4",640.387499999999,45.4546883537672,145,556.56524900606,736.833912804685,"ANOVA"
"752",47,"Gossas","fertilized",NA,"s4",734.964808667971,79.0013504230741,144.255355102856,594.287849478976,908.942140503003,"GLMM"
"753",48,"Gossas","control",NA,"s1",284.925373134328,22.1891213089035,145,244.277931123326,332.336481983508,"ANOVA"
"754",48,"Gossas","control",NA,"s1",325.096233999814,36.9627286153654,144.255355102856,259.66500688176,407.015033061375,"GLMM"
"755",48,"Gossas","control",NA,"s2",284.925373134328,22.1891213089035,145,244.277931123326,332.336481983508,"ANOVA"
"756",48,"Gossas","control",NA,"s2",325.096233999814,36.9627286153654,144.255355102856,259.66500688176,407.015033061375,"GLMM"
"757",48,"Gossas","control",NA,"s3",284.925373134328,22.1891213089035,145,244.277931123326,332.336481983508,"ANOVA"
"758",48,"Gossas","control",NA,"s3",325.096233999814,36.9627286153654,144.255355102856,259.66500688176,407.015033061375,"GLMM"
"759",48,"Gossas","control",NA,"s4",284.925373134328,22.1891213089035,145,244.277931123326,332.336481983508,"ANOVA"
"760",48,"Gossas","control",NA,"s4",325.096233999814,36.9627286153654,144.255355102856,259.66500688176,407.015033061375,"GLMM"
"761",48,"Gossas","fertilized",NA,"s1",640.387499999999,45.4546883537672,145,556.56524900606,736.833912804685,"ANOVA"
"762",48,"Gossas","fertilized",NA,"s1",734.964808667971,79.0013504230741,144.255355102856,594.287849478976,908.942140503003,"GLMM"
"763",48,"Gossas","fertilized",NA,"s2",640.387499999999,45.4546883537672,145,556.56524900606,736.833912804685,"ANOVA"
"764",48,"Gossas","fertilized",NA,"s2",734.964808667971,79.0013504230741,144.255355102856,594.287849478976,908.942140503003,"GLMM"
"765",48,"Gossas","fertilized",NA,"s3",640.387499999999,45.4546883537672,145,556.56524900606,736.833912804685,"ANOVA"
"766",48,"Gossas","fertilized",NA,"s3",734.964808667971,79.0013504230741,144.255355102856,594.287849478976,908.942140503003,"GLMM"
"767",48,"Gossas","fertilized",676,"s4",640.387499999999,45.4546883537672,145,556.56524900606,736.833912804685,"ANOVA"
"768",48,"Gossas","fertilized",676,"s4",734.964808667971,79.0013504230741,144.255355102856,594.287849478976,908.942140503003,"GLMM"
"769",49,"Gossas","control",NA,"s1",284.925373134328,22.1891213089035,145,244.277931123326,332.336481983508,"ANOVA"
"770",49,"Gossas","control",NA,"s1",325.096233999814,36.9627286153654,144.255355102856,259.66500688176,407.015033061375,"GLMM"
"771",49,"Gossas","control",NA,"s2",284.925373134328,22.1891213089035,145,244.277931123326,332.336481983508,"ANOVA"
"772",49,"Gossas","control",NA,"s2",325.096233999814,36.9627286153654,144.255355102856,259.66500688176,407.015033061375,"GLMM"
"773",49,"Gossas","control",NA,"s3",284.925373134328,22.1891213089035,145,244.277931123326,332.336481983508,"ANOVA"
"774",49,"Gossas","control",NA,"s3",325.096233999814,36.9627286153654,144.255355102856,259.66500688176,407.015033061375,"GLMM"
"775",49,"Gossas","control",691,"s4",284.925373134328,22.1891213089035,145,244.277931123326,332.336481983508,"ANOVA"
"776",49,"Gossas","control",691,"s4",325.096233999814,36.9627286153654,144.255355102856,259.66500688176,407.015033061375,"GLMM"
"777",49,"Gossas","fertilized",NA,"s1",640.387499999999,45.4546883537672,145,556.56524900606,736.833912804685,"ANOVA"
"778",49,"Gossas","fertilized",NA,"s1",734.964808667971,79.0013504230741,144.255355102856,594.287849478976,908.942140503003,"GLMM"
"779",49,"Gossas","fertilized",NA,"s2",640.387499999999,45.4546883537672,145,556.56524900606,736.833912804685,"ANOVA"
"780",49,"Gossas","fertilized",NA,"s2",734.964808667971,79.0013504230741,144.255355102856,594.287849478976,908.942140503003,"GLMM"
"781",49,"Gossas","fertilized",NA,"s3",640.387499999999,45.4546883537672,145,556.56524900606,736.833912804685,"ANOVA"
"782",49,"Gossas","fertilized",NA,"s3",734.964808667971,79.0013504230741,144.255355102856,594.287849478976,908.942140503003,"GLMM"
"783",49,"Gossas","fertilized",996,"s4",640.387499999999,45.4546883537672,145,556.56524900606,736.833912804685,"ANOVA"
"784",49,"Gossas","fertilized",996,"s4",734.964808667971,79.0013504230741,144.255355102856,594.287849478976,908.942140503003,"GLMM"
"785",50,"Gossas","control",NA,"s1",284.925373134328,22.1891213089035,145,244.277931123326,332.336481983508,"ANOVA"
"786",50,"Gossas","control",NA,"s1",325.096233999814,36.9627286153654,144.255355102856,259.66500688176,407.015033061375,"GLMM"
"787",50,"Gossas","control",NA,"s2",284.925373134328,22.1891213089035,145,244.277931123326,332.336481983508,"ANOVA"
"788",50,"Gossas","control",NA,"s2",325.096233999814,36.9627286153654,144.255355102856,259.66500688176,407.015033061375,"GLMM"
"789",50,"Gossas","control",NA,"s3",284.925373134328,22.1891213089035,145,244.277931123326,332.336481983508,"ANOVA"
"790",50,"Gossas","control",NA,"s3",325.096233999814,36.9627286153654,144.255355102856,259.66500688176,407.015033061375,"GLMM"
"791",50,"Gossas","control",359,"s4",284.925373134328,22.1891213089035,145,244.277931123326,332.336481983508,"ANOVA"
"792",50,"Gossas","control",359,"s4",325.096233999814,36.9627286153654,144.255355102856,259.66500688176,407.015033061375,"GLMM"
"793",50,"Gossas","fertilized",NA,"s1",640.387499999999,45.4546883537672,145,556.56524900606,736.833912804685,"ANOVA"
"794",50,"Gossas","fertilized",NA,"s1",734.964808667971,79.0013504230741,144.255355102856,594.287849478976,908.942140503003,"GLMM"
"795",50,"Gossas","fertilized",NA,"s2",640.387499999999,45.4546883537672,145,556.56524900606,736.833912804685,"ANOVA"
"796",50,"Gossas","fertilized",NA,"s2",734.964808667971,79.0013504230741,144.255355102856,594.287849478976,908.942140503003,"GLMM"
"797",50,"Gossas","fertilized",NA,"s3",640.387499999999,45.4546883537672,145,556.56524900606,736.833912804685,"ANOVA"
"798",50,"Gossas","fertilized",NA,"s3",734.964808667971,79.0013504230741,144.255355102856,594.287849478976,908.942140503003,"GLMM"
"799",50,"Gossas","fertilized",453,"s4",640.387499999999,45.4546883537672,145,556.56524900606,736.833912804685,"ANOVA"
"800",50,"Gossas","fertilized",453,"s4",734.964808667971,79.0013504230741,144.255355102856,594.287849478976,908.942140503003,"GLMM"
"801",51,"Gniby","control",NA,"s1",284.925373134328,22.1891213089035,145,244.277931123326,332.336481983508,"ANOVA"
"802",51,"Gniby","control",NA,"s1",325.096233999814,36.9627286153654,144.255355102856,259.66500688176,407.015033061375,"GLMM"
"803",51,"Gniby","control",NA,"s2",284.925373134328,22.1891213089035,145,244.277931123326,332.336481983508,"ANOVA"
"804",51,"Gniby","control",NA,"s2",325.096233999814,36.9627286153654,144.255355102856,259.66500688176,407.015033061375,"GLMM"
"805",51,"Gniby","control",NA,"s3",284.925373134328,22.1891213089035,145,244.277931123326,332.336481983508,"ANOVA"
"806",51,"Gniby","control",NA,"s3",325.096233999814,36.9627286153654,144.255355102856,259.66500688176,407.015033061375,"GLMM"
"807",51,"Gniby","control",540,"s4",284.925373134328,22.1891213089035,145,244.277931123326,332.336481983508,"ANOVA"
"808",51,"Gniby","control",540,"s4",325.096233999814,36.9627286153654,144.255355102856,259.66500688176,407.015033061375,"GLMM"
"809",51,"Gniby","fertilized",NA,"s1",640.387499999999,45.4546883537672,145,556.56524900606,736.833912804685,"ANOVA"
"810",51,"Gniby","fertilized",NA,"s1",734.964808667971,79.0013504230741,144.255355102856,594.287849478976,908.942140503003,"GLMM"
"811",51,"Gniby","fertilized",NA,"s2",640.387499999999,45.4546883537672,145,556.56524900606,736.833912804685,"ANOVA"
"812",51,"Gniby","fertilized",NA,"s2",734.964808667971,79.0013504230741,144.255355102856,594.287849478976,908.942140503003,"GLMM"
"813",51,"Gniby","fertilized",NA,"s3",640.387499999999,45.4546883537672,145,556.56524900606,736.833912804685,"ANOVA"
"814",51,"Gniby","fertilized",NA,"s3",734.964808667971,79.0013504230741,144.255355102856,594.287849478976,908.942140503003,"GLMM"
"815",51,"Gniby","fertilized",720,"s4",640.387499999999,45.4546883537672,145,556.56524900606,736.833912804685,"ANOVA"
"816",51,"Gniby","fertilized",720,"s4",734.964808667971,79.0013504230741,144.255355102856,594.287849478976,908.942140503003,"GLMM"
"817",52,"Gniby","control",NA,"s1",284.925373134328,22.1891213089035,145,244.277931123326,332.336481983508,"ANOVA"
"818",52,"Gniby","control",NA,"s1",325.096233999814,36.9627286153654,144.255355102856,259.66500688176,407.015033061375,"GLMM"
"819",52,"Gniby","control",NA,"s2",284.925373134328,22.1891213089035,145,244.277931123326,332.336481983508,"ANOVA"
"820",52,"Gniby","control",NA,"s2",325.096233999814,36.9627286153654,144.255355102856,259.66500688176,407.015033061375,"GLMM"
"821",52,"Gniby","control",NA,"s3",284.925373134328,22.1891213089035,145,244.277931123326,332.336481983508,"ANOVA"
"822",52,"Gniby","control",NA,"s3",325.096233999814,36.9627286153654,144.255355102856,259.66500688176,407.015033061375,"GLMM"
"823",52,"Gniby","control",95,"s4",284.925373134328,22.1891213089035,145,244.277931123326,332.336481983508,"ANOVA"
"824",52,"Gniby","control",95,"s4",325.096233999814,36.9627286153654,144.255355102856,259.66500688176,407.015033061375,"GLMM"
"825",52,"Gniby","fertilized",NA,"s1",640.387499999999,45.4546883537672,145,556.56524900606,736.833912804685,"ANOVA"
"826",52,"Gniby","fertilized",NA,"s1",734.964808667971,79.0013504230741,144.255355102856,594.287849478976,908.942140503003,"GLMM"
"827",52,"Gniby","fertilized",NA,"s2",640.387499999999,45.4546883537672,145,556.56524900606,736.833912804685,"ANOVA"
"828",52,"Gniby","fertilized",NA,"s2",734.964808667971,79.0013504230741,144.255355102856,594.287849478976,908.942140503003,"GLMM"
"829",52,"Gniby","fertilized",NA,"s3",640.387499999999,45.4546883537672,145,556.56524900606,736.833912804685,"ANOVA"
"830",52,"Gniby","fertilized",NA,"s3",734.964808667971,79.0013504230741,144.255355102856,594.287849478976,908.942140503003,"GLMM"
"831",52,"Gniby","fertilized",630,"s4",640.387499999999,45.4546883537672,145,556.56524900606,736.833912804685,"ANOVA"
"832",52,"Gniby","fertilized",630,"s4",734.964808667971,79.0013504230741,144.255355102856,594.287849478976,908.942140503003,"GLMM"
"833",53,"Gniby","control",NA,"s1",284.925373134328,22.1891213089035,145,244.277931123326,332.336481983508,"ANOVA"
"834",53,"Gniby","control",NA,"s1",325.096233999814,36.9627286153654,144.255355102856,259.66500688176,407.015033061375,"GLMM"
"835",53,"Gniby","control",NA,"s2",284.925373134328,22.1891213089035,145,244.277931123326,332.336481983508,"ANOVA"
"836",53,"Gniby","control",NA,"s2",325.096233999814,36.9627286153654,144.255355102856,259.66500688176,407.015033061375,"GLMM"
"837",53,"Gniby","control",NA,"s3",284.925373134328,22.1891213089035,145,244.277931123326,332.336481983508,"ANOVA"
"838",53,"Gniby","control",NA,"s3",325.096233999814,36.9627286153654,144.255355102856,259.66500688176,407.015033061375,"GLMM"
"839",53,"Gniby","control",214,"s4",284.925373134328,22.1891213089035,145,244.277931123326,332.336481983508,"ANOVA"
"840",53,"Gniby","control",214,"s4",325.096233999814,36.9627286153654,144.255355102856,259.66500688176,407.015033061375,"GLMM"
"841",53,"Gniby","fertilized",NA,"s1",640.387499999999,45.4546883537672,145,556.56524900606,736.833912804685,"ANOVA"
"842",53,"Gniby","fertilized",NA,"s1",734.964808667971,79.0013504230741,144.255355102856,594.287849478976,908.942140503003,"GLMM"
"843",53,"Gniby","fertilized",NA,"s2",640.387499999999,45.4546883537672,145,556.56524900606,736.833912804685,"ANOVA"
"844",53,"Gniby","fertilized",NA,"s2",734.964808667971,79.0013504230741,144.255355102856,594.287849478976,908.942140503003,"GLMM"
"845",53,"Gniby","fertilized",NA,"s3",640.387499999999,45.4546883537672,145,556.56524900606,736.833912804685,"ANOVA"
"846",53,"Gniby","fertilized",NA,"s3",734.964808667971,79.0013504230741,144.255355102856,594.287849478976,908.942140503003,"GLMM"
"847",53,"Gniby","fertilized",722,"s4",640.387499999999,45.4546883537672,145,556.56524900606,736.833912804685,"ANOVA"
"848",53,"Gniby","fertilized",722,"s4",734.964808667971,79.0013504230741,144.255355102856,594.287849478976,908.942140503003,"GLMM"
"849",54,"Gniby","control",NA,"s1",284.925373134328,22.1891213089035,145,244.277931123326,332.336481983508,"ANOVA"
"850",54,"Gniby","control",NA,"s1",325.096233999814,36.9627286153654,144.255355102856,259.66500688176,407.015033061375,"GLMM"
"851",54,"Gniby","control",NA,"s2",284.925373134328,22.1891213089035,145,244.277931123326,332.336481983508,"ANOVA"
"852",54,"Gniby","control",NA,"s2",325.096233999814,36.9627286153654,144.255355102856,259.66500688176,407.015033061375,"GLMM"
"853",54,"Gniby","control",NA,"s3",284.925373134328,22.1891213089035,145,244.277931123326,332.336481983508,"ANOVA"
"854",54,"Gniby","control",NA,"s3",325.096233999814,36.9627286153654,144.255355102856,259.66500688176,407.015033061375,"GLMM"
"855",54,"Gniby","control",130,"s4",284.925373134328,22.1891213089035,145,244.277931123326,332.336481983508,"ANOVA"
"856",54,"Gniby","control",130,"s4",325.096233999814,36.9627286153654,144.255355102856,259.66500688176,407.015033061375,"GLMM"
"857",54,"Gniby","fertilized",NA,"s1",640.387499999999,45.4546883537672,145,556.56524900606,736.833912804685,"ANOVA"
"858",54,"Gniby","fertilized",NA,"s1",734.964808667971,79.0013504230741,144.255355102856,594.287849478976,908.942140503003,"GLMM"
"859",54,"Gniby","fertilized",NA,"s2",640.387499999999,45.4546883537672,145,556.56524900606,736.833912804685,"ANOVA"
"860",54,"Gniby","fertilized",NA,"s2",734.964808667971,79.0013504230741,144.255355102856,594.287849478976,908.942140503003,"GLMM"
"861",54,"Gniby","fertilized",NA,"s3",640.387499999999,45.4546883537672,145,556.56524900606,736.833912804685,"ANOVA"
"862",54,"Gniby","fertilized",NA,"s3",734.964808667971,79.0013504230741,144.255355102856,594.287849478976,908.942140503003,"GLMM"
"863",54,"Gniby","fertilized",630,"s4",640.387499999999,45.4546883537672,145,556.56524900606,736.833912804685,"ANOVA"
"864",54,"Gniby","fertilized",630,"s4",734.964808667971,79.0013504230741,144.255355102856,594.287849478976,908.942140503003,"GLMM"
"865",55,"Gniby","control",NA,"s1",284.925373134328,22.1891213089035,145,244.277931123326,332.336481983508,"ANOVA"
"866",55,"Gniby","control",NA,"s1",325.096233999814,36.9627286153654,144.255355102856,259.66500688176,407.015033061375,"GLMM"
"867",55,"Gniby","control",NA,"s2",284.925373134328,22.1891213089035,145,244.277931123326,332.336481983508,"ANOVA"
"868",55,"Gniby","control",NA,"s2",325.096233999814,36.9627286153654,144.255355102856,259.66500688176,407.015033061375,"GLMM"
"869",55,"Gniby","control",NA,"s3",284.925373134328,22.1891213089035,145,244.277931123326,332.336481983508,"ANOVA"
"870",55,"Gniby","control",NA,"s3",325.096233999814,36.9627286153654,144.255355102856,259.66500688176,407.015033061375,"GLMM"
"871",55,"Gniby","control",NA,"s4",284.925373134328,22.1891213089035,145,244.277931123326,332.336481983508,"ANOVA"
"872",55,"Gniby","control",NA,"s4",325.096233999814,36.9627286153654,144.255355102856,259.66500688176,407.015033061375,"GLMM"
"873",55,"Gniby","fertilized",NA,"s1",640.387499999999,45.4546883537672,145,556.56524900606,736.833912804685,"ANOVA"
"874",55,"Gniby","fertilized",NA,"s1",734.964808667971,79.0013504230741,144.255355102856,594.287849478976,908.942140503003,"GLMM"
"875",55,"Gniby","fertilized",NA,"s2",640.387499999999,45.4546883537672,145,556.56524900606,736.833912804685,"ANOVA"
"876",55,"Gniby","fertilized",NA,"s2",734.964808667971,79.0013504230741,144.255355102856,594.287849478976,908.942140503003,"GLMM"
"877",55,"Gniby","fertilized",NA,"s3",640.387499999999,45.4546883537672,145,556.56524900606,736.833912804685,"ANOVA"
"878",55,"Gniby","fertilized",NA,"s3",734.964808667971,79.0013504230741,144.255355102856,594.287849478976,908.942140503003,"GLMM"
"879",55,"Gniby","fertilized",NA,"s4",640.387499999999,45.4546883537672,145,556.56524900606,736.833912804685,"ANOVA"
"880",55,"Gniby","fertilized",NA,"s4",734.964808667971,79.0013504230741,144.255355102856,594.287849478976,908.942140503003,"GLMM"
"881",56,"Gniby","control",NA,"s1",284.925373134328,22.1891213089035,145,244.277931123326,332.336481983508,"ANOVA"
"882",56,"Gniby","control",NA,"s1",325.096233999814,36.9627286153654,144.255355102856,259.66500688176,407.015033061375,"GLMM"
"883",56,"Gniby","control",NA,"s2",284.925373134328,22.1891213089035,145,244.277931123326,332.336481983508,"ANOVA"
"884",56,"Gniby","control",NA,"s2",325.096233999814,36.9627286153654,144.255355102856,259.66500688176,407.015033061375,"GLMM"
"885",56,"Gniby","control",NA,"s3",284.925373134328,22.1891213089035,145,244.277931123326,332.336481983508,"ANOVA"
"886",56,"Gniby","control",NA,"s3",325.096233999814,36.9627286153654,144.255355102856,259.66500688176,407.015033061375,"GLMM"
"887",56,"Gniby","control",150,"s4",284.925373134328,22.1891213089035,145,244.277931123326,332.336481983508,"ANOVA"
"888",56,"Gniby","control",150,"s4",325.096233999814,36.9627286153654,144.255355102856,259.66500688176,407.015033061375,"GLMM"
"889",56,"Gniby","fertilized",NA,"s1",640.387499999999,45.4546883537672,145,556.56524900606,736.833912804685,"ANOVA"
"890",56,"Gniby","fertilized",NA,"s1",734.964808667971,79.0013504230741,144.255355102856,594.287849478976,908.942140503003,"GLMM"
"891",56,"Gniby","fertilized",NA,"s2",640.387499999999,45.4546883537672,145,556.56524900606,736.833912804685,"ANOVA"
"892",56,"Gniby","fertilized",NA,"s2",734.964808667971,79.0013504230741,144.255355102856,594.287849478976,908.942140503003,"GLMM"
"893",56,"Gniby","fertilized",NA,"s3",640.387499999999,45.4546883537672,145,556.56524900606,736.833912804685,"ANOVA"
"894",56,"Gniby","fertilized",NA,"s3",734.964808667971,79.0013504230741,144.255355102856,594.287849478976,908.942140503003,"GLMM"
"895",56,"Gniby","fertilized",500,"s4",640.387499999999,45.4546883537672,145,556.56524900606,736.833912804685,"ANOVA"
"896",56,"Gniby","fertilized",500,"s4",734.964808667971,79.0013504230741,144.255355102856,594.287849478976,908.942140503003,"GLMM"
"897",57,"Gniby","control",NA,"s1",284.925373134328,22.1891213089035,145,244.277931123326,332.336481983508,"ANOVA"
"898",57,"Gniby","control",NA,"s1",325.096233999814,36.9627286153654,144.255355102856,259.66500688176,407.015033061375,"GLMM"
"899",57,"Gniby","control",NA,"s2",284.925373134328,22.1891213089035,145,244.277931123326,332.336481983508,"ANOVA"
"900",57,"Gniby","control",NA,"s2",325.096233999814,36.9627286153654,144.255355102856,259.66500688176,407.015033061375,"GLMM"
"901",57,"Gniby","control",NA,"s3",284.925373134328,22.1891213089035,145,244.277931123326,332.336481983508,"ANOVA"
"902",57,"Gniby","control",NA,"s3",325.096233999814,36.9627286153654,144.255355102856,259.66500688176,407.015033061375,"GLMM"
"903",57,"Gniby","control",160,"s4",284.925373134328,22.1891213089035,145,244.277931123326,332.336481983508,"ANOVA"
"904",57,"Gniby","control",160,"s4",325.096233999814,36.9627286153654,144.255355102856,259.66500688176,407.015033061375,"GLMM"
"905",57,"Gniby","fertilized",NA,"s1",640.387499999999,45.4546883537672,145,556.56524900606,736.833912804685,"ANOVA"
"906",57,"Gniby","fertilized",NA,"s1",734.964808667971,79.0013504230741,144.255355102856,594.287849478976,908.942140503003,"GLMM"
"907",57,"Gniby","fertilized",NA,"s2",640.387499999999,45.4546883537672,145,556.56524900606,736.833912804685,"ANOVA"
"908",57,"Gniby","fertilized",NA,"s2",734.964808667971,79.0013504230741,144.255355102856,594.287849478976,908.942140503003,"GLMM"
"909",57,"Gniby","fertilized",NA,"s3",640.387499999999,45.4546883537672,145,556.56524900606,736.833912804685,"ANOVA"
"910",57,"Gniby","fertilized",NA,"s3",734.964808667971,79.0013504230741,144.255355102856,594.287849478976,908.942140503003,"GLMM"
"911",57,"Gniby","fertilized",400,"s4",640.387499999999,45.4546883537672,145,556.56524900606,736.833912804685,"ANOVA"
"912",57,"Gniby","fertilized",400,"s4",734.964808667971,79.0013504230741,144.255355102856,594.287849478976,908.942140503003,"GLMM"
"913",58,"Gniby","control",NA,"s1",284.925373134328,22.1891213089035,145,244.277931123326,332.336481983508,"ANOVA"
"914",58,"Gniby","control",NA,"s1",325.096233999814,36.9627286153654,144.255355102856,259.66500688176,407.015033061375,"GLMM"
"915",58,"Gniby","control",NA,"s2",284.925373134328,22.1891213089035,145,244.277931123326,332.336481983508,"ANOVA"
"916",58,"Gniby","control",NA,"s2",325.096233999814,36.9627286153654,144.255355102856,259.66500688176,407.015033061375,"GLMM"
"917",58,"Gniby","control",NA,"s3",284.925373134328,22.1891213089035,145,244.277931123326,332.336481983508,"ANOVA"
"918",58,"Gniby","control",NA,"s3",325.096233999814,36.9627286153654,144.255355102856,259.66500688176,407.015033061375,"GLMM"
"919",58,"Gniby","control",285,"s4",284.925373134328,22.1891213089035,145,244.277931123326,332.336481983508,"ANOVA"
"920",58,"Gniby","control",285,"s4",325.096233999814,36.9627286153654,144.255355102856,259.66500688176,407.015033061375,"GLMM"
"921",58,"Gniby","fertilized",NA,"s1",640.387499999999,45.4546883537672,145,556.56524900606,736.833912804685,"ANOVA"
"922",58,"Gniby","fertilized",NA,"s1",734.964808667971,79.0013504230741,144.255355102856,594.287849478976,908.942140503003,"GLMM"
"923",58,"Gniby","fertilized",NA,"s2",640.387499999999,45.4546883537672,145,556.56524900606,736.833912804685,"ANOVA"
"924",58,"Gniby","fertilized",NA,"s2",734.964808667971,79.0013504230741,144.255355102856,594.287849478976,908.942140503003,"GLMM"
"925",58,"Gniby","fertilized",NA,"s3",640.387499999999,45.4546883537672,145,556.56524900606,736.833912804685,"ANOVA"
"926",58,"Gniby","fertilized",NA,"s3",734.964808667971,79.0013504230741,144.255355102856,594.287849478976,908.942140503003,"GLMM"
"927",58,"Gniby","fertilized",1170,"s4",640.387499999999,45.4546883537672,145,556.56524900606,736.833912804685,"ANOVA"
"928",58,"Gniby","fertilized",1170,"s4",734.964808667971,79.0013504230741,144.255355102856,594.287849478976,908.942140503003,"GLMM"
"929",59,"Gniby","control",NA,"s1",284.925373134328,22.1891213089035,145,244.277931123326,332.336481983508,"ANOVA"
"930",59,"Gniby","control",NA,"s1",325.096233999814,36.9627286153654,144.255355102856,259.66500688176,407.015033061375,"GLMM"
"931",59,"Gniby","control",NA,"s2",284.925373134328,22.1891213089035,145,244.277931123326,332.336481983508,"ANOVA"
"932",59,"Gniby","control",NA,"s2",325.096233999814,36.9627286153654,144.255355102856,259.66500688176,407.015033061375,"GLMM"
"933",59,"Gniby","control",NA,"s3",284.925373134328,22.1891213089035,145,244.277931123326,332.336481983508,"ANOVA"
"934",59,"Gniby","control",NA,"s3",325.096233999814,36.9627286153654,144.255355102856,259.66500688176,407.015033061375,"GLMM"
"935",59,"Gniby","control",285,"s4",284.925373134328,22.1891213089035,145,244.277931123326,332.336481983508,"ANOVA"
"936",59,"Gniby","control",285,"s4",325.096233999814,36.9627286153654,144.255355102856,259.66500688176,407.015033061375,"GLMM"
"937",59,"Gniby","fertilized",NA,"s1",640.387499999999,45.4546883537672,145,556.56524900606,736.833912804685,"ANOVA"
"938",59,"Gniby","fertilized",NA,"s1",734.964808667971,79.0013504230741,144.255355102856,594.287849478976,908.942140503003,"GLMM"
"939",59,"Gniby","fertilized",NA,"s2",640.387499999999,45.4546883537672,145,556.56524900606,736.833912804685,"ANOVA"
"940",59,"Gniby","fertilized",NA,"s2",734.964808667971,79.0013504230741,144.255355102856,594.287849478976,908.942140503003,"GLMM"
"941",59,"Gniby","fertilized",NA,"s3",640.387499999999,45.4546883537672,145,556.56524900606,736.833912804685,"ANOVA"
"942",59,"Gniby","fertilized",NA,"s3",734.964808667971,79.0013504230741,144.255355102856,594.287849478976,908.942140503003,"GLMM"
"943",59,"Gniby","fertilized",665,"s4",640.387499999999,45.4546883537672,145,556.56524900606,736.833912804685,"ANOVA"
"944",59,"Gniby","fertilized",665,"s4",734.964808667971,79.0013504230741,144.255355102856,594.287849478976,908.942140503003,"GLMM"
"945",60,"Gniby","control",NA,"s1",284.925373134328,22.1891213089035,145,244.277931123326,332.336481983508,"ANOVA"
"946",60,"Gniby","control",NA,"s1",325.096233999814,36.9627286153654,144.255355102856,259.66500688176,407.015033061375,"GLMM"
"947",60,"Gniby","control",NA,"s2",284.925373134328,22.1891213089035,145,244.277931123326,332.336481983508,"ANOVA"
"948",60,"Gniby","control",NA,"s2",325.096233999814,36.9627286153654,144.255355102856,259.66500688176,407.015033061375,"GLMM"
"949",60,"Gniby","control",NA,"s3",284.925373134328,22.1891213089035,145,244.277931123326,332.336481983508,"ANOVA"
"950",60,"Gniby","control",NA,"s3",325.096233999814,36.9627286153654,144.255355102856,259.66500688176,407.015033061375,"GLMM"
"951",60,"Gniby","control",NA,"s4",284.925373134328,22.1891213089035,145,244.277931123326,332.336481983508,"ANOVA"
"952",60,"Gniby","control",NA,"s4",325.096233999814,36.9627286153654,144.255355102856,259.66500688176,407.015033061375,"GLMM"
"953",60,"Gniby","fertilized",NA,"s1",640.387499999999,45.4546883537672,145,556.56524900606,736.833912804685,"ANOVA"
"954",60,"Gniby","fertilized",NA,"s1",734.964808667971,79.0013504230741,144.255355102856,594.287849478976,908.942140503003,"GLMM"
"955",60,"Gniby","fertilized",NA,"s2",640.387499999999,45.4546883537672,145,556.56524900606,736.833912804685,"ANOVA"
"956",60,"Gniby","fertilized",NA,"s2",734.964808667971,79.0013504230741,144.255355102856,594.287849478976,908.942140503003,"GLMM"
"957",60,"Gniby","fertilized",NA,"s3",640.387499999999,45.4546883537672,145,556.56524900606,736.833912804685,"ANOVA"
"958",60,"Gniby","fertilized",NA,"s3",734.964808667971,79.0013504230741,144.255355102856,594.287849478976,908.942140503003,"GLMM"
"959",60,"Gniby","fertilized",NA,"s4",640.387499999999,45.4546883537672,145,556.56524900606,736.833912804685,"ANOVA"
"960",60,"Gniby","fertilized",NA,"s4",734.964808667971,79.0013504230741,144.255355102856,594.287849478976,908.942140503003,"GLMM"
"961",61,"Gniby","control",NA,"s1",284.925373134328,22.1891213089035,145,244.277931123326,332.336481983508,"ANOVA"
"962",61,"Gniby","control",NA,"s1",325.096233999814,36.9627286153654,144.255355102856,259.66500688176,407.015033061375,"GLMM"
"963",61,"Gniby","control",NA,"s2",284.925373134328,22.1891213089035,145,244.277931123326,332.336481983508,"ANOVA"
"964",61,"Gniby","control",NA,"s2",325.096233999814,36.9627286153654,144.255355102856,259.66500688176,407.015033061375,"GLMM"
"965",61,"Gniby","control",NA,"s3",284.925373134328,22.1891213089035,145,244.277931123326,332.336481983508,"ANOVA"
"966",61,"Gniby","control",NA,"s3",325.096233999814,36.9627286153654,144.255355102856,259.66500688176,407.015033061375,"GLMM"
"967",61,"Gniby","control",341,"s4",284.925373134328,22.1891213089035,145,244.277931123326,332.336481983508,"ANOVA"
"968",61,"Gniby","control",341,"s4",325.096233999814,36.9627286153654,144.255355102856,259.66500688176,407.015033061375,"GLMM"
"969",61,"Gniby","fertilized",NA,"s1",640.387499999999,45.4546883537672,145,556.56524900606,736.833912804685,"ANOVA"
"970",61,"Gniby","fertilized",NA,"s1",734.964808667971,79.0013504230741,144.255355102856,594.287849478976,908.942140503003,"GLMM"
"971",61,"Gniby","fertilized",NA,"s2",640.387499999999,45.4546883537672,145,556.56524900606,736.833912804685,"ANOVA"
"972",61,"Gniby","fertilized",NA,"s2",734.964808667971,79.0013504230741,144.255355102856,594.287849478976,908.942140503003,"GLMM"
"973",61,"Gniby","fertilized",NA,"s3",640.387499999999,45.4546883537672,145,556.56524900606,736.833912804685,"ANOVA"
"974",61,"Gniby","fertilized",NA,"s3",734.964808667971,79.0013504230741,144.255355102856,594.287849478976,908.942140503003,"GLMM"
"975",61,"Gniby","fertilized",465,"s4",640.387499999999,45.4546883537672,145,556.56524900606,736.833912804685,"ANOVA"
"976",61,"Gniby","fertilized",465,"s4",734.964808667971,79.0013504230741,144.255355102856,594.287849478976,908.942140503003,"GLMM"
"977",62,"Gniby","control",NA,"s1",284.925373134328,22.1891213089035,145,244.277931123326,332.336481983508,"ANOVA"
"978",62,"Gniby","control",NA,"s1",325.096233999814,36.9627286153654,144.255355102856,259.66500688176,407.015033061375,"GLMM"
"979",62,"Gniby","control",NA,"s2",284.925373134328,22.1891213089035,145,244.277931123326,332.336481983508,"ANOVA"
"980",62,"Gniby","control",NA,"s2",325.096233999814,36.9627286153654,144.255355102856,259.66500688176,407.015033061375,"GLMM"
"981",62,"Gniby","control",NA,"s3",284.925373134328,22.1891213089035,145,244.277931123326,332.336481983508,"ANOVA"
"982",62,"Gniby","control",NA,"s3",325.096233999814,36.9627286153654,144.255355102856,259.66500688176,407.015033061375,"GLMM"
"983",62,"Gniby","control",375,"s4",284.925373134328,22.1891213089035,145,244.277931123326,332.336481983508,"ANOVA"
"984",62,"Gniby","control",375,"s4",325.096233999814,36.9627286153654,144.255355102856,259.66500688176,407.015033061375,"GLMM"
"985",62,"Gniby","fertilized",NA,"s1",640.387499999999,45.4546883537672,145,556.56524900606,736.833912804685,"ANOVA"
"986",62,"Gniby","fertilized",NA,"s1",734.964808667971,79.0013504230741,144.255355102856,594.287849478976,908.942140503003,"GLMM"
"987",62,"Gniby","fertilized",NA,"s2",640.387499999999,45.4546883537672,145,556.56524900606,736.833912804685,"ANOVA"
"988",62,"Gniby","fertilized",NA,"s2",734.964808667971,79.0013504230741,144.255355102856,594.287849478976,908.942140503003,"GLMM"
"989",62,"Gniby","fertilized",NA,"s3",640.387499999999,45.4546883537672,145,556.56524900606,736.833912804685,"ANOVA"
"990",62,"Gniby","fertilized",NA,"s3",734.964808667971,79.0013504230741,144.255355102856,594.287849478976,908.942140503003,"GLMM"
"991",62,"Gniby","fertilized",674,"s4",640.387499999999,45.4546883537672,145,556.56524900606,736.833912804685,"ANOVA"
"992",62,"Gniby","fertilized",674,"s4",734.964808667971,79.0013504230741,144.255355102856,594.287849478976,908.942140503003,"GLMM"
"993",63,"Gniby","control",NA,"s1",284.925373134328,22.1891213089035,145,244.277931123326,332.336481983508,"ANOVA"
"994",63,"Gniby","control",NA,"s1",325.096233999814,36.9627286153654,144.255355102856,259.66500688176,407.015033061375,"GLMM"
"995",63,"Gniby","control",NA,"s2",284.925373134328,22.1891213089035,145,244.277931123326,332.336481983508,"ANOVA"
"996",63,"Gniby","control",NA,"s2",325.096233999814,36.9627286153654,144.255355102856,259.66500688176,407.015033061375,"GLMM"
"997",63,"Gniby","control",NA,"s3",284.925373134328,22.1891213089035,145,244.277931123326,332.336481983508,"ANOVA"
"998",63,"Gniby","control",NA,"s3",325.096233999814,36.9627286153654,144.255355102856,259.66500688176,407.015033061375,"GLMM"
"999",63,"Gniby","control",NA,"s4",284.925373134328,22.1891213089035,145,244.277931123326,332.336481983508,"ANOVA"
"1000",63,"Gniby","control",NA,"s4",325.096233999814,36.9627286153654,144.255355102856,259.66500688176,407.015033061375,"GLMM"
"1001",63,"Gniby","fertilized",NA,"s1",640.387499999999,45.4546883537672,145,556.56524900606,736.833912804685,"ANOVA"
"1002",63,"Gniby","fertilized",NA,"s1",734.964808667971,79.0013504230741,144.255355102856,594.287849478976,908.942140503003,"GLMM"
"1003",63,"Gniby","fertilized",NA,"s2",640.387499999999,45.4546883537672,145,556.56524900606,736.833912804685,"ANOVA"
"1004",63,"Gniby","fertilized",NA,"s2",734.964808667971,79.0013504230741,144.255355102856,594.287849478976,908.942140503003,"GLMM"
"1005",63,"Gniby","fertilized",NA,"s3",640.387499999999,45.4546883537672,145,556.56524900606,736.833912804685,"ANOVA"
"1006",63,"Gniby","fertilized",NA,"s3",734.964808667971,79.0013504230741,144.255355102856,594.287849478976,908.942140503003,"GLMM"
"1007",63,"Gniby","fertilized",NA,"s4",640.387499999999,45.4546883537672,145,556.56524900606,736.833912804685,"ANOVA"
"1008",63,"Gniby","fertilized",NA,"s4",734.964808667971,79.0013504230741,144.255355102856,594.287849478976,908.942140503003,"GLMM"
"1009",64,"Gniby","control",NA,"s1",284.925373134328,22.1891213089035,145,244.277931123326,332.336481983508,"ANOVA"
"1010",64,"Gniby","control",NA,"s1",325.096233999814,36.9627286153654,144.255355102856,259.66500688176,407.015033061375,"GLMM"
"1011",64,"Gniby","control",NA,"s2",284.925373134328,22.1891213089035,145,244.277931123326,332.336481983508,"ANOVA"
"1012",64,"Gniby","control",NA,"s2",325.096233999814,36.9627286153654,144.255355102856,259.66500688176,407.015033061375,"GLMM"
"1013",64,"Gniby","control",NA,"s3",284.925373134328,22.1891213089035,145,244.277931123326,332.336481983508,"ANOVA"
"1014",64,"Gniby","control",NA,"s3",325.096233999814,36.9627286153654,144.255355102856,259.66500688176,407.015033061375,"GLMM"
"1015",64,"Gniby","control",263,"s4",284.925373134328,22.1891213089035,145,244.277931123326,332.336481983508,"ANOVA"
"1016",64,"Gniby","control",263,"s4",325.096233999814,36.9627286153654,144.255355102856,259.66500688176,407.015033061375,"GLMM"
"1017",64,"Gniby","fertilized",NA,"s1",640.387499999999,45.4546883537672,145,556.56524900606,736.833912804685,"ANOVA"
"1018",64,"Gniby","fertilized",NA,"s1",734.964808667971,79.0013504230741,144.255355102856,594.287849478976,908.942140503003,"GLMM"
"1019",64,"Gniby","fertilized",NA,"s2",640.387499999999,45.4546883537672,145,556.56524900606,736.833912804685,"ANOVA"
"1020",64,"Gniby","fertilized",NA,"s2",734.964808667971,79.0013504230741,144.255355102856,594.287849478976,908.942140503003,"GLMM"
"1021",64,"Gniby","fertilized",NA,"s3",640.387499999999,45.4546883537672,145,556.56524900606,736.833912804685,"ANOVA"
"1022",64,"Gniby","fertilized",NA,"s3",734.964808667971,79.0013504230741,144.255355102856,594.287849478976,908.942140503003,"GLMM"
"1023",64,"Gniby","fertilized",786,"s4",640.387499999999,45.4546883537672,145,556.56524900606,736.833912804685,"ANOVA"
"1024",64,"Gniby","fertilized",786,"s4",734.964808667971,79.0013504230741,144.255355102856,594.287849478976,908.942140503003,"GLMM"
"1025",65,"Gniby","control",NA,"s1",284.925373134328,22.1891213089035,145,244.277931123326,332.336481983508,"ANOVA"
"1026",65,"Gniby","control",NA,"s1",325.096233999814,36.9627286153654,144.255355102856,259.66500688176,407.015033061375,"GLMM"
"1027",65,"Gniby","control",NA,"s2",284.925373134328,22.1891213089035,145,244.277931123326,332.336481983508,"ANOVA"
"1028",65,"Gniby","control",NA,"s2",325.096233999814,36.9627286153654,144.255355102856,259.66500688176,407.015033061375,"GLMM"
"1029",65,"Gniby","control",NA,"s3",284.925373134328,22.1891213089035,145,244.277931123326,332.336481983508,"ANOVA"
"1030",65,"Gniby","control",NA,"s3",325.096233999814,36.9627286153654,144.255355102856,259.66500688176,407.015033061375,"GLMM"
"1031",65,"Gniby","control",NA,"s4",284.925373134328,22.1891213089035,145,244.277931123326,332.336481983508,"ANOVA"
"1032",65,"Gniby","control",NA,"s4",325.096233999814,36.9627286153654,144.255355102856,259.66500688176,407.015033061375,"GLMM"
"1033",65,"Gniby","fertilized",NA,"s1",640.387499999999,45.4546883537672,145,556.56524900606,736.833912804685,"ANOVA"
"1034",65,"Gniby","fertilized",NA,"s1",734.964808667971,79.0013504230741,144.255355102856,594.287849478976,908.942140503003,"GLMM"
"1035",65,"Gniby","fertilized",NA,"s2",640.387499999999,45.4546883537672,145,556.56524900606,736.833912804685,"ANOVA"
"1036",65,"Gniby","fertilized",NA,"s2",734.964808667971,79.0013504230741,144.255355102856,594.287849478976,908.942140503003,"GLMM"
"1037",65,"Gniby","fertilized",NA,"s3",640.387499999999,45.4546883537672,145,556.56524900606,736.833912804685,"ANOVA"
"1038",65,"Gniby","fertilized",NA,"s3",734.964808667971,79.0013504230741,144.255355102856,594.287849478976,908.942140503003,"GLMM"
"1039",65,"Gniby","fertilized",NA,"s4",640.387499999999,45.4546883537672,145,556.56524900606,736.833912804685,"ANOVA"
"1040",65,"Gniby","fertilized",NA,"s4",734.964808667971,79.0013504230741,144.255355102856,594.287849478976,908.942140503003,"GLMM"
"1041",66,"Gniby","control",NA,"s1",284.925373134328,22.1891213089035,145,244.277931123326,332.336481983508,"ANOVA"
"1042",66,"Gniby","control",NA,"s1",325.096233999814,36.9627286153654,144.255355102856,259.66500688176,407.015033061375,"GLMM"
"1043",66,"Gniby","control",NA,"s2",284.925373134328,22.1891213089035,145,244.277931123326,332.336481983508,"ANOVA"
"1044",66,"Gniby","control",NA,"s2",325.096233999814,36.9627286153654,144.255355102856,259.66500688176,407.015033061375,"GLMM"
"1045",66,"Gniby","control",NA,"s3",284.925373134328,22.1891213089035,145,244.277931123326,332.336481983508,"ANOVA"
"1046",66,"Gniby","control",NA,"s3",325.096233999814,36.9627286153654,144.255355102856,259.66500688176,407.015033061375,"GLMM"
"1047",66,"Gniby","control",NA,"s4",284.925373134328,22.1891213089035,145,244.277931123326,332.336481983508,"ANOVA"
"1048",66,"Gniby","control",NA,"s4",325.096233999814,36.9627286153654,144.255355102856,259.66500688176,407.015033061375,"GLMM"
"1049",66,"Gniby","fertilized",NA,"s1",640.387499999999,45.4546883537672,145,556.56524900606,736.833912804685,"ANOVA"
"1050",66,"Gniby","fertilized",NA,"s1",734.964808667971,79.0013504230741,144.255355102856,594.287849478976,908.942140503003,"GLMM"
"1051",66,"Gniby","fertilized",NA,"s2",640.387499999999,45.4546883537672,145,556.56524900606,736.833912804685,"ANOVA"
"1052",66,"Gniby","fertilized",NA,"s2",734.964808667971,79.0013504230741,144.255355102856,594.287849478976,908.942140503003,"GLMM"
"1053",66,"Gniby","fertilized",NA,"s3",640.387499999999,45.4546883537672,145,556.56524900606,736.833912804685,"ANOVA"
"1054",66,"Gniby","fertilized",NA,"s3",734.964808667971,79.0013504230741,144.255355102856,594.287849478976,908.942140503003,"GLMM"
"1055",66,"Gniby","fertilized",600,"s4",640.387499999999,45.4546883537672,145,556.56524900606,736.833912804685,"ANOVA"
"1056",66,"Gniby","fertilized",600,"s4",734.964808667971,79.0013504230741,144.255355102856,594.287849478976,908.942140503003,"GLMM"
"1057",67,"Gniby","control",NA,"s1",284.925373134328,22.1891213089035,145,244.277931123326,332.336481983508,"ANOVA"
"1058",67,"Gniby","control",NA,"s1",325.096233999814,36.9627286153654,144.255355102856,259.66500688176,407.015033061375,"GLMM"
"1059",67,"Gniby","control",NA,"s2",284.925373134328,22.1891213089035,145,244.277931123326,332.336481983508,"ANOVA"
"1060",67,"Gniby","control",NA,"s2",325.096233999814,36.9627286153654,144.255355102856,259.66500688176,407.015033061375,"GLMM"
"1061",67,"Gniby","control",NA,"s3",284.925373134328,22.1891213089035,145,244.277931123326,332.336481983508,"ANOVA"
"1062",67,"Gniby","control",NA,"s3",325.096233999814,36.9627286153654,144.255355102856,259.66500688176,407.015033061375,"GLMM"
"1063",67,"Gniby","control",NA,"s4",284.925373134328,22.1891213089035,145,244.277931123326,332.336481983508,"ANOVA"
"1064",67,"Gniby","control",NA,"s4",325.096233999814,36.9627286153654,144.255355102856,259.66500688176,407.015033061375,"GLMM"
"1065",67,"Gniby","fertilized",NA,"s1",640.387499999999,45.4546883537672,145,556.56524900606,736.833912804685,"ANOVA"
"1066",67,"Gniby","fertilized",NA,"s1",734.964808667971,79.0013504230741,144.255355102856,594.287849478976,908.942140503003,"GLMM"
"1067",67,"Gniby","fertilized",NA,"s2",640.387499999999,45.4546883537672,145,556.56524900606,736.833912804685,"ANOVA"
"1068",67,"Gniby","fertilized",NA,"s2",734.964808667971,79.0013504230741,144.255355102856,594.287849478976,908.942140503003,"GLMM"
"1069",67,"Gniby","fertilized",NA,"s3",640.387499999999,45.4546883537672,145,556.56524900606,736.833912804685,"ANOVA"
"1070",67,"Gniby","fertilized",NA,"s3",734.964808667971,79.0013504230741,144.255355102856,594.287849478976,908.942140503003,"GLMM"
"1071",67,"Gniby","fertilized",NA,"s4",640.387499999999,45.4546883537672,145,556.56524900606,736.833912804685,"ANOVA"
"1072",67,"Gniby","fertilized",NA,"s4",734.964808667971,79.0013504230741,144.255355102856,594.287849478976,908.942140503003,"GLMM"
"1073",68,"Gniby","control",NA,"s1",284.925373134328,22.1891213089035,145,244.277931123326,332.336481983508,"ANOVA"
"1074",68,"Gniby","control",NA,"s1",325.096233999814,36.9627286153654,144.255355102856,259.66500688176,407.015033061375,"GLMM"
"1075",68,"Gniby","control",NA,"s2",284.925373134328,22.1891213089035,145,244.277931123326,332.336481983508,"ANOVA"
"1076",68,"Gniby","control",NA,"s2",325.096233999814,36.9627286153654,144.255355102856,259.66500688176,407.015033061375,"GLMM"
"1077",68,"Gniby","control",NA,"s3",284.925373134328,22.1891213089035,145,244.277931123326,332.336481983508,"ANOVA"
"1078",68,"Gniby","control",NA,"s3",325.096233999814,36.9627286153654,144.255355102856,259.66500688176,407.015033061375,"GLMM"
"1079",68,"Gniby","control",95,"s4",284.925373134328,22.1891213089035,145,244.277931123326,332.336481983508,"ANOVA"
"1080",68,"Gniby","control",95,"s4",325.096233999814,36.9627286153654,144.255355102856,259.66500688176,407.015033061375,"GLMM"
"1081",68,"Gniby","fertilized",NA,"s1",640.387499999999,45.4546883537672,145,556.56524900606,736.833912804685,"ANOVA"
"1082",68,"Gniby","fertilized",NA,"s1",734.964808667971,79.0013504230741,144.255355102856,594.287849478976,908.942140503003,"GLMM"
"1083",68,"Gniby","fertilized",NA,"s2",640.387499999999,45.4546883537672,145,556.56524900606,736.833912804685,"ANOVA"
"1084",68,"Gniby","fertilized",NA,"s2",734.964808667971,79.0013504230741,144.255355102856,594.287849478976,908.942140503003,"GLMM"
"1085",68,"Gniby","fertilized",NA,"s3",640.387499999999,45.4546883537672,145,556.56524900606,736.833912804685,"ANOVA"
"1086",68,"Gniby","fertilized",NA,"s3",734.964808667971,79.0013504230741,144.255355102856,594.287849478976,908.942140503003,"GLMM"
"1087",68,"Gniby","fertilized",300,"s4",640.387499999999,45.4546883537672,145,556.56524900606,736.833912804685,"ANOVA"
"1088",68,"Gniby","fertilized",300,"s4",734.964808667971,79.0013504230741,144.255355102856,594.287849478976,908.942140503003,"GLMM"
"1089",69,"Gniby","control",NA,"s1",284.925373134328,22.1891213089035,145,244.277931123326,332.336481983508,"ANOVA"
"1090",69,"Gniby","control",NA,"s1",325.096233999814,36.9627286153654,144.255355102856,259.66500688176,407.015033061375,"GLMM"
"1091",69,"Gniby","control",NA,"s2",284.925373134328,22.1891213089035,145,244.277931123326,332.336481983508,"ANOVA"
"1092",69,"Gniby","control",NA,"s2",325.096233999814,36.9627286153654,144.255355102856,259.66500688176,407.015033061375,"GLMM"
"1093",69,"Gniby","control",NA,"s3",284.925373134328,22.1891213089035,145,244.277931123326,332.336481983508,"ANOVA"
"1094",69,"Gniby","control",NA,"s3",325.096233999814,36.9627286153654,144.255355102856,259.66500688176,407.015033061375,"GLMM"
"1095",69,"Gniby","control",300,"s4",284.925373134328,22.1891213089035,145,244.277931123326,332.336481983508,"ANOVA"
"1096",69,"Gniby","control",300,"s4",325.096233999814,36.9627286153654,144.255355102856,259.66500688176,407.015033061375,"GLMM"
"1097",69,"Gniby","fertilized",NA,"s1",640.387499999999,45.4546883537672,145,556.56524900606,736.833912804685,"ANOVA"
"1098",69,"Gniby","fertilized",NA,"s1",734.964808667971,79.0013504230741,144.255355102856,594.287849478976,908.942140503003,"GLMM"
"1099",69,"Gniby","fertilized",NA,"s2",640.387499999999,45.4546883537672,145,556.56524900606,736.833912804685,"ANOVA"
"1100",69,"Gniby","fertilized",NA,"s2",734.964808667971,79.0013504230741,144.255355102856,594.287849478976,908.942140503003,"GLMM"
"1101",69,"Gniby","fertilized",NA,"s3",640.387499999999,45.4546883537672,145,556.56524900606,736.833912804685,"ANOVA"
"1102",69,"Gniby","fertilized",NA,"s3",734.964808667971,79.0013504230741,144.255355102856,594.287849478976,908.942140503003,"GLMM"
"1103",69,"Gniby","fertilized",975,"s4",640.387499999999,45.4546883537672,145,556.56524900606,736.833912804685,"ANOVA"
"1104",69,"Gniby","fertilized",975,"s4",734.964808667971,79.0013504230741,144.255355102856,594.287849478976,908.942140503003,"GLMM"
"1105",70,"Gniby","control",NA,"s1",284.925373134328,22.1891213089035,145,244.277931123326,332.336481983508,"ANOVA"
"1106",70,"Gniby","control",NA,"s1",325.096233999814,36.9627286153654,144.255355102856,259.66500688176,407.015033061375,"GLMM"
"1107",70,"Gniby","control",NA,"s2",284.925373134328,22.1891213089035,145,244.277931123326,332.336481983508,"ANOVA"
"1108",70,"Gniby","control",NA,"s2",325.096233999814,36.9627286153654,144.255355102856,259.66500688176,407.015033061375,"GLMM"
"1109",70,"Gniby","control",NA,"s3",284.925373134328,22.1891213089035,145,244.277931123326,332.336481983508,"ANOVA"
"1110",70,"Gniby","control",NA,"s3",325.096233999814,36.9627286153654,144.255355102856,259.66500688176,407.015033061375,"GLMM"
"1111",70,"Gniby","control",190,"s4",284.925373134328,22.1891213089035,145,244.277931123326,332.336481983508,"ANOVA"
"1112",70,"Gniby","control",190,"s4",325.096233999814,36.9627286153654,144.255355102856,259.66500688176,407.015033061375,"GLMM"
"1113",70,"Gniby","fertilized",NA,"s1",640.387499999999,45.4546883537672,145,556.56524900606,736.833912804685,"ANOVA"
"1114",70,"Gniby","fertilized",NA,"s1",734.964808667971,79.0013504230741,144.255355102856,594.287849478976,908.942140503003,"GLMM"
"1115",70,"Gniby","fertilized",NA,"s2",640.387499999999,45.4546883537672,145,556.56524900606,736.833912804685,"ANOVA"
"1116",70,"Gniby","fertilized",NA,"s2",734.964808667971,79.0013504230741,144.255355102856,594.287849478976,908.942140503003,"GLMM"
"1117",70,"Gniby","fertilized",NA,"s3",640.387499999999,45.4546883537672,145,556.56524900606,736.833912804685,"ANOVA"
"1118",70,"Gniby","fertilized",NA,"s3",734.964808667971,79.0013504230741,144.255355102856,594.287849478976,908.942140503003,"GLMM"
"1119",70,"Gniby","fertilized",760,"s4",640.387499999999,45.4546883537672,145,556.56524900606,736.833912804685,"ANOVA"
"1120",70,"Gniby","fertilized",760,"s4",734.964808667971,79.0013504230741,144.255355102856,594.287849478976,908.942140503003,"GLMM"
"1121",71,"Gniby","control",NA,"s1",284.925373134328,22.1891213089035,145,244.277931123326,332.336481983508,"ANOVA"
"1122",71,"Gniby","control",NA,"s1",325.096233999814,36.9627286153654,144.255355102856,259.66500688176,407.015033061375,"GLMM"
"1123",71,"Gniby","control",NA,"s2",284.925373134328,22.1891213089035,145,244.277931123326,332.336481983508,"ANOVA"
"1124",71,"Gniby","control",NA,"s2",325.096233999814,36.9627286153654,144.255355102856,259.66500688176,407.015033061375,"GLMM"
"1125",71,"Gniby","control",NA,"s3",284.925373134328,22.1891213089035,145,244.277931123326,332.336481983508,"ANOVA"
"1126",71,"Gniby","control",NA,"s3",325.096233999814,36.9627286153654,144.255355102856,259.66500688176,407.015033061375,"GLMM"
"1127",71,"Gniby","control",140,"s4",284.925373134328,22.1891213089035,145,244.277931123326,332.336481983508,"ANOVA"
"1128",71,"Gniby","control",140,"s4",325.096233999814,36.9627286153654,144.255355102856,259.66500688176,407.015033061375,"GLMM"
"1129",71,"Gniby","fertilized",NA,"s1",640.387499999999,45.4546883537672,145,556.56524900606,736.833912804685,"ANOVA"
"1130",71,"Gniby","fertilized",NA,"s1",734.964808667971,79.0013504230741,144.255355102856,594.287849478976,908.942140503003,"GLMM"
"1131",71,"Gniby","fertilized",NA,"s2",640.387499999999,45.4546883537672,145,556.56524900606,736.833912804685,"ANOVA"
"1132",71,"Gniby","fertilized",NA,"s2",734.964808667971,79.0013504230741,144.255355102856,594.287849478976,908.942140503003,"GLMM"
"1133",71,"Gniby","fertilized",NA,"s3",640.387499999999,45.4546883537672,145,556.56524900606,736.833912804685,"ANOVA"
"1134",71,"Gniby","fertilized",NA,"s3",734.964808667971,79.0013504230741,144.255355102856,594.287849478976,908.942140503003,"GLMM"
"1135",71,"Gniby","fertilized",510,"s4",640.387499999999,45.4546883537672,145,556.56524900606,736.833912804685,"ANOVA"
"1136",71,"Gniby","fertilized",510,"s4",734.964808667971,79.0013504230741,144.255355102856,594.287849478976,908.942140503003,"GLMM"
"1137",72,"Gniby","control",NA,"s1",284.925373134328,22.1891213089035,145,244.277931123326,332.336481983508,"ANOVA"
"1138",72,"Gniby","control",NA,"s1",325.096233999814,36.9627286153654,144.255355102856,259.66500688176,407.015033061375,"GLMM"
"1139",72,"Gniby","control",NA,"s2",284.925373134328,22.1891213089035,145,244.277931123326,332.336481983508,"ANOVA"
"1140",72,"Gniby","control",NA,"s2",325.096233999814,36.9627286153654,144.255355102856,259.66500688176,407.015033061375,"GLMM"
"1141",72,"Gniby","control",NA,"s3",284.925373134328,22.1891213089035,145,244.277931123326,332.336481983508,"ANOVA"
"1142",72,"Gniby","control",NA,"s3",325.096233999814,36.9627286153654,144.255355102856,259.66500688176,407.015033061375,"GLMM"
"1143",72,"Gniby","control",56,"s4",284.925373134328,22.1891213089035,145,244.277931123326,332.336481983508,"ANOVA"
"1144",72,"Gniby","control",56,"s4",325.096233999814,36.9627286153654,144.255355102856,259.66500688176,407.015033061375,"GLMM"
"1145",72,"Gniby","fertilized",NA,"s1",640.387499999999,45.4546883537672,145,556.56524900606,736.833912804685,"ANOVA"
"1146",72,"Gniby","fertilized",NA,"s1",734.964808667971,79.0013504230741,144.255355102856,594.287849478976,908.942140503003,"GLMM"
"1147",72,"Gniby","fertilized",NA,"s2",640.387499999999,45.4546883537672,145,556.56524900606,736.833912804685,"ANOVA"
"1148",72,"Gniby","fertilized",NA,"s2",734.964808667971,79.0013504230741,144.255355102856,594.287849478976,908.942140503003,"GLMM"
"1149",72,"Gniby","fertilized",NA,"s3",640.387499999999,45.4546883537672,145,556.56524900606,736.833912804685,"ANOVA"
"1150",72,"Gniby","fertilized",NA,"s3",734.964808667971,79.0013504230741,144.255355102856,594.287849478976,908.942140503003,"GLMM"
"1151",72,"Gniby","fertilized",240,"s4",640.387499999999,45.4546883537672,145,556.56524900606,736.833912804685,"ANOVA"
"1152",72,"Gniby","fertilized",240,"s4",734.964808667971,79.0013504230741,144.255355102856,594.287849478976,908.942140503003,"GLMM"
"1153",73,"Gniby","control",NA,"s1",284.925373134328,22.1891213089035,145,244.277931123326,332.336481983508,"ANOVA"
"1154",73,"Gniby","control",NA,"s1",325.096233999814,36.9627286153654,144.255355102856,259.66500688176,407.015033061375,"GLMM"
"1155",73,"Gniby","control",NA,"s2",284.925373134328,22.1891213089035,145,244.277931123326,332.336481983508,"ANOVA"
"1156",73,"Gniby","control",NA,"s2",325.096233999814,36.9627286153654,144.255355102856,259.66500688176,407.015033061375,"GLMM"
"1157",73,"Gniby","control",NA,"s3",284.925373134328,22.1891213089035,145,244.277931123326,332.336481983508,"ANOVA"
"1158",73,"Gniby","control",NA,"s3",325.096233999814,36.9627286153654,144.255355102856,259.66500688176,407.015033061375,"GLMM"
"1159",73,"Gniby","control",160,"s4",284.925373134328,22.1891213089035,145,244.277931123326,332.336481983508,"ANOVA"
"1160",73,"Gniby","control",160,"s4",325.096233999814,36.9627286153654,144.255355102856,259.66500688176,407.015033061375,"GLMM"
"1161",73,"Gniby","fertilized",NA,"s1",640.387499999999,45.4546883537672,145,556.56524900606,736.833912804685,"ANOVA"
"1162",73,"Gniby","fertilized",NA,"s1",734.964808667971,79.0013504230741,144.255355102856,594.287849478976,908.942140503003,"GLMM"
"1163",73,"Gniby","fertilized",NA,"s2",640.387499999999,45.4546883537672,145,556.56524900606,736.833912804685,"ANOVA"
"1164",73,"Gniby","fertilized",NA,"s2",734.964808667971,79.0013504230741,144.255355102856,594.287849478976,908.942140503003,"GLMM"
"1165",73,"Gniby","fertilized",NA,"s3",640.387499999999,45.4546883537672,145,556.56524900606,736.833912804685,"ANOVA"
"1166",73,"Gniby","fertilized",NA,"s3",734.964808667971,79.0013504230741,144.255355102856,594.287849478976,908.942140503003,"GLMM"
"1167",73,"Gniby","fertilized",200,"s4",640.387499999999,45.4546883537672,145,556.56524900606,736.833912804685,"ANOVA"
"1168",73,"Gniby","fertilized",200,"s4",734.964808667971,79.0013504230741,144.255355102856,594.287849478976,908.942140503003,"GLMM"
"1169",74,"Gniby","control",NA,"s1",284.925373134328,22.1891213089035,145,244.277931123326,332.336481983508,"ANOVA"
"1170",74,"Gniby","control",NA,"s1",325.096233999814,36.9627286153654,144.255355102856,259.66500688176,407.015033061375,"GLMM"
"1171",74,"Gniby","control",NA,"s2",284.925373134328,22.1891213089035,145,244.277931123326,332.336481983508,"ANOVA"
"1172",74,"Gniby","control",NA,"s2",325.096233999814,36.9627286153654,144.255355102856,259.66500688176,407.015033061375,"GLMM"
"1173",74,"Gniby","control",NA,"s3",284.925373134328,22.1891213089035,145,244.277931123326,332.336481983508,"ANOVA"
"1174",74,"Gniby","control",NA,"s3",325.096233999814,36.9627286153654,144.255355102856,259.66500688176,407.015033061375,"GLMM"
"1175",74,"Gniby","control",364,"s4",284.925373134328,22.1891213089035,145,244.277931123326,332.336481983508,"ANOVA"
"1176",74,"Gniby","control",364,"s4",325.096233999814,36.9627286153654,144.255355102856,259.66500688176,407.015033061375,"GLMM"
"1177",74,"Gniby","fertilized",NA,"s1",640.387499999999,45.4546883537672,145,556.56524900606,736.833912804685,"ANOVA"
"1178",74,"Gniby","fertilized",NA,"s1",734.964808667971,79.0013504230741,144.255355102856,594.287849478976,908.942140503003,"GLMM"
"1179",74,"Gniby","fertilized",NA,"s2",640.387499999999,45.4546883537672,145,556.56524900606,736.833912804685,"ANOVA"
"1180",74,"Gniby","fertilized",NA,"s2",734.964808667971,79.0013504230741,144.255355102856,594.287849478976,908.942140503003,"GLMM"
"1181",74,"Gniby","fertilized",NA,"s3",640.387499999999,45.4546883537672,145,556.56524900606,736.833912804685,"ANOVA"
"1182",74,"Gniby","fertilized",NA,"s3",734.964808667971,79.0013504230741,144.255355102856,594.287849478976,908.942140503003,"GLMM"
"1183",74,"Gniby","fertilized",1104,"s4",640.387499999999,45.4546883537672,145,556.56524900606,736.833912804685,"ANOVA"
"1184",74,"Gniby","fertilized",1104,"s4",734.964808667971,79.0013504230741,144.255355102856,594.287849478976,908.942140503003,"GLMM"
"1185",75,"Gniby","control",NA,"s1",284.925373134328,22.1891213089035,145,244.277931123326,332.336481983508,"ANOVA"
"1186",75,"Gniby","control",NA,"s1",325.096233999814,36.9627286153654,144.255355102856,259.66500688176,407.015033061375,"GLMM"
"1187",75,"Gniby","control",NA,"s2",284.925373134328,22.1891213089035,145,244.277931123326,332.336481983508,"ANOVA"
"1188",75,"Gniby","control",NA,"s2",325.096233999814,36.9627286153654,144.255355102856,259.66500688176,407.015033061375,"GLMM"
"1189",75,"Gniby","control",NA,"s3",284.925373134328,22.1891213089035,145,244.277931123326,332.336481983508,"ANOVA"
"1190",75,"Gniby","control",NA,"s3",325.096233999814,36.9627286153654,144.255355102856,259.66500688176,407.015033061375,"GLMM"
"1191",75,"Gniby","control",424,"s4",284.925373134328,22.1891213089035,145,244.277931123326,332.336481983508,"ANOVA"
"1192",75,"Gniby","control",424,"s4",325.096233999814,36.9627286153654,144.255355102856,259.66500688176,407.015033061375,"GLMM"
"1193",75,"Gniby","fertilized",NA,"s1",640.387499999999,45.4546883537672,145,556.56524900606,736.833912804685,"ANOVA"
"1194",75,"Gniby","fertilized",NA,"s1",734.964808667971,79.0013504230741,144.255355102856,594.287849478976,908.942140503003,"GLMM"
"1195",75,"Gniby","fertilized",NA,"s2",640.387499999999,45.4546883537672,145,556.56524900606,736.833912804685,"ANOVA"
"1196",75,"Gniby","fertilized",NA,"s2",734.964808667971,79.0013504230741,144.255355102856,594.287849478976,908.942140503003,"GLMM"
"1197",75,"Gniby","fertilized",NA,"s3",640.387499999999,45.4546883537672,145,556.56524900606,736.833912804685,"ANOVA"
"1198",75,"Gniby","fertilized",NA,"s3",734.964808667971,79.0013504230741,144.255355102856,594.287849478976,908.942140503003,"GLMM"
"1199",75,"Gniby","fertilized",1320,"s4",640.387499999999,45.4546883537672,145,556.56524900606,736.833912804685,"ANOVA"
"1200",75,"Gniby","fertilized",1320,"s4",734.964808667971,79.0013504230741,144.255355102856,594.287849478976,908.942140503003,"GLMM"
"1201",76,"Gniby","control",NA,"s1",284.925373134328,22.1891213089035,145,244.277931123326,332.336481983508,"ANOVA"
"1202",76,"Gniby","control",NA,"s1",325.096233999814,36.9627286153654,144.255355102856,259.66500688176,407.015033061375,"GLMM"
"1203",76,"Gniby","control",NA,"s2",284.925373134328,22.1891213089035,145,244.277931123326,332.336481983508,"ANOVA"
"1204",76,"Gniby","control",NA,"s2",325.096233999814,36.9627286153654,144.255355102856,259.66500688176,407.015033061375,"GLMM"
"1205",76,"Gniby","control",NA,"s3",284.925373134328,22.1891213089035,145,244.277931123326,332.336481983508,"ANOVA"
"1206",76,"Gniby","control",NA,"s3",325.096233999814,36.9627286153654,144.255355102856,259.66500688176,407.015033061375,"GLMM"
"1207",76,"Gniby","control",186,"s4",284.925373134328,22.1891213089035,145,244.277931123326,332.336481983508,"ANOVA"
"1208",76,"Gniby","control",186,"s4",325.096233999814,36.9627286153654,144.255355102856,259.66500688176,407.015033061375,"GLMM"
"1209",76,"Gniby","fertilized",NA,"s1",640.387499999999,45.4546883537672,145,556.56524900606,736.833912804685,"ANOVA"
"1210",76,"Gniby","fertilized",NA,"s1",734.964808667971,79.0013504230741,144.255355102856,594.287849478976,908.942140503003,"GLMM"
"1211",76,"Gniby","fertilized",NA,"s2",640.387499999999,45.4546883537672,145,556.56524900606,736.833912804685,"ANOVA"
"1212",76,"Gniby","fertilized",NA,"s2",734.964808667971,79.0013504230741,144.255355102856,594.287849478976,908.942140503003,"GLMM"
"1213",76,"Gniby","fertilized",NA,"s3",640.387499999999,45.4546883537672,145,556.56524900606,736.833912804685,"ANOVA"
"1214",76,"Gniby","fertilized",NA,"s3",734.964808667971,79.0013504230741,144.255355102856,594.287849478976,908.942140503003,"GLMM"
"1215",76,"Gniby","fertilized",558,"s4",640.387499999999,45.4546883537672,145,556.56524900606,736.833912804685,"ANOVA"
"1216",76,"Gniby","fertilized",558,"s4",734.964808667971,79.0013504230741,144.255355102856,594.287849478976,908.942140503003,"GLMM"
"1217",77,"Gniby","control",NA,"s1",284.925373134328,22.1891213089035,145,244.277931123326,332.336481983508,"ANOVA"
"1218",77,"Gniby","control",NA,"s1",325.096233999814,36.9627286153654,144.255355102856,259.66500688176,407.015033061375,"GLMM"
"1219",77,"Gniby","control",NA,"s2",284.925373134328,22.1891213089035,145,244.277931123326,332.336481983508,"ANOVA"
"1220",77,"Gniby","control",NA,"s2",325.096233999814,36.9627286153654,144.255355102856,259.66500688176,407.015033061375,"GLMM"
"1221",77,"Gniby","control",NA,"s3",284.925373134328,22.1891213089035,145,244.277931123326,332.336481983508,"ANOVA"
"1222",77,"Gniby","control",NA,"s3",325.096233999814,36.9627286153654,144.255355102856,259.66500688176,407.015033061375,"GLMM"
"1223",77,"Gniby","control",516,"s4",284.925373134328,22.1891213089035,145,244.277931123326,332.336481983508,"ANOVA"
"1224",77,"Gniby","control",516,"s4",325.096233999814,36.9627286153654,144.255355102856,259.66500688176,407.015033061375,"GLMM"
"1225",77,"Gniby","fertilized",NA,"s1",640.387499999999,45.4546883537672,145,556.56524900606,736.833912804685,"ANOVA"
"1226",77,"Gniby","fertilized",NA,"s1",734.964808667971,79.0013504230741,144.255355102856,594.287849478976,908.942140503003,"GLMM"
"1227",77,"Gniby","fertilized",NA,"s2",640.387499999999,45.4546883537672,145,556.56524900606,736.833912804685,"ANOVA"
"1228",77,"Gniby","fertilized",NA,"s2",734.964808667971,79.0013504230741,144.255355102856,594.287849478976,908.942140503003,"GLMM"
"1229",77,"Gniby","fertilized",NA,"s3",640.387499999999,45.4546883537672,145,556.56524900606,736.833912804685,"ANOVA"
"1230",77,"Gniby","fertilized",NA,"s3",734.964808667971,79.0013504230741,144.255355102856,594.287849478976,908.942140503003,"GLMM"
"1231",77,"Gniby","fertilized",860,"s4",640.387499999999,45.4546883537672,145,556.56524900606,736.833912804685,"ANOVA"
"1232",77,"Gniby","fertilized",860,"s4",734.964808667971,79.0013504230741,144.255355102856,594.287849478976,908.942140503003,"GLMM"
"1233",78,"Gniby","control",NA,"s1",284.925373134328,22.1891213089035,145,244.277931123326,332.336481983508,"ANOVA"
"1234",78,"Gniby","control",NA,"s1",325.096233999814,36.9627286153654,144.255355102856,259.66500688176,407.015033061375,"GLMM"
"1235",78,"Gniby","control",NA,"s2",284.925373134328,22.1891213089035,145,244.277931123326,332.336481983508,"ANOVA"
"1236",78,"Gniby","control",NA,"s2",325.096233999814,36.9627286153654,144.255355102856,259.66500688176,407.015033061375,"GLMM"
"1237",78,"Gniby","control",NA,"s3",284.925373134328,22.1891213089035,145,244.277931123326,332.336481983508,"ANOVA"
"1238",78,"Gniby","control",NA,"s3",325.096233999814,36.9627286153654,144.255355102856,259.66500688176,407.015033061375,"GLMM"
"1239",78,"Gniby","control",480,"s4",284.925373134328,22.1891213089035,145,244.277931123326,332.336481983508,"ANOVA"
"1240",78,"Gniby","control",480,"s4",325.096233999814,36.9627286153654,144.255355102856,259.66500688176,407.015033061375,"GLMM"
"1241",78,"Gniby","fertilized",NA,"s1",640.387499999999,45.4546883537672,145,556.56524900606,736.833912804685,"ANOVA"
"1242",78,"Gniby","fertilized",NA,"s1",734.964808667971,79.0013504230741,144.255355102856,594.287849478976,908.942140503003,"GLMM"
"1243",78,"Gniby","fertilized",NA,"s2",640.387499999999,45.4546883537672,145,556.56524900606,736.833912804685,"ANOVA"
"1244",78,"Gniby","fertilized",NA,"s2",734.964808667971,79.0013504230741,144.255355102856,594.287849478976,908.942140503003,"GLMM"
"1245",78,"Gniby","fertilized",NA,"s3",640.387499999999,45.4546883537672,145,556.56524900606,736.833912804685,"ANOVA"
"1246",78,"Gniby","fertilized",NA,"s3",734.964808667971,79.0013504230741,144.255355102856,594.287849478976,908.942140503003,"GLMM"
"1247",78,"Gniby","fertilized",520,"s4",640.387499999999,45.4546883537672,145,556.56524900606,736.833912804685,"ANOVA"
"1248",78,"Gniby","fertilized",520,"s4",734.964808667971,79.0013504230741,144.255355102856,594.287849478976,908.942140503003,"GLMM"
"1249",79,"Gniby","control",NA,"s1",284.925373134328,22.1891213089035,145,244.277931123326,332.336481983508,"ANOVA"
"1250",79,"Gniby","control",NA,"s1",325.096233999814,36.9627286153654,144.255355102856,259.66500688176,407.015033061375,"GLMM"
"1251",79,"Gniby","control",NA,"s2",284.925373134328,22.1891213089035,145,244.277931123326,332.336481983508,"ANOVA"
"1252",79,"Gniby","control",NA,"s2",325.096233999814,36.9627286153654,144.255355102856,259.66500688176,407.015033061375,"GLMM"
"1253",79,"Gniby","control",NA,"s3",284.925373134328,22.1891213089035,145,244.277931123326,332.336481983508,"ANOVA"
"1254",79,"Gniby","control",NA,"s3",325.096233999814,36.9627286153654,144.255355102856,259.66500688176,407.015033061375,"GLMM"
"1255",79,"Gniby","control",160,"s4",284.925373134328,22.1891213089035,145,244.277931123326,332.336481983508,"ANOVA"
"1256",79,"Gniby","control",160,"s4",325.096233999814,36.9627286153654,144.255355102856,259.66500688176,407.015033061375,"GLMM"
"1257",79,"Gniby","fertilized",NA,"s1",640.387499999999,45.4546883537672,145,556.56524900606,736.833912804685,"ANOVA"
"1258",79,"Gniby","fertilized",NA,"s1",734.964808667971,79.0013504230741,144.255355102856,594.287849478976,908.942140503003,"GLMM"
"1259",79,"Gniby","fertilized",NA,"s2",640.387499999999,45.4546883537672,145,556.56524900606,736.833912804685,"ANOVA"
"1260",79,"Gniby","fertilized",NA,"s2",734.964808667971,79.0013504230741,144.255355102856,594.287849478976,908.942140503003,"GLMM"
"1261",79,"Gniby","fertilized",NA,"s3",640.387499999999,45.4546883537672,145,556.56524900606,736.833912804685,"ANOVA"
"1262",79,"Gniby","fertilized",NA,"s3",734.964808667971,79.0013504230741,144.255355102856,594.287849478976,908.942140503003,"GLMM"
"1263",79,"Gniby","fertilized",800,"s4",640.387499999999,45.4546883537672,145,556.56524900606,736.833912804685,"ANOVA"
"1264",79,"Gniby","fertilized",800,"s4",734.964808667971,79.0013504230741,144.255355102856,594.287849478976,908.942140503003,"GLMM"
"1265",80,"Gniby","control",NA,"s1",284.925373134328,22.1891213089035,145,244.277931123326,332.336481983508,"ANOVA"
"1266",80,"Gniby","control",NA,"s1",325.096233999814,36.9627286153654,144.255355102856,259.66500688176,407.015033061375,"GLMM"
"1267",80,"Gniby","control",NA,"s2",284.925373134328,22.1891213089035,145,244.277931123326,332.336481983508,"ANOVA"
"1268",80,"Gniby","control",NA,"s2",325.096233999814,36.9627286153654,144.255355102856,259.66500688176,407.015033061375,"GLMM"
"1269",80,"Gniby","control",NA,"s3",284.925373134328,22.1891213089035,145,244.277931123326,332.336481983508,"ANOVA"
"1270",80,"Gniby","control",NA,"s3",325.096233999814,36.9627286153654,144.255355102856,259.66500688176,407.015033061375,"GLMM"
"1271",80,"Gniby","control",70,"s4",284.925373134328,22.1891213089035,145,244.277931123326,332.336481983508,"ANOVA"
"1272",80,"Gniby","control",70,"s4",325.096233999814,36.9627286153654,144.255355102856,259.66500688176,407.015033061375,"GLMM"
"1273",80,"Gniby","fertilized",NA,"s1",640.387499999999,45.4546883537672,145,556.56524900606,736.833912804685,"ANOVA"
"1274",80,"Gniby","fertilized",NA,"s1",734.964808667971,79.0013504230741,144.255355102856,594.287849478976,908.942140503003,"GLMM"
"1275",80,"Gniby","fertilized",NA,"s2",640.387499999999,45.4546883537672,145,556.56524900606,736.833912804685,"ANOVA"
"1276",80,"Gniby","fertilized",NA,"s2",734.964808667971,79.0013504230741,144.255355102856,594.287849478976,908.942140503003,"GLMM"
"1277",80,"Gniby","fertilized",NA,"s3",640.387499999999,45.4546883537672,145,556.56524900606,736.833912804685,"ANOVA"
"1278",80,"Gniby","fertilized",NA,"s3",734.964808667971,79.0013504230741,144.255355102856,594.287849478976,908.942140503003,"GLMM"
"1279",80,"Gniby","fertilized",540,"s4",640.387499999999,45.4546883537672,145,556.56524900606,736.833912804685,"ANOVA"
"1280",80,"Gniby","fertilized",540,"s4",734.964808667971,79.0013504230741,144.255355102856,594.287849478976,908.942140503003,"GLMM"
"1281",81,"Gniby","control",NA,"s1",284.925373134328,22.1891213089035,145,244.277931123326,332.336481983508,"ANOVA"
"1282",81,"Gniby","control",NA,"s1",325.096233999814,36.9627286153654,144.255355102856,259.66500688176,407.015033061375,"GLMM"
"1283",81,"Gniby","control",NA,"s2",284.925373134328,22.1891213089035,145,244.277931123326,332.336481983508,"ANOVA"
"1284",81,"Gniby","control",NA,"s2",325.096233999814,36.9627286153654,144.255355102856,259.66500688176,407.015033061375,"GLMM"
"1285",81,"Gniby","control",NA,"s3",284.925373134328,22.1891213089035,145,244.277931123326,332.336481983508,"ANOVA"
"1286",81,"Gniby","control",NA,"s3",325.096233999814,36.9627286153654,144.255355102856,259.66500688176,407.015033061375,"GLMM"
"1287",81,"Gniby","control",272,"s4",284.925373134328,22.1891213089035,145,244.277931123326,332.336481983508,"ANOVA"
"1288",81,"Gniby","control",272,"s4",325.096233999814,36.9627286153654,144.255355102856,259.66500688176,407.015033061375,"GLMM"
"1289",81,"Gniby","fertilized",NA,"s1",640.387499999999,45.4546883537672,145,556.56524900606,736.833912804685,"ANOVA"
"1290",81,"Gniby","fertilized",NA,"s1",734.964808667971,79.0013504230741,144.255355102856,594.287849478976,908.942140503003,"GLMM"
"1291",81,"Gniby","fertilized",NA,"s2",640.387499999999,45.4546883537672,145,556.56524900606,736.833912804685,"ANOVA"
"1292",81,"Gniby","fertilized",NA,"s2",734.964808667971,79.0013504230741,144.255355102856,594.287849478976,908.942140503003,"GLMM"
"1293",81,"Gniby","fertilized",NA,"s3",640.387499999999,45.4546883537672,145,556.56524900606,736.833912804685,"ANOVA"
"1294",81,"Gniby","fertilized",NA,"s3",734.964808667971,79.0013504230741,144.255355102856,594.287849478976,908.942140503003,"GLMM"
"1295",81,"Gniby","fertilized",650,"s4",640.387499999999,45.4546883537672,145,556.56524900606,736.833912804685,"ANOVA"
"1296",81,"Gniby","fertilized",650,"s4",734.964808667971,79.0013504230741,144.255355102856,594.287849478976,908.942140503003,"GLMM"
"1297",82,"Gniby","control",NA,"s1",284.925373134328,22.1891213089035,145,244.277931123326,332.336481983508,"ANOVA"
"1298",82,"Gniby","control",NA,"s1",325.096233999814,36.9627286153654,144.255355102856,259.66500688176,407.015033061375,"GLMM"
"1299",82,"Gniby","control",NA,"s2",284.925373134328,22.1891213089035,145,244.277931123326,332.336481983508,"ANOVA"
"1300",82,"Gniby","control",NA,"s2",325.096233999814,36.9627286153654,144.255355102856,259.66500688176,407.015033061375,"GLMM"
"1301",82,"Gniby","control",NA,"s3",284.925373134328,22.1891213089035,145,244.277931123326,332.336481983508,"ANOVA"
"1302",82,"Gniby","control",NA,"s3",325.096233999814,36.9627286153654,144.255355102856,259.66500688176,407.015033061375,"GLMM"
"1303",82,"Gniby","control",250,"s4",284.925373134328,22.1891213089035,145,244.277931123326,332.336481983508,"ANOVA"
"1304",82,"Gniby","control",250,"s4",325.096233999814,36.9627286153654,144.255355102856,259.66500688176,407.015033061375,"GLMM"
"1305",82,"Gniby","fertilized",NA,"s1",640.387499999999,45.4546883537672,145,556.56524900606,736.833912804685,"ANOVA"
"1306",82,"Gniby","fertilized",NA,"s1",734.964808667971,79.0013504230741,144.255355102856,594.287849478976,908.942140503003,"GLMM"
"1307",82,"Gniby","fertilized",NA,"s2",640.387499999999,45.4546883537672,145,556.56524900606,736.833912804685,"ANOVA"
"1308",82,"Gniby","fertilized",NA,"s2",734.964808667971,79.0013504230741,144.255355102856,594.287849478976,908.942140503003,"GLMM"
"1309",82,"Gniby","fertilized",NA,"s3",640.387499999999,45.4546883537672,145,556.56524900606,736.833912804685,"ANOVA"
"1310",82,"Gniby","fertilized",NA,"s3",734.964808667971,79.0013504230741,144.255355102856,594.287849478976,908.942140503003,"GLMM"
"1311",82,"Gniby","fertilized",465,"s4",640.387499999999,45.4546883537672,145,556.56524900606,736.833912804685,"ANOVA"
"1312",82,"Gniby","fertilized",465,"s4",734.964808667971,79.0013504230741,144.255355102856,594.287849478976,908.942140503003,"GLMM"
"1313",83,"Gniby","control",NA,"s1",284.925373134328,22.1891213089035,145,244.277931123326,332.336481983508,"ANOVA"
"1314",83,"Gniby","control",NA,"s1",325.096233999814,36.9627286153654,144.255355102856,259.66500688176,407.015033061375,"GLMM"
"1315",83,"Gniby","control",NA,"s2",284.925373134328,22.1891213089035,145,244.277931123326,332.336481983508,"ANOVA"
"1316",83,"Gniby","control",NA,"s2",325.096233999814,36.9627286153654,144.255355102856,259.66500688176,407.015033061375,"GLMM"
"1317",83,"Gniby","control",NA,"s3",284.925373134328,22.1891213089035,145,244.277931123326,332.336481983508,"ANOVA"
"1318",83,"Gniby","control",NA,"s3",325.096233999814,36.9627286153654,144.255355102856,259.66500688176,407.015033061375,"GLMM"
"1319",83,"Gniby","control",370,"s4",284.925373134328,22.1891213089035,145,244.277931123326,332.336481983508,"ANOVA"
"1320",83,"Gniby","control",370,"s4",325.096233999814,36.9627286153654,144.255355102856,259.66500688176,407.015033061375,"GLMM"
"1321",83,"Gniby","fertilized",NA,"s1",640.387499999999,45.4546883537672,145,556.56524900606,736.833912804685,"ANOVA"
"1322",83,"Gniby","fertilized",NA,"s1",734.964808667971,79.0013504230741,144.255355102856,594.287849478976,908.942140503003,"GLMM"
"1323",83,"Gniby","fertilized",NA,"s2",640.387499999999,45.4546883537672,145,556.56524900606,736.833912804685,"ANOVA"
"1324",83,"Gniby","fertilized",NA,"s2",734.964808667971,79.0013504230741,144.255355102856,594.287849478976,908.942140503003,"GLMM"
"1325",83,"Gniby","fertilized",NA,"s3",640.387499999999,45.4546883537672,145,556.56524900606,736.833912804685,"ANOVA"
"1326",83,"Gniby","fertilized",NA,"s3",734.964808667971,79.0013504230741,144.255355102856,594.287849478976,908.942140503003,"GLMM"
"1327",83,"Gniby","fertilized",615,"s4",640.387499999999,45.4546883537672,145,556.56524900606,736.833912804685,"ANOVA"
"1328",83,"Gniby","fertilized",615,"s4",734.964808667971,79.0013504230741,144.255355102856,594.287849478976,908.942140503003,"GLMM"
"1329",84,"Gniby","control",NA,"s1",284.925373134328,22.1891213089035,145,244.277931123326,332.336481983508,"ANOVA"
"1330",84,"Gniby","control",NA,"s1",325.096233999814,36.9627286153654,144.255355102856,259.66500688176,407.015033061375,"GLMM"
"1331",84,"Gniby","control",NA,"s2",284.925373134328,22.1891213089035,145,244.277931123326,332.336481983508,"ANOVA"
"1332",84,"Gniby","control",NA,"s2",325.096233999814,36.9627286153654,144.255355102856,259.66500688176,407.015033061375,"GLMM"
"1333",84,"Gniby","control",NA,"s3",284.925373134328,22.1891213089035,145,244.277931123326,332.336481983508,"ANOVA"
"1334",84,"Gniby","control",NA,"s3",325.096233999814,36.9627286153654,144.255355102856,259.66500688176,407.015033061375,"GLMM"
"1335",84,"Gniby","control",270,"s4",284.925373134328,22.1891213089035,145,244.277931123326,332.336481983508,"ANOVA"
"1336",84,"Gniby","control",270,"s4",325.096233999814,36.9627286153654,144.255355102856,259.66500688176,407.015033061375,"GLMM"
"1337",84,"Gniby","fertilized",NA,"s1",640.387499999999,45.4546883537672,145,556.56524900606,736.833912804685,"ANOVA"
"1338",84,"Gniby","fertilized",NA,"s1",734.964808667971,79.0013504230741,144.255355102856,594.287849478976,908.942140503003,"GLMM"
"1339",84,"Gniby","fertilized",NA,"s2",640.387499999999,45.4546883537672,145,556.56524900606,736.833912804685,"ANOVA"
"1340",84,"Gniby","fertilized",NA,"s2",734.964808667971,79.0013504230741,144.255355102856,594.287849478976,908.942140503003,"GLMM"
"1341",84,"Gniby","fertilized",NA,"s3",640.387499999999,45.4546883537672,145,556.56524900606,736.833912804685,"ANOVA"
"1342",84,"Gniby","fertilized",NA,"s3",734.964808667971,79.0013504230741,144.255355102856,594.287849478976,908.942140503003,"GLMM"
"1343",84,"Gniby","fertilized",900,"s4",640.387499999999,45.4546883537672,145,556.56524900606,736.833912804685,"ANOVA"
"1344",84,"Gniby","fertilized",900,"s4",734.964808667971,79.0013504230741,144.255355102856,594.287849478976,908.942140503003,"GLMM"
"1345",85,"Gniby","control",NA,"s1",284.925373134328,22.1891213089035,145,244.277931123326,332.336481983508,"ANOVA"
"1346",85,"Gniby","control",NA,"s1",325.096233999814,36.9627286153654,144.255355102856,259.66500688176,407.015033061375,"GLMM"
"1347",85,"Gniby","control",NA,"s2",284.925373134328,22.1891213089035,145,244.277931123326,332.336481983508,"ANOVA"
"1348",85,"Gniby","control",NA,"s2",325.096233999814,36.9627286153654,144.255355102856,259.66500688176,407.015033061375,"GLMM"
"1349",85,"Gniby","control",NA,"s3",284.925373134328,22.1891213089035,145,244.277931123326,332.336481983508,"ANOVA"
"1350",85,"Gniby","control",NA,"s3",325.096233999814,36.9627286153654,144.255355102856,259.66500688176,407.015033061375,"GLMM"
"1351",85,"Gniby","control",350,"s4",284.925373134328,22.1891213089035,145,244.277931123326,332.336481983508,"ANOVA"
"1352",85,"Gniby","control",350,"s4",325.096233999814,36.9627286153654,144.255355102856,259.66500688176,407.015033061375,"GLMM"
"1353",85,"Gniby","fertilized",NA,"s1",640.387499999999,45.4546883537672,145,556.56524900606,736.833912804685,"ANOVA"
"1354",85,"Gniby","fertilized",NA,"s1",734.964808667971,79.0013504230741,144.255355102856,594.287849478976,908.942140503003,"GLMM"
"1355",85,"Gniby","fertilized",NA,"s2",640.387499999999,45.4546883537672,145,556.56524900606,736.833912804685,"ANOVA"
"1356",85,"Gniby","fertilized",NA,"s2",734.964808667971,79.0013504230741,144.255355102856,594.287849478976,908.942140503003,"GLMM"
"1357",85,"Gniby","fertilized",NA,"s3",640.387499999999,45.4546883537672,145,556.56524900606,736.833912804685,"ANOVA"
"1358",85,"Gniby","fertilized",NA,"s3",734.964808667971,79.0013504230741,144.255355102856,594.287849478976,908.942140503003,"GLMM"
"1359",85,"Gniby","fertilized",645,"s4",640.387499999999,45.4546883537672,145,556.56524900606,736.833912804685,"ANOVA"
"1360",85,"Gniby","fertilized",645,"s4",734.964808667971,79.0013504230741,144.255355102856,594.287849478976,908.942140503003,"GLMM"
"1361",86,"Gniby","control",NA,"s1",284.925373134328,22.1891213089035,145,244.277931123326,332.336481983508,"ANOVA"
"1362",86,"Gniby","control",NA,"s1",325.096233999814,36.9627286153654,144.255355102856,259.66500688176,407.015033061375,"GLMM"
"1363",86,"Gniby","control",NA,"s2",284.925373134328,22.1891213089035,145,244.277931123326,332.336481983508,"ANOVA"
"1364",86,"Gniby","control",NA,"s2",325.096233999814,36.9627286153654,144.255355102856,259.66500688176,407.015033061375,"GLMM"
"1365",86,"Gniby","control",NA,"s3",284.925373134328,22.1891213089035,145,244.277931123326,332.336481983508,"ANOVA"
"1366",86,"Gniby","control",NA,"s3",325.096233999814,36.9627286153654,144.255355102856,259.66500688176,407.015033061375,"GLMM"
"1367",86,"Gniby","control",450,"s4",284.925373134328,22.1891213089035,145,244.277931123326,332.336481983508,"ANOVA"
"1368",86,"Gniby","control",450,"s4",325.096233999814,36.9627286153654,144.255355102856,259.66500688176,407.015033061375,"GLMM"
"1369",86,"Gniby","fertilized",NA,"s1",640.387499999999,45.4546883537672,145,556.56524900606,736.833912804685,"ANOVA"
"1370",86,"Gniby","fertilized",NA,"s1",734.964808667971,79.0013504230741,144.255355102856,594.287849478976,908.942140503003,"GLMM"
"1371",86,"Gniby","fertilized",NA,"s2",640.387499999999,45.4546883537672,145,556.56524900606,736.833912804685,"ANOVA"
"1372",86,"Gniby","fertilized",NA,"s2",734.964808667971,79.0013504230741,144.255355102856,594.287849478976,908.942140503003,"GLMM"
"1373",86,"Gniby","fertilized",NA,"s3",640.387499999999,45.4546883537672,145,556.56524900606,736.833912804685,"ANOVA"
"1374",86,"Gniby","fertilized",NA,"s3",734.964808667971,79.0013504230741,144.255355102856,594.287849478976,908.942140503003,"GLMM"
"1375",86,"Gniby","fertilized",500,"s4",640.387499999999,45.4546883537672,145,556.56524900606,736.833912804685,"ANOVA"
"1376",86,"Gniby","fertilized",500,"s4",734.964808667971,79.0013504230741,144.255355102856,594.287849478976,908.942140503003,"GLMM"
"1377",87,"Gniby","control",NA,"s1",284.925373134328,22.1891213089035,145,244.277931123326,332.336481983508,"ANOVA"
"1378",87,"Gniby","control",NA,"s1",325.096233999814,36.9627286153654,144.255355102856,259.66500688176,407.015033061375,"GLMM"
"1379",87,"Gniby","control",NA,"s2",284.925373134328,22.1891213089035,145,244.277931123326,332.336481983508,"ANOVA"
"1380",87,"Gniby","control",NA,"s2",325.096233999814,36.9627286153654,144.255355102856,259.66500688176,407.015033061375,"GLMM"
"1381",87,"Gniby","control",NA,"s3",284.925373134328,22.1891213089035,145,244.277931123326,332.336481983508,"ANOVA"
"1382",87,"Gniby","control",NA,"s3",325.096233999814,36.9627286153654,144.255355102856,259.66500688176,407.015033061375,"GLMM"
"1383",87,"Gniby","control",50,"s4",284.925373134328,22.1891213089035,145,244.277931123326,332.336481983508,"ANOVA"
"1384",87,"Gniby","control",50,"s4",325.096233999814,36.9627286153654,144.255355102856,259.66500688176,407.015033061375,"GLMM"
"1385",87,"Gniby","fertilized",NA,"s1",640.387499999999,45.4546883537672,145,556.56524900606,736.833912804685,"ANOVA"
"1386",87,"Gniby","fertilized",NA,"s1",734.964808667971,79.0013504230741,144.255355102856,594.287849478976,908.942140503003,"GLMM"
"1387",87,"Gniby","fertilized",NA,"s2",640.387499999999,45.4546883537672,145,556.56524900606,736.833912804685,"ANOVA"
"1388",87,"Gniby","fertilized",NA,"s2",734.964808667971,79.0013504230741,144.255355102856,594.287849478976,908.942140503003,"GLMM"
"1389",87,"Gniby","fertilized",NA,"s3",640.387499999999,45.4546883537672,145,556.56524900606,736.833912804685,"ANOVA"
"1390",87,"Gniby","fertilized",NA,"s3",734.964808667971,79.0013504230741,144.255355102856,594.287849478976,908.942140503003,"GLMM"
"1391",87,"Gniby","fertilized",200,"s4",640.387499999999,45.4546883537672,145,556.56524900606,736.833912804685,"ANOVA"
"1392",87,"Gniby","fertilized",200,"s4",734.964808667971,79.0013504230741,144.255355102856,594.287849478976,908.942140503003,"GLMM"
"1393",88,"Gniby","control",NA,"s1",284.925373134328,22.1891213089035,145,244.277931123326,332.336481983508,"ANOVA"
"1394",88,"Gniby","control",NA,"s1",325.096233999814,36.9627286153654,144.255355102856,259.66500688176,407.015033061375,"GLMM"
"1395",88,"Gniby","control",NA,"s2",284.925373134328,22.1891213089035,145,244.277931123326,332.336481983508,"ANOVA"
"1396",88,"Gniby","control",NA,"s2",325.096233999814,36.9627286153654,144.255355102856,259.66500688176,407.015033061375,"GLMM"
"1397",88,"Gniby","control",NA,"s3",284.925373134328,22.1891213089035,145,244.277931123326,332.336481983508,"ANOVA"
"1398",88,"Gniby","control",NA,"s3",325.096233999814,36.9627286153654,144.255355102856,259.66500688176,407.015033061375,"GLMM"
"1399",88,"Gniby","control",NA,"s4",284.925373134328,22.1891213089035,145,244.277931123326,332.336481983508,"ANOVA"
"1400",88,"Gniby","control",NA,"s4",325.096233999814,36.9627286153654,144.255355102856,259.66500688176,407.015033061375,"GLMM"
"1401",88,"Gniby","fertilized",NA,"s1",640.387499999999,45.4546883537672,145,556.56524900606,736.833912804685,"ANOVA"
"1402",88,"Gniby","fertilized",NA,"s1",734.964808667971,79.0013504230741,144.255355102856,594.287849478976,908.942140503003,"GLMM"
"1403",88,"Gniby","fertilized",NA,"s2",640.387499999999,45.4546883537672,145,556.56524900606,736.833912804685,"ANOVA"
"1404",88,"Gniby","fertilized",NA,"s2",734.964808667971,79.0013504230741,144.255355102856,594.287849478976,908.942140503003,"GLMM"
"1405",88,"Gniby","fertilized",NA,"s3",640.387499999999,45.4546883537672,145,556.56524900606,736.833912804685,"ANOVA"
"1406",88,"Gniby","fertilized",NA,"s3",734.964808667971,79.0013504230741,144.255355102856,594.287849478976,908.942140503003,"GLMM"
"1407",88,"Gniby","fertilized",610,"s4",640.387499999999,45.4546883537672,145,556.56524900606,736.833912804685,"ANOVA"
"1408",88,"Gniby","fertilized",610,"s4",734.964808667971,79.0013504230741,144.255355102856,594.287849478976,908.942140503003,"GLMM"
"1409",89,"Gniby","control",NA,"s1",284.925373134328,22.1891213089035,145,244.277931123326,332.336481983508,"ANOVA"
"1410",89,"Gniby","control",NA,"s1",325.096233999814,36.9627286153654,144.255355102856,259.66500688176,407.015033061375,"GLMM"
"1411",89,"Gniby","control",NA,"s2",284.925373134328,22.1891213089035,145,244.277931123326,332.336481983508,"ANOVA"
"1412",89,"Gniby","control",NA,"s2",325.096233999814,36.9627286153654,144.255355102856,259.66500688176,407.015033061375,"GLMM"
"1413",89,"Gniby","control",NA,"s3",284.925373134328,22.1891213089035,145,244.277931123326,332.336481983508,"ANOVA"
"1414",89,"Gniby","control",NA,"s3",325.096233999814,36.9627286153654,144.255355102856,259.66500688176,407.015033061375,"GLMM"
"1415",89,"Gniby","control",NA,"s4",284.925373134328,22.1891213089035,145,244.277931123326,332.336481983508,"ANOVA"
"1416",89,"Gniby","control",NA,"s4",325.096233999814,36.9627286153654,144.255355102856,259.66500688176,407.015033061375,"GLMM"
"1417",89,"Gniby","fertilized",NA,"s1",640.387499999999,45.4546883537672,145,556.56524900606,736.833912804685,"ANOVA"
"1418",89,"Gniby","fertilized",NA,"s1",734.964808667971,79.0013504230741,144.255355102856,594.287849478976,908.942140503003,"GLMM"
"1419",89,"Gniby","fertilized",NA,"s2",640.387499999999,45.4546883537672,145,556.56524900606,736.833912804685,"ANOVA"
"1420",89,"Gniby","fertilized",NA,"s2",734.964808667971,79.0013504230741,144.255355102856,594.287849478976,908.942140503003,"GLMM"
"1421",89,"Gniby","fertilized",NA,"s3",640.387499999999,45.4546883537672,145,556.56524900606,736.833912804685,"ANOVA"
"1422",89,"Gniby","fertilized",NA,"s3",734.964808667971,79.0013504230741,144.255355102856,594.287849478976,908.942140503003,"GLMM"
"1423",89,"Gniby","fertilized",NA,"s4",640.387499999999,45.4546883537672,145,556.56524900606,736.833912804685,"ANOVA"
"1424",89,"Gniby","fertilized",NA,"s4",734.964808667971,79.0013504230741,144.255355102856,594.287849478976,908.942140503003,"GLMM"
"1425",90,"Gniby","control",NA,"s1",284.925373134328,22.1891213089035,145,244.277931123326,332.336481983508,"ANOVA"
"1426",90,"Gniby","control",NA,"s1",325.096233999814,36.9627286153654,144.255355102856,259.66500688176,407.015033061375,"GLMM"
"1427",90,"Gniby","control",NA,"s2",284.925373134328,22.1891213089035,145,244.277931123326,332.336481983508,"ANOVA"
"1428",90,"Gniby","control",NA,"s2",325.096233999814,36.9627286153654,144.255355102856,259.66500688176,407.015033061375,"GLMM"
"1429",90,"Gniby","control",NA,"s3",284.925373134328,22.1891213089035,145,244.277931123326,332.336481983508,"ANOVA"
"1430",90,"Gniby","control",NA,"s3",325.096233999814,36.9627286153654,144.255355102856,259.66500688176,407.015033061375,"GLMM"
"1431",90,"Gniby","control",400,"s4",284.925373134328,22.1891213089035,145,244.277931123326,332.336481983508,"ANOVA"
"1432",90,"Gniby","control",400,"s4",325.096233999814,36.9627286153654,144.255355102856,259.66500688176,407.015033061375,"GLMM"
"1433",90,"Gniby","fertilized",NA,"s1",640.387499999999,45.4546883537672,145,556.56524900606,736.833912804685,"ANOVA"
"1434",90,"Gniby","fertilized",NA,"s1",734.964808667971,79.0013504230741,144.255355102856,594.287849478976,908.942140503003,"GLMM"
"1435",90,"Gniby","fertilized",NA,"s2",640.387499999999,45.4546883537672,145,556.56524900606,736.833912804685,"ANOVA"
"1436",90,"Gniby","fertilized",NA,"s2",734.964808667971,79.0013504230741,144.255355102856,594.287849478976,908.942140503003,"GLMM"
"1437",90,"Gniby","fertilized",NA,"s3",640.387499999999,45.4546883537672,145,556.56524900606,736.833912804685,"ANOVA"
"1438",90,"Gniby","fertilized",NA,"s3",734.964808667971,79.0013504230741,144.255355102856,594.287849478976,908.942140503003,"GLMM"
"1439",90,"Gniby","fertilized",1040,"s4",640.387499999999,45.4546883537672,145,556.56524900606,736.833912804685,"ANOVA"
"1440",90,"Gniby","fertilized",1040,"s4",734.964808667971,79.0013504230741,144.255355102856,594.287849478976,908.942140503003,"GLMM"
"1441",91,"Gniby","control",NA,"s1",284.925373134328,22.1891213089035,145,244.277931123326,332.336481983508,"ANOVA"
"1442",91,"Gniby","control",NA,"s1",325.096233999814,36.9627286153654,144.255355102856,259.66500688176,407.015033061375,"GLMM"
"1443",91,"Gniby","control",NA,"s2",284.925373134328,22.1891213089035,145,244.277931123326,332.336481983508,"ANOVA"
"1444",91,"Gniby","control",NA,"s2",325.096233999814,36.9627286153654,144.255355102856,259.66500688176,407.015033061375,"GLMM"
"1445",91,"Gniby","control",NA,"s3",284.925373134328,22.1891213089035,145,244.277931123326,332.336481983508,"ANOVA"
"1446",91,"Gniby","control",NA,"s3",325.096233999814,36.9627286153654,144.255355102856,259.66500688176,407.015033061375,"GLMM"
"1447",91,"Gniby","control",NA,"s4",284.925373134328,22.1891213089035,145,244.277931123326,332.336481983508,"ANOVA"
"1448",91,"Gniby","control",NA,"s4",325.096233999814,36.9627286153654,144.255355102856,259.66500688176,407.015033061375,"GLMM"
"1449",91,"Gniby","fertilized",NA,"s1",640.387499999999,45.4546883537672,145,556.56524900606,736.833912804685,"ANOVA"
"1450",91,"Gniby","fertilized",NA,"s1",734.964808667971,79.0013504230741,144.255355102856,594.287849478976,908.942140503003,"GLMM"
"1451",91,"Gniby","fertilized",NA,"s2",640.387499999999,45.4546883537672,145,556.56524900606,736.833912804685,"ANOVA"
"1452",91,"Gniby","fertilized",NA,"s2",734.964808667971,79.0013504230741,144.255355102856,594.287849478976,908.942140503003,"GLMM"
"1453",91,"Gniby","fertilized",NA,"s3",640.387499999999,45.4546883537672,145,556.56524900606,736.833912804685,"ANOVA"
"1454",91,"Gniby","fertilized",NA,"s3",734.964808667971,79.0013504230741,144.255355102856,594.287849478976,908.942140503003,"GLMM"
"1455",91,"Gniby","fertilized",NA,"s4",640.387499999999,45.4546883537672,145,556.56524900606,736.833912804685,"ANOVA"
"1456",91,"Gniby","fertilized",NA,"s4",734.964808667971,79.0013504230741,144.255355102856,594.287849478976,908.942140503003,"GLMM"
"1457",92,"Gniby","control",NA,"s1",284.925373134328,22.1891213089035,145,244.277931123326,332.336481983508,"ANOVA"
"1458",92,"Gniby","control",NA,"s1",325.096233999814,36.9627286153654,144.255355102856,259.66500688176,407.015033061375,"GLMM"
"1459",92,"Gniby","control",NA,"s2",284.925373134328,22.1891213089035,145,244.277931123326,332.336481983508,"ANOVA"
"1460",92,"Gniby","control",NA,"s2",325.096233999814,36.9627286153654,144.255355102856,259.66500688176,407.015033061375,"GLMM"
"1461",92,"Gniby","control",NA,"s3",284.925373134328,22.1891213089035,145,244.277931123326,332.336481983508,"ANOVA"
"1462",92,"Gniby","control",NA,"s3",325.096233999814,36.9627286153654,144.255355102856,259.66500688176,407.015033061375,"GLMM"
"1463",92,"Gniby","control",NA,"s4",284.925373134328,22.1891213089035,145,244.277931123326,332.336481983508,"ANOVA"
"1464",92,"Gniby","control",NA,"s4",325.096233999814,36.9627286153654,144.255355102856,259.66500688176,407.015033061375,"GLMM"
"1465",92,"Gniby","fertilized",NA,"s1",640.387499999999,45.4546883537672,145,556.56524900606,736.833912804685,"ANOVA"
"1466",92,"Gniby","fertilized",NA,"s1",734.964808667971,79.0013504230741,144.255355102856,594.287849478976,908.942140503003,"GLMM"
"1467",92,"Gniby","fertilized",NA,"s2",640.387499999999,45.4546883537672,145,556.56524900606,736.833912804685,"ANOVA"
"1468",92,"Gniby","fertilized",NA,"s2",734.964808667971,79.0013504230741,144.255355102856,594.287849478976,908.942140503003,"GLMM"
"1469",92,"Gniby","fertilized",NA,"s3",640.387499999999,45.4546883537672,145,556.56524900606,736.833912804685,"ANOVA"
"1470",92,"Gniby","fertilized",NA,"s3",734.964808667971,79.0013504230741,144.255355102856,594.287849478976,908.942140503003,"GLMM"
"1471",92,"Gniby","fertilized",NA,"s4",640.387499999999,45.4546883537672,145,556.56524900606,736.833912804685,"ANOVA"
"1472",92,"Gniby","fertilized",NA,"s4",734.964808667971,79.0013504230741,144.255355102856,594.287849478976,908.942140503003,"GLMM"
"1473",93,"Gniby","control",NA,"s1",284.925373134328,22.1891213089035,145,244.277931123326,332.336481983508,"ANOVA"
"1474",93,"Gniby","control",NA,"s1",325.096233999814,36.9627286153654,144.255355102856,259.66500688176,407.015033061375,"GLMM"
"1475",93,"Gniby","control",NA,"s2",284.925373134328,22.1891213089035,145,244.277931123326,332.336481983508,"ANOVA"
"1476",93,"Gniby","control",NA,"s2",325.096233999814,36.9627286153654,144.255355102856,259.66500688176,407.015033061375,"GLMM"
"1477",93,"Gniby","control",NA,"s3",284.925373134328,22.1891213089035,145,244.277931123326,332.336481983508,"ANOVA"
"1478",93,"Gniby","control",NA,"s3",325.096233999814,36.9627286153654,144.255355102856,259.66500688176,407.015033061375,"GLMM"
"1479",93,"Gniby","control",NA,"s4",284.925373134328,22.1891213089035,145,244.277931123326,332.336481983508,"ANOVA"
"1480",93,"Gniby","control",NA,"s4",325.096233999814,36.9627286153654,144.255355102856,259.66500688176,407.015033061375,"GLMM"
"1481",93,"Gniby","fertilized",NA,"s1",640.387499999999,45.4546883537672,145,556.56524900606,736.833912804685,"ANOVA"
"1482",93,"Gniby","fertilized",NA,"s1",734.964808667971,79.0013504230741,144.255355102856,594.287849478976,908.942140503003,"GLMM"
"1483",93,"Gniby","fertilized",NA,"s2",640.387499999999,45.4546883537672,145,556.56524900606,736.833912804685,"ANOVA"
"1484",93,"Gniby","fertilized",NA,"s2",734.964808667971,79.0013504230741,144.255355102856,594.287849478976,908.942140503003,"GLMM"
"1485",93,"Gniby","fertilized",NA,"s3",640.387499999999,45.4546883537672,145,556.56524900606,736.833912804685,"ANOVA"
"1486",93,"Gniby","fertilized",NA,"s3",734.964808667971,79.0013504230741,144.255355102856,594.287849478976,908.942140503003,"GLMM"
"1487",93,"Gniby","fertilized",1200,"s4",640.387499999999,45.4546883537672,145,556.56524900606,736.833912804685,"ANOVA"
"1488",93,"Gniby","fertilized",1200,"s4",734.964808667971,79.0013504230741,144.255355102856,594.287849478976,908.942140503003,"GLMM"
"1489",94,"Gniby","control",NA,"s1",284.925373134328,22.1891213089035,145,244.277931123326,332.336481983508,"ANOVA"
"1490",94,"Gniby","control",NA,"s1",325.096233999814,36.9627286153654,144.255355102856,259.66500688176,407.015033061375,"GLMM"
"1491",94,"Gniby","control",NA,"s2",284.925373134328,22.1891213089035,145,244.277931123326,332.336481983508,"ANOVA"
"1492",94,"Gniby","control",NA,"s2",325.096233999814,36.9627286153654,144.255355102856,259.66500688176,407.015033061375,"GLMM"
"1493",94,"Gniby","control",NA,"s3",284.925373134328,22.1891213089035,145,244.277931123326,332.336481983508,"ANOVA"
"1494",94,"Gniby","control",NA,"s3",325.096233999814,36.9627286153654,144.255355102856,259.66500688176,407.015033061375,"GLMM"
"1495",94,"Gniby","control",75,"s4",284.925373134328,22.1891213089035,145,244.277931123326,332.336481983508,"ANOVA"
"1496",94,"Gniby","control",75,"s4",325.096233999814,36.9627286153654,144.255355102856,259.66500688176,407.015033061375,"GLMM"
"1497",94,"Gniby","fertilized",NA,"s1",640.387499999999,45.4546883537672,145,556.56524900606,736.833912804685,"ANOVA"
"1498",94,"Gniby","fertilized",NA,"s1",734.964808667971,79.0013504230741,144.255355102856,594.287849478976,908.942140503003,"GLMM"
"1499",94,"Gniby","fertilized",NA,"s2",640.387499999999,45.4546883537672,145,556.56524900606,736.833912804685,"ANOVA"
"1500",94,"Gniby","fertilized",NA,"s2",734.964808667971,79.0013504230741,144.255355102856,594.287849478976,908.942140503003,"GLMM"
"1501",94,"Gniby","fertilized",NA,"s3",640.387499999999,45.4546883537672,145,556.56524900606,736.833912804685,"ANOVA"
"1502",94,"Gniby","fertilized",NA,"s3",734.964808667971,79.0013504230741,144.255355102856,594.287849478976,908.942140503003,"GLMM"
"1503",94,"Gniby","fertilized",135,"s4",640.387499999999,45.4546883537672,145,556.56524900606,736.833912804685,"ANOVA"
"1504",94,"Gniby","fertilized",135,"s4",734.964808667971,79.0013504230741,144.255355102856,594.287849478976,908.942140503003,"GLMM"
"1505",95,"Gniby","control",NA,"s1",284.925373134328,22.1891213089035,145,244.277931123326,332.336481983508,"ANOVA"
"1506",95,"Gniby","control",NA,"s1",325.096233999814,36.9627286153654,144.255355102856,259.66500688176,407.015033061375,"GLMM"
"1507",95,"Gniby","control",NA,"s2",284.925373134328,22.1891213089035,145,244.277931123326,332.336481983508,"ANOVA"
"1508",95,"Gniby","control",NA,"s2",325.096233999814,36.9627286153654,144.255355102856,259.66500688176,407.015033061375,"GLMM"
"1509",95,"Gniby","control",NA,"s3",284.925373134328,22.1891213089035,145,244.277931123326,332.336481983508,"ANOVA"
"1510",95,"Gniby","control",NA,"s3",325.096233999814,36.9627286153654,144.255355102856,259.66500688176,407.015033061375,"GLMM"
"1511",95,"Gniby","control",NA,"s4",284.925373134328,22.1891213089035,145,244.277931123326,332.336481983508,"ANOVA"
"1512",95,"Gniby","control",NA,"s4",325.096233999814,36.9627286153654,144.255355102856,259.66500688176,407.015033061375,"GLMM"
"1513",95,"Gniby","fertilized",NA,"s1",640.387499999999,45.4546883537672,145,556.56524900606,736.833912804685,"ANOVA"
"1514",95,"Gniby","fertilized",NA,"s1",734.964808667971,79.0013504230741,144.255355102856,594.287849478976,908.942140503003,"GLMM"
"1515",95,"Gniby","fertilized",NA,"s2",640.387499999999,45.4546883537672,145,556.56524900606,736.833912804685,"ANOVA"
"1516",95,"Gniby","fertilized",NA,"s2",734.964808667971,79.0013504230741,144.255355102856,594.287849478976,908.942140503003,"GLMM"
"1517",95,"Gniby","fertilized",NA,"s3",640.387499999999,45.4546883537672,145,556.56524900606,736.833912804685,"ANOVA"
"1518",95,"Gniby","fertilized",NA,"s3",734.964808667971,79.0013504230741,144.255355102856,594.287849478976,908.942140503003,"GLMM"
"1519",95,"Gniby","fertilized",NA,"s4",640.387499999999,45.4546883537672,145,556.56524900606,736.833912804685,"ANOVA"
"1520",95,"Gniby","fertilized",NA,"s4",734.964808667971,79.0013504230741,144.255355102856,594.287849478976,908.942140503003,"GLMM"
"1521",96,"Gniby","control",NA,"s1",284.925373134328,22.1891213089035,145,244.277931123326,332.336481983508,"ANOVA"
"1522",96,"Gniby","control",NA,"s1",325.096233999814,36.9627286153654,144.255355102856,259.66500688176,407.015033061375,"GLMM"
"1523",96,"Gniby","control",NA,"s2",284.925373134328,22.1891213089035,145,244.277931123326,332.336481983508,"ANOVA"
"1524",96,"Gniby","control",NA,"s2",325.096233999814,36.9627286153654,144.255355102856,259.66500688176,407.015033061375,"GLMM"
"1525",96,"Gniby","control",NA,"s3",284.925373134328,22.1891213089035,145,244.277931123326,332.336481983508,"ANOVA"
"1526",96,"Gniby","control",NA,"s3",325.096233999814,36.9627286153654,144.255355102856,259.66500688176,407.015033061375,"GLMM"
"1527",96,"Gniby","control",50,"s4",284.925373134328,22.1891213089035,145,244.277931123326,332.336481983508,"ANOVA"
"1528",96,"Gniby","control",50,"s4",325.096233999814,36.9627286153654,144.255355102856,259.66500688176,407.015033061375,"GLMM"
"1529",96,"Gniby","fertilized",NA,"s1",640.387499999999,45.4546883537672,145,556.56524900606,736.833912804685,"ANOVA"
"1530",96,"Gniby","fertilized",NA,"s1",734.964808667971,79.0013504230741,144.255355102856,594.287849478976,908.942140503003,"GLMM"
"1531",96,"Gniby","fertilized",NA,"s2",640.387499999999,45.4546883537672,145,556.56524900606,736.833912804685,"ANOVA"
"1532",96,"Gniby","fertilized",NA,"s2",734.964808667971,79.0013504230741,144.255355102856,594.287849478976,908.942140503003,"GLMM"
"1533",96,"Gniby","fertilized",NA,"s3",640.387499999999,45.4546883537672,145,556.56524900606,736.833912804685,"ANOVA"
"1534",96,"Gniby","fertilized",NA,"s3",734.964808667971,79.0013504230741,144.255355102856,594.287849478976,908.942140503003,"GLMM"
"1535",96,"Gniby","fertilized",190,"s4",640.387499999999,45.4546883537672,145,556.56524900606,736.833912804685,"ANOVA"
"1536",96,"Gniby","fertilized",190,"s4",734.964808667971,79.0013504230741,144.255355102856,594.287849478976,908.942140503003,"GLMM"
"1537",97,"Gniby","control",NA,"s1",284.925373134328,22.1891213089035,145,244.277931123326,332.336481983508,"ANOVA"
"1538",97,"Gniby","control",NA,"s1",325.096233999814,36.9627286153654,144.255355102856,259.66500688176,407.015033061375,"GLMM"
"1539",97,"Gniby","control",NA,"s2",284.925373134328,22.1891213089035,145,244.277931123326,332.336481983508,"ANOVA"
"1540",97,"Gniby","control",NA,"s2",325.096233999814,36.9627286153654,144.255355102856,259.66500688176,407.015033061375,"GLMM"
"1541",97,"Gniby","control",NA,"s3",284.925373134328,22.1891213089035,145,244.277931123326,332.336481983508,"ANOVA"
"1542",97,"Gniby","control",NA,"s3",325.096233999814,36.9627286153654,144.255355102856,259.66500688176,407.015033061375,"GLMM"
"1543",97,"Gniby","control",NA,"s4",284.925373134328,22.1891213089035,145,244.277931123326,332.336481983508,"ANOVA"
"1544",97,"Gniby","control",NA,"s4",325.096233999814,36.9627286153654,144.255355102856,259.66500688176,407.015033061375,"GLMM"
"1545",97,"Gniby","fertilized",NA,"s1",640.387499999999,45.4546883537672,145,556.56524900606,736.833912804685,"ANOVA"
"1546",97,"Gniby","fertilized",NA,"s1",734.964808667971,79.0013504230741,144.255355102856,594.287849478976,908.942140503003,"GLMM"
"1547",97,"Gniby","fertilized",NA,"s2",640.387499999999,45.4546883537672,145,556.56524900606,736.833912804685,"ANOVA"
"1548",97,"Gniby","fertilized",NA,"s2",734.964808667971,79.0013504230741,144.255355102856,594.287849478976,908.942140503003,"GLMM"
"1549",97,"Gniby","fertilized",NA,"s3",640.387499999999,45.4546883537672,145,556.56524900606,736.833912804685,"ANOVA"
"1550",97,"Gniby","fertilized",NA,"s3",734.964808667971,79.0013504230741,144.255355102856,594.287849478976,908.942140503003,"GLMM"
"1551",97,"Gniby","fertilized",262,"s4",640.387499999999,45.4546883537672,145,556.56524900606,736.833912804685,"ANOVA"
"1552",97,"Gniby","fertilized",262,"s4",734.964808667971,79.0013504230741,144.255355102856,594.287849478976,908.942140503003,"GLMM"
"1553",98,"Gniby","control",NA,"s1",284.925373134328,22.1891213089035,145,244.277931123326,332.336481983508,"ANOVA"
"1554",98,"Gniby","control",NA,"s1",325.096233999814,36.9627286153654,144.255355102856,259.66500688176,407.015033061375,"GLMM"
"1555",98,"Gniby","control",NA,"s2",284.925373134328,22.1891213089035,145,244.277931123326,332.336481983508,"ANOVA"
"1556",98,"Gniby","control",NA,"s2",325.096233999814,36.9627286153654,144.255355102856,259.66500688176,407.015033061375,"GLMM"
"1557",98,"Gniby","control",NA,"s3",284.925373134328,22.1891213089035,145,244.277931123326,332.336481983508,"ANOVA"
"1558",98,"Gniby","control",NA,"s3",325.096233999814,36.9627286153654,144.255355102856,259.66500688176,407.015033061375,"GLMM"
"1559",98,"Gniby","control",160,"s4",284.925373134328,22.1891213089035,145,244.277931123326,332.336481983508,"ANOVA"
"1560",98,"Gniby","control",160,"s4",325.096233999814,36.9627286153654,144.255355102856,259.66500688176,407.015033061375,"GLMM"
"1561",98,"Gniby","fertilized",NA,"s1",640.387499999999,45.4546883537672,145,556.56524900606,736.833912804685,"ANOVA"
"1562",98,"Gniby","fertilized",NA,"s1",734.964808667971,79.0013504230741,144.255355102856,594.287849478976,908.942140503003,"GLMM"
"1563",98,"Gniby","fertilized",NA,"s2",640.387499999999,45.4546883537672,145,556.56524900606,736.833912804685,"ANOVA"
"1564",98,"Gniby","fertilized",NA,"s2",734.964808667971,79.0013504230741,144.255355102856,594.287849478976,908.942140503003,"GLMM"
"1565",98,"Gniby","fertilized",NA,"s3",640.387499999999,45.4546883537672,145,556.56524900606,736.833912804685,"ANOVA"
"1566",98,"Gniby","fertilized",NA,"s3",734.964808667971,79.0013504230741,144.255355102856,594.287849478976,908.942140503003,"GLMM"
"1567",98,"Gniby","fertilized",720,"s4",640.387499999999,45.4546883537672,145,556.56524900606,736.833912804685,"ANOVA"
"1568",98,"Gniby","fertilized",720,"s4",734.964808667971,79.0013504230741,144.255355102856,594.287849478976,908.942140503003,"GLMM"
"1569",99,"Gniby","control",NA,"s1",284.925373134328,22.1891213089035,145,244.277931123326,332.336481983508,"ANOVA"
"1570",99,"Gniby","control",NA,"s1",325.096233999814,36.9627286153654,144.255355102856,259.66500688176,407.015033061375,"GLMM"
"1571",99,"Gniby","control",NA,"s2",284.925373134328,22.1891213089035,145,244.277931123326,332.336481983508,"ANOVA"
"1572",99,"Gniby","control",NA,"s2",325.096233999814,36.9627286153654,144.255355102856,259.66500688176,407.015033061375,"GLMM"
"1573",99,"Gniby","control",NA,"s3",284.925373134328,22.1891213089035,145,244.277931123326,332.336481983508,"ANOVA"
"1574",99,"Gniby","control",NA,"s3",325.096233999814,36.9627286153654,144.255355102856,259.66500688176,407.015033061375,"GLMM"
"1575",99,"Gniby","control",140,"s4",284.925373134328,22.1891213089035,145,244.277931123326,332.336481983508,"ANOVA"
"1576",99,"Gniby","control",140,"s4",325.096233999814,36.9627286153654,144.255355102856,259.66500688176,407.015033061375,"GLMM"
"1577",99,"Gniby","fertilized",NA,"s1",640.387499999999,45.4546883537672,145,556.56524900606,736.833912804685,"ANOVA"
"1578",99,"Gniby","fertilized",NA,"s1",734.964808667971,79.0013504230741,144.255355102856,594.287849478976,908.942140503003,"GLMM"
"1579",99,"Gniby","fertilized",NA,"s2",640.387499999999,45.4546883537672,145,556.56524900606,736.833912804685,"ANOVA"
"1580",99,"Gniby","fertilized",NA,"s2",734.964808667971,79.0013504230741,144.255355102856,594.287849478976,908.942140503003,"GLMM"
"1581",99,"Gniby","fertilized",NA,"s3",640.387499999999,45.4546883537672,145,556.56524900606,736.833912804685,"ANOVA"
"1582",99,"Gniby","fertilized",NA,"s3",734.964808667971,79.0013504230741,144.255355102856,594.287849478976,908.942140503003,"GLMM"
"1583",99,"Gniby","fertilized",780,"s4",640.387499999999,45.4546883537672,145,556.56524900606,736.833912804685,"ANOVA"
"1584",99,"Gniby","fertilized",780,"s4",734.964808667971,79.0013504230741,144.255355102856,594.287849478976,908.942140503003,"GLMM"
"1585",100,"Gniby","control",NA,"s1",284.925373134328,22.1891213089035,145,244.277931123326,332.336481983508,"ANOVA"
"1586",100,"Gniby","control",NA,"s1",325.096233999814,36.9627286153654,144.255355102856,259.66500688176,407.015033061375,"GLMM"
"1587",100,"Gniby","control",NA,"s2",284.925373134328,22.1891213089035,145,244.277931123326,332.336481983508,"ANOVA"
"1588",100,"Gniby","control",NA,"s2",325.096233999814,36.9627286153654,144.255355102856,259.66500688176,407.015033061375,"GLMM"
"1589",100,"Gniby","control",NA,"s3",284.925373134328,22.1891213089035,145,244.277931123326,332.336481983508,"ANOVA"
"1590",100,"Gniby","control",NA,"s3",325.096233999814,36.9627286153654,144.255355102856,259.66500688176,407.015033061375,"GLMM"
"1591",100,"Gniby","control",100,"s4",284.925373134328,22.1891213089035,145,244.277931123326,332.336481983508,"ANOVA"
"1592",100,"Gniby","control",100,"s4",325.096233999814,36.9627286153654,144.255355102856,259.66500688176,407.015033061375,"GLMM"
"1593",100,"Gniby","fertilized",NA,"s1",640.387499999999,45.4546883537672,145,556.56524900606,736.833912804685,"ANOVA"
"1594",100,"Gniby","fertilized",NA,"s1",734.964808667971,79.0013504230741,144.255355102856,594.287849478976,908.942140503003,"GLMM"
"1595",100,"Gniby","fertilized",NA,"s2",640.387499999999,45.4546883537672,145,556.56524900606,736.833912804685,"ANOVA"
"1596",100,"Gniby","fertilized",NA,"s2",734.964808667971,79.0013504230741,144.255355102856,594.287849478976,908.942140503003,"GLMM"
"1597",100,"Gniby","fertilized",NA,"s3",640.387499999999,45.4546883537672,145,556.56524900606,736.833912804685,"ANOVA"
"1598",100,"Gniby","fertilized",NA,"s3",734.964808667971,79.0013504230741,144.255355102856,594.287849478976,908.942140503003,"GLMM"
"1599",100,"Gniby","fertilized",320,"s4",640.387499999999,45.4546883537672,145,556.56524900606,736.833912804685,"ANOVA"
"1600",100,"Gniby","fertilized",320,"s4",734.964808667971,79.0013504230741,144.255355102856,594.287849478976,908.942140503003,"GLMM"
